is_defect_prone,filepath,filename,directory,file_ext,language,loc,v(g),ev(g),iv(g),n,v,l,d,i,e,b,t,lOCode,lOComment,lOBlank,locCodeAndComment,uniq_Op,uniq_Opnd,total_Op,total_Opnd,branchCount,total_commits,total_authors,total_churn,avg_churn,max_churn,lines_added,lines_deleted,avg_loc,max_loc,min_loc,loc_var,avg_cc,sum_cc,churn_per_loc,add_del_ratio,loc_range,cyclomatic_complexity,num_functions,num_classes,comment_lines,blank_lines,code_lines,comment_ratio,avg_func_complexity,max_nesting,long_methods,complexity_per_loc,churn_density,author_diversity,commit_frequency,defect_commits,first_seen,last_seen,dataset_name,task_type
0,record_0,record_0,.,,Unknown,1.1,1.4,1.4,1.4,1.3,1.3,1.3,1.3,1.3,1.3,1.3,1.3,2.0,2.0,2.0,2.0,1.2,1.2,1.2,1.2,1.4,1,1,0,0,0,0,0,0,0,0,0,0,0,0,1,0,1,0,0,0,0,0,0,0,0,0,0,0,1,0,0,,,kc1,traditional_file
1,record_1,record_1,.,,Unknown,1.0,1.0,1.0,1.0,1.0,1.0,1.0,1.0,1.0,1.0,1.0,1.0,1.0,1.0,1.0,1.0,1.0,1.0,1.0,1.0,1.0,1,1,0,0,0,0,0,0,0,0,0,0,0,0,1,0,1,0,0,0,0,0,0,0,0,0,0,0,1,0,0,,,kc1,traditional_file
1,record_2,record_2,.,,Unknown,83.0,11.0,1.0,11.0,171.0,927.89,0.04,23.04,40.27,21378.61,0.31,1187.7,65.0,10.0,6.0,0.0,18.0,25.0,107.0,64.0,21.0,1,1,0,0,0,0,0,0,0,0,0,0,0,0,1,0,1,0,0,0,0,0,0,0,0,0,0,0,1,0,0,,,kc1,traditional_file
1,record_3,record_3,.,,Unknown,46.0,8.0,6.0,8.0,141.0,769.78,0.07,14.86,51.81,11436.73,0.26,635.37,37.0,2.0,5.0,0.0,16.0,28.0,89.0,52.0,15.0,1,1,0,0,0,0,0,0,0,0,0,0,0,0,1,0,1,0,0,0,0,0,0,0,0,0,0,0,1,0,0,,,kc1,traditional_file
1,record_4,record_4,.,,Unknown,25.0,3.0,1.0,3.0,58.0,254.75,0.11,9.35,27.25,2381.95,0.08,132.33,21.0,0.0,2.0,0.0,11.0,10.0,41.0,17.0,5.0,1,1,0,0,0,0,0,0,0,0,0,0,0,0,1,0,1,0,0,0,0,0,0,0,0,0,0,0,1,0,0,,,kc1,traditional_file
1,record_5,record_5,.,,Unknown,43.0,3.0,1.0,3.0,115.0,569.73,0.09,11.27,50.53,6423.73,0.19,356.87,35.0,2.0,4.0,0.0,11.0,20.0,74.0,41.0,5.0,1,1,0,0,0,0,0,0,0,0,0,0,0,0,1,0,1,0,0,0,0,0,0,0,0,0,0,0,1,0,0,,,kc1,traditional_file
1,record_6,record_6,.,,Unknown,48.0,6.0,1.0,6.0,149.0,751.61,0.06,15.43,48.72,11596.34,0.25,644.24,41.0,2.0,2.0,0.0,12.0,21.0,95.0,54.0,11.0,1,1,0,0,0,0,0,0,0,0,0,0,0,0,1,0,1,0,0,0,0,0,0,0,0,0,0,0,1,0,0,,,kc1,traditional_file
1,record_7,record_7,.,,Unknown,69.0,12.0,1.0,12.0,231.0,1212.27,0.04,27.27,44.45,33061.94,0.4,1836.77,62.0,3.0,2.0,0.0,16.0,22.0,156.0,75.0,23.0,1,1,0,0,0,0,0,0,0,0,0,0,0,0,1,0,1,0,0,0,0,0,0,0,0,0,0,0,1,0,0,,,kc1,traditional_file
1,record_8,record_8,.,,Unknown,47.0,6.0,1.0,6.0,149.0,745.0,0.06,16.2,45.99,12069.0,0.25,670.5,41.0,2.0,1.0,0.0,12.0,20.0,95.0,54.0,11.0,1,1,0,0,0,0,0,0,0,0,0,0,0,0,1,0,1,0,0,0,0,0,0,0,0,0,0,0,1,0,0,,,kc1,traditional_file
1,record_9,record_9,.,,Unknown,48.0,7.0,1.0,7.0,155.0,801.34,0.06,17.82,44.97,14278.39,0.27,793.24,42.0,2.0,1.0,0.0,14.0,22.0,99.0,56.0,13.0,1,1,0,0,0,0,0,0,0,0,0,0,0,0,1,0,1,0,0,0,0,0,0,0,0,0,0,0,1,0,0,,,kc1,traditional_file
1,record_10,record_10,.,,Unknown,58.0,9.0,1.0,9.0,193.0,1027.13,0.05,20.7,49.62,21261.63,0.34,1181.2,50.0,2.0,2.0,0.0,15.0,25.0,124.0,69.0,17.0,1,1,0,0,0,0,0,0,0,0,0,0,0,0,1,0,1,0,0,0,0,0,0,0,0,0,0,0,1,0,0,,,kc1,traditional_file
1,record_11,record_11,.,,Unknown,65.0,6.0,1.0,5.0,155.0,801.34,0.05,19.73,40.62,15808.22,0.27,878.23,54.0,4.0,5.0,0.0,14.0,22.0,93.0,62.0,11.0,1,1,0,0,0,0,0,0,0,0,0,0,0,0,1,0,1,0,0,0,0,0,0,0,0,0,0,0,1,0,0,,,kc1,traditional_file
1,record_12,record_12,.,,Unknown,116.0,11.0,4.0,8.0,289.0,1700.08,0.04,26.6,63.91,45222.23,0.57,2512.35,88.0,14.0,12.0,0.0,19.0,40.0,177.0,112.0,21.0,1,1,0,0,0,0,0,0,0,0,0,0,0,0,1,0,1,0,0,0,0,0,0,0,0,0,0,0,1,0,0,,,kc1,traditional_file
1,record_13,record_13,.,,Unknown,24.0,4.0,1.0,4.0,74.0,347.83,0.09,11.37,30.6,3953.7,0.12,219.65,20.0,0.0,0.0,0.0,11.0,15.0,43.0,31.0,7.0,1,1,0,0,0,0,0,0,0,0,0,0,0,0,1,0,1,0,0,0,0,0,0,0,0,0,0,0,1,0,0,,,kc1,traditional_file
1,record_14,record_14,.,,Unknown,77.0,19.0,12.0,19.0,231.0,1245.63,0.03,29.25,42.59,36434.54,0.42,2024.14,61.0,7.0,7.0,0.0,18.0,24.0,153.0,78.0,37.0,1,1,0,0,0,0,0,0,0,0,0,0,0,0,1,0,1,0,0,0,0,0,0,0,0,0,0,0,1,0,0,,,kc1,traditional_file
1,record_15,record_15,.,,Unknown,9.0,1.0,1.0,1.0,13.0,46.6,0.29,3.5,13.32,163.12,0.02,9.06,5.0,0.0,0.0,0.0,7.0,5.0,8.0,5.0,1.0,1,1,0,0,0,0,0,0,0,0,0,0,0,0,1,0,1,0,0,0,0,0,0,0,0,0,0,0,1,0,0,,,kc1,traditional_file
1,record_16,record_16,.,,Unknown,16.0,2.0,1.0,2.0,43.0,191.76,0.18,5.43,35.32,1040.96,0.06,57.83,13.0,0.0,1.0,0.0,8.0,14.0,24.0,19.0,3.0,1,1,0,0,0,0,0,0,0,0,0,0,0,0,1,0,1,0,0,0,0,0,0,0,0,0,0,0,1,0,0,,,kc1,traditional_file
1,record_17,record_17,.,,Unknown,93.0,7.0,3.0,6.0,257.0,1499.05,0.03,29.86,50.21,44757.43,0.5,2486.52,71.0,4.0,15.0,0.0,22.0,35.0,162.0,95.0,12.0,1,1,0,0,0,0,0,0,0,0,0,0,0,0,1,0,1,0,0,0,0,0,0,0,0,0,0,0,1,0,0,,,kc1,traditional_file
1,record_18,record_18,.,,Unknown,23.0,1.0,1.0,1.0,67.0,307.19,0.21,4.74,64.87,1454.65,0.1,80.81,18.0,0.0,1.0,0.0,7.0,17.0,44.0,23.0,1.0,1,1,0,0,0,0,0,0,0,0,0,0,0,0,1,0,1,0,0,0,0,0,0,0,0,0,0,0,1,0,0,,,kc1,traditional_file
1,record_19,record_19,.,,Unknown,30.0,1.0,1.0,1.0,21.0,85.84,0.3,3.33,25.75,286.12,0.03,15.9,18.0,0.0,1.0,0.0,5.0,12.0,5.0,16.0,1.0,1,1,0,0,0,0,0,0,0,0,0,0,0,0,1,0,1,0,0,0,0,0,0,0,0,0,0,0,1,0,0,,,kc1,traditional_file
1,record_20,record_20,.,,Unknown,30.0,1.0,1.0,1.0,54.0,108.0,0.03,39.0,2.77,4212.0,0.04,234.0,28.0,0.0,0.0,0.0,3.0,1.0,28.0,26.0,1.0,1,1,0,0,0,0,0,0,0,0,0,0,0,0,1,0,1,0,0,0,0,0,0,0,0,0,0,0,1,0,0,,,kc1,traditional_file
1,record_21,record_21,.,,Unknown,35.0,3.0,1.0,3.0,108.0,529.94,0.08,13.0,40.76,6889.27,0.18,382.74,30.0,0.0,3.0,0.0,12.0,18.0,69.0,39.0,5.0,1,1,0,0,0,0,0,0,0,0,0,0,0,0,1,0,1,0,0,0,0,0,0,0,0,0,0,0,1,0,0,,,kc1,traditional_file
1,record_22,record_22,.,,Unknown,25.0,4.0,1.0,4.0,57.0,232.99,0.07,13.5,17.26,3145.3,0.08,174.74,20.0,0.0,3.0,0.0,9.0,8.0,33.0,24.0,7.0,1,1,0,0,0,0,0,0,0,0,0,0,0,0,1,0,1,0,0,0,0,0,0,0,0,0,0,0,1,0,0,,,kc1,traditional_file
1,record_23,record_23,.,,Unknown,20.0,7.0,7.0,3.0,54.0,240.81,0.1,9.58,25.13,2307.76,0.08,128.21,14.0,0.0,1.0,0.0,10.0,12.0,31.0,23.0,13.0,1,1,0,0,0,0,0,0,0,0,0,0,0,0,1,0,1,0,0,0,0,0,0,0,0,0,0,0,1,0,0,,,kc1,traditional_file
1,record_24,record_24,.,,Unknown,119.0,14.0,1.0,14.0,289.0,1605.28,0.03,30.72,52.25,49320.73,0.54,2740.04,85.0,26.0,6.0,0.0,18.0,29.0,190.0,99.0,27.0,1,1,0,0,0,0,0,0,0,0,0,0,0,0,1,0,1,0,0,0,0,0,0,0,0,0,0,0,1,0,0,,,kc1,traditional_file
1,record_25,record_25,.,,Unknown,35.0,4.0,1.0,4.0,78.0,362.22,0.07,14.31,25.32,5182.54,0.12,287.92,31.0,0.0,2.0,0.0,12.0,13.0,47.0,31.0,7.0,1,1,0,0,0,0,0,0,0,0,0,0,0,0,1,0,1,0,0,0,0,0,0,0,0,0,0,0,1,0,0,,,kc1,traditional_file
1,record_26,record_26,.,,Unknown,33.0,4.0,1.0,4.0,73.0,334.7,0.07,14.5,23.08,4853.18,0.11,269.62,30.0,0.0,1.0,0.0,12.0,12.0,44.0,29.0,7.0,1,1,0,0,0,0,0,0,0,0,0,0,0,0,1,0,1,0,0,0,0,0,0,0,0,0,0,0,1,0,0,,,kc1,traditional_file
1,record_27,record_27,.,,Unknown,17.0,2.0,1.0,2.0,25.0,92.51,0.16,6.4,14.45,592.07,0.03,32.89,12.0,0.0,3.0,0.0,8.0,5.0,17.0,8.0,3.0,1,1,0,0,0,0,0,0,0,0,0,0,0,0,1,0,1,0,0,0,0,0,0,0,0,0,0,0,1,0,0,,,kc1,traditional_file
1,record_28,record_28,.,,Unknown,44.0,3.0,1.0,3.0,127.0,603.87,0.06,16.0,37.74,9661.93,0.2,536.77,38.0,2.0,2.0,0.0,12.0,15.0,87.0,40.0,5.0,1,1,0,0,0,0,0,0,0,0,0,0,0,0,1,0,1,0,0,0,0,0,0,0,0,0,0,0,1,0,0,,,kc1,traditional_file
1,record_29,record_29,.,,Unknown,84.0,15.0,9.0,15.0,230.0,1347.34,0.04,25.26,53.35,34029.33,0.45,1890.52,72.0,0.0,10.0,0.0,21.0,37.0,141.0,89.0,29.0,1,1,0,0,0,0,0,0,0,0,0,0,0,0,1,0,1,0,0,0,0,0,0,0,0,0,0,0,1,0,0,,,kc1,traditional_file
1,record_30,record_30,.,,Unknown,56.0,3.0,1.0,3.0,150.0,769.39,0.07,14.09,54.62,10838.4,0.26,602.13,43.0,3.0,4.0,0.0,12.0,23.0,96.0,54.0,5.0,1,1,0,0,0,0,0,0,0,0,0,0,0,0,1,0,1,0,0,0,0,0,0,0,0,0,0,0,1,0,0,,,kc1,traditional_file
1,record_31,record_31,.,,Unknown,58.0,3.0,1.0,3.0,191.0,1016.49,0.05,21.0,48.4,21346.25,0.34,1185.9,46.0,2.0,3.0,0.0,15.0,25.0,121.0,70.0,5.0,1,1,0,0,0,0,0,0,0,0,0,0,0,0,1,0,1,0,0,0,0,0,0,0,0,0,0,0,1,0,0,,,kc1,traditional_file
1,record_32,record_32,.,,Unknown,78.0,7.0,1.0,6.0,213.0,1189.6,0.06,17.71,67.19,21062.86,0.4,1170.16,66.0,4.0,6.0,0.0,14.0,34.0,127.0,86.0,13.0,1,1,0,0,0,0,0,0,0,0,0,0,0,0,1,0,1,0,0,0,0,0,0,0,0,0,0,0,1,0,0,,,kc1,traditional_file
1,record_33,record_33,.,,Unknown,75.0,8.0,3.0,8.0,250.0,1356.57,0.03,29.1,46.62,39470.86,0.45,2192.83,63.0,5.0,5.0,0.0,17.0,26.0,161.0,89.0,15.0,1,1,0,0,0,0,0,0,0,0,0,0,0,0,1,0,1,0,0,0,0,0,0,0,0,0,0,0,1,0,0,,,kc1,traditional_file
1,record_34,record_34,.,,Unknown,12.0,1.0,1.0,1.0,22.0,76.11,0.3,3.33,22.83,253.69,0.03,14.09,6.0,1.0,3.0,0.0,5.0,6.0,14.0,8.0,1.0,1,1,0,0,0,0,0,0,0,0,0,0,0,0,1,0,1,0,0,0,0,0,0,0,0,0,0,0,1,0,0,,,kc1,traditional_file
1,record_35,record_35,.,,Unknown,11.0,1.0,1.0,1.0,22.0,76.11,0.3,3.33,22.83,253.69,0.03,14.09,6.0,1.0,2.0,0.0,5.0,6.0,14.0,8.0,1.0,1,1,0,0,0,0,0,0,0,0,0,0,0,0,1,0,1,0,0,0,0,0,0,0,0,0,0,0,1,0,0,,,kc1,traditional_file
1,record_36,record_36,.,,Unknown,69.0,10.0,1.0,10.0,199.0,1059.06,0.04,25.0,42.36,26476.59,0.35,1470.92,54.0,7.0,6.0,0.0,16.0,24.0,124.0,75.0,19.0,1,1,0,0,0,0,0,0,0,0,0,0,0,0,1,0,1,0,0,0,0,0,0,0,0,0,0,0,1,0,0,,,kc1,traditional_file
1,record_37,record_37,.,,Unknown,39.0,5.0,3.0,5.0,86.0,430.0,0.09,11.67,36.86,5016.67,0.14,278.7,33.0,1.0,1.0,0.0,14.0,18.0,56.0,30.0,8.0,1,1,0,0,0,0,0,0,0,0,0,0,0,0,1,0,1,0,0,0,0,0,0,0,0,0,0,0,1,0,0,,,kc1,traditional_file
1,record_38,record_38,.,,Unknown,53.0,5.0,1.0,5.0,113.0,579.61,0.1,9.65,60.05,5594.49,0.19,310.8,47.0,0.0,0.0,0.0,12.0,23.0,76.0,37.0,8.0,1,1,0,0,0,0,0,0,0,0,0,0,0,0,1,0,1,0,0,0,0,0,0,0,0,0,0,0,1,0,0,,,kc1,traditional_file
1,record_39,record_39,.,,Unknown,52.0,5.0,1.0,5.0,107.0,544.36,0.1,9.82,55.44,5344.61,0.18,296.92,46.0,0.0,1.0,0.0,12.0,22.0,71.0,36.0,8.0,1,1,0,0,0,0,0,0,0,0,0,0,0,0,1,0,1,0,0,0,0,0,0,0,0,0,0,0,1,0,0,,,kc1,traditional_file
1,record_40,record_40,.,,Unknown,30.0,2.0,1.0,2.0,74.0,330.0,0.08,12.5,26.4,4124.97,0.11,229.17,24.0,2.0,2.0,0.0,10.0,12.0,44.0,30.0,3.0,1,1,0,0,0,0,0,0,0,0,0,0,0,0,1,0,1,0,0,0,0,0,0,0,0,0,0,0,1,0,0,,,kc1,traditional_file
1,record_41,record_41,.,,Unknown,27.0,3.0,1.0,3.0,77.0,394.95,0.14,7.1,55.59,2805.82,0.13,155.88,22.0,0.0,3.0,0.0,11.0,24.0,46.0,31.0,5.0,1,1,0,0,0,0,0,0,0,0,0,0,0,0,1,0,1,0,0,0,0,0,0,0,0,0,0,0,1,0,0,,,kc1,traditional_file
1,record_42,record_42,.,,Unknown,47.0,7.0,1.0,6.0,105.0,525.0,0.08,12.05,43.58,6323.86,0.18,351.33,43.0,0.0,2.0,0.0,10.0,22.0,52.0,53.0,13.0,1,1,0,0,0,0,0,0,0,0,0,0,0,0,1,0,1,0,0,0,0,0,0,0,0,0,0,0,1,0,0,,,kc1,traditional_file
1,record_43,record_43,.,,Unknown,49.0,7.0,1.0,6.0,110.0,554.88,0.08,12.17,45.58,6755.1,0.18,375.28,44.0,0.0,3.0,0.0,10.0,23.0,54.0,56.0,13.0,1,1,0,0,0,0,0,0,0,0,0,0,0,0,1,0,1,0,0,0,0,0,0,0,0,0,0,0,1,0,0,,,kc1,traditional_file
1,record_44,record_44,.,,Unknown,7.0,1.0,1.0,1.0,14.0,50.19,0.33,3.0,16.73,150.57,0.02,8.36,4.0,0.0,0.0,0.0,6.0,6.0,8.0,6.0,1.0,1,1,0,0,0,0,0,0,0,0,0,0,0,0,1,0,1,0,0,0,0,0,0,0,0,0,0,0,1,0,0,,,kc1,traditional_file
1,record_45,record_45,.,,Unknown,66.0,12.0,5.0,12.0,177.0,922.07,0.05,20.45,45.08,18860.59,0.31,1047.81,55.0,4.0,5.0,0.0,15.0,22.0,117.0,60.0,23.0,1,1,0,0,0,0,0,0,0,0,0,0,0,0,1,0,1,0,0,0,0,0,0,0,0,0,0,0,1,0,0,,,kc1,traditional_file
1,record_46,record_46,.,,Unknown,14.0,1.0,1.0,1.0,29.0,118.54,0.18,5.63,21.07,666.77,0.04,37.04,7.0,2.0,2.0,0.0,9.0,8.0,19.0,10.0,1.0,1,1,0,0,0,0,0,0,0,0,0,0,0,0,1,0,1,0,0,0,0,0,0,0,0,0,0,0,1,0,0,,,kc1,traditional_file
1,record_47,record_47,.,,Unknown,29.0,3.0,1.0,3.0,64.0,300.83,0.11,9.17,32.82,2757.59,0.1,153.2,25.0,0.0,1.0,0.0,11.0,15.0,39.0,25.0,5.0,1,1,0,0,0,0,0,0,0,0,0,0,0,0,1,0,1,0,0,0,0,0,0,0,0,0,0,0,1,0,0,,,kc1,traditional_file
1,record_48,record_48,.,,Unknown,6.0,1.0,1.0,1.0,14.0,48.43,0.4,2.5,19.37,121.08,0.02,6.73,4.0,0.0,0.0,0.0,5.0,6.0,8.0,6.0,1.0,1,1,0,0,0,0,0,0,0,0,0,0,0,0,1,0,1,0,0,0,0,0,0,0,0,0,0,0,1,0,0,,,kc1,traditional_file
1,record_49,record_49,.,,Unknown,12.0,1.0,1.0,1.0,36.0,140.65,0.19,5.25,26.79,738.4,0.05,41.02,9.0,0.0,0.0,0.0,7.0,8.0,24.0,12.0,1.0,1,1,0,0,0,0,0,0,0,0,0,0,0,0,1,0,1,0,0,0,0,0,0,0,0,0,0,0,1,0,0,,,kc1,traditional_file
1,record_50,record_50,.,,Unknown,38.0,7.0,1.0,7.0,119.0,583.92,0.06,16.0,36.49,9342.72,0.19,519.03,30.0,0.0,6.0,0.0,12.0,18.0,71.0,48.0,13.0,1,1,0,0,0,0,0,0,0,0,0,0,0,0,1,0,1,0,0,0,0,0,0,0,0,0,0,0,1,0,0,,,kc1,traditional_file
1,record_51,record_51,.,,Unknown,132.0,16.0,11.0,13.0,322.0,2052.76,0.03,29.65,69.24,60862.61,0.68,3381.26,101.0,7.0,22.0,0.0,26.0,57.0,192.0,130.0,31.0,1,1,0,0,0,0,0,0,0,0,0,0,0,0,1,0,1,0,0,0,0,0,0,0,0,0,0,0,1,0,0,,,kc1,traditional_file
1,record_52,record_52,.,,Unknown,26.0,4.0,1.0,4.0,81.0,418.76,0.08,11.79,35.53,4935.43,0.14,274.19,24.0,0.0,0.0,0.0,15.0,21.0,48.0,33.0,7.0,1,1,0,0,0,0,0,0,0,0,0,0,0,0,1,0,1,0,0,0,0,0,0,0,0,0,0,0,1,0,0,,,kc1,traditional_file
1,record_53,record_53,.,,Unknown,56.0,5.0,1.0,4.0,178.0,988.72,0.08,13.19,74.95,13042.34,0.33,724.57,48.0,1.0,5.0,0.0,13.0,34.0,109.0,69.0,9.0,1,1,0,0,0,0,0,0,0,0,0,0,0,0,1,0,1,0,0,0,0,0,0,0,0,0,0,0,1,0,0,,,kc1,traditional_file
1,record_54,record_54,.,,Unknown,21.0,1.0,1.0,1.0,76.0,365.36,0.16,6.2,58.93,2265.23,0.12,125.85,14.0,0.0,0.0,0.0,8.0,20.0,45.0,31.0,1.0,1,1,0,0,0,0,0,0,0,0,0,0,0,0,1,0,1,0,0,0,0,0,0,0,0,0,0,0,1,0,0,,,kc1,traditional_file
1,record_55,record_55,.,,Unknown,43.0,6.0,5.0,5.0,95.0,508.97,0.05,18.9,26.93,9619.48,0.17,534.42,30.0,0.0,10.0,0.0,21.0,20.0,59.0,36.0,11.0,1,1,0,0,0,0,0,0,0,0,0,0,0,0,1,0,1,0,0,0,0,0,0,0,0,0,0,0,1,0,0,,,kc1,traditional_file
1,record_56,record_56,.,,Unknown,12.0,4.0,1.0,2.0,44.0,199.04,0.1,9.82,20.27,1954.18,0.07,108.57,10.0,0.0,0.0,0.0,12.0,11.0,26.0,18.0,7.0,1,1,0,0,0,0,0,0,0,0,0,0,0,0,1,0,1,0,0,0,0,0,0,0,0,0,0,0,1,0,0,,,kc1,traditional_file
1,record_57,record_57,.,,Unknown,11.0,1.0,1.0,1.0,26.0,98.99,0.17,6.0,16.5,593.95,0.03,33.0,8.0,0.0,1.0,0.0,8.0,6.0,17.0,9.0,1.0,1,1,0,0,0,0,0,0,0,0,0,0,0,0,1,0,1,0,0,0,0,0,0,0,0,0,0,0,1,0,0,,,kc1,traditional_file
1,record_58,record_58,.,,Unknown,26.0,2.0,1.0,2.0,68.0,319.63,0.14,7.15,44.72,2284.41,0.11,126.91,21.0,0.0,3.0,0.0,9.0,17.0,41.0,27.0,3.0,1,1,0,0,0,0,0,0,0,0,0,0,0,0,1,0,1,0,0,0,0,0,0,0,0,0,0,0,1,0,0,,,kc1,traditional_file
1,record_59,record_59,.,,Unknown,80.0,11.0,1.0,11.0,274.0,1637.77,0.03,28.71,57.05,47016.12,0.55,2612.01,66.0,2.0,10.0,0.0,22.0,41.0,167.0,107.0,21.0,1,1,0,0,0,0,0,0,0,0,0,0,0,0,1,0,1,0,0,0,0,0,0,0,0,0,0,0,1,0,0,,,kc1,traditional_file
1,record_60,record_60,.,,Unknown,63.0,8.0,1.0,8.0,185.0,1069.55,0.04,24.33,43.95,26025.75,0.36,1445.88,52.0,2.0,7.0,0.0,22.0,33.0,112.0,73.0,15.0,1,1,0,0,0,0,0,0,0,0,0,0,0,0,1,0,1,0,0,0,0,0,0,0,0,0,0,0,1,0,0,,,kc1,traditional_file
1,record_61,record_61,.,,Unknown,10.0,2.0,1.0,2.0,23.0,87.57,0.08,12.83,6.82,1123.8,0.03,62.43,8.0,0.0,0.0,0.0,11.0,3.0,16.0,7.0,3.0,1,1,0,0,0,0,0,0,0,0,0,0,0,0,1,0,1,0,0,0,0,0,0,0,0,0,0,0,1,0,0,,,kc1,traditional_file
1,record_62,record_62,.,,Unknown,9.0,2.0,1.0,1.0,31.0,129.27,0.18,5.6,23.08,723.9,0.04,40.22,6.0,0.0,0.0,0.0,8.0,10.0,17.0,14.0,3.0,1,1,0,0,0,0,0,0,0,0,0,0,0,0,1,0,1,0,0,0,0,0,0,0,0,0,0,0,1,0,0,,,kc1,traditional_file
1,record_63,record_63,.,,Unknown,35.0,5.0,1.0,4.0,89.0,448.95,0.05,20.4,22.01,9158.6,0.15,508.81,29.0,1.0,3.0,0.0,18.0,15.0,55.0,34.0,9.0,1,1,0,0,0,0,0,0,0,0,0,0,0,0,1,0,1,0,0,0,0,0,0,0,0,0,0,0,1,0,0,,,kc1,traditional_file
1,record_64,record_64,.,,Unknown,9.0,1.0,1.0,1.0,25.0,92.51,0.4,2.5,37.0,231.28,0.03,12.85,7.0,0.0,0.0,0.0,5.0,8.0,17.0,8.0,1.0,1,1,0,0,0,0,0,0,0,0,0,0,0,0,1,0,1,0,0,0,0,0,0,0,0,0,0,0,1,0,0,,,kc1,traditional_file
1,record_65,record_65,.,,Unknown,16.0,2.0,1.0,2.0,35.0,136.74,0.07,13.75,9.94,1880.19,0.05,104.46,11.0,0.0,1.0,2.0,11.0,4.0,25.0,10.0,3.0,1,1,0,0,0,0,0,0,0,0,0,0,0,0,1,0,1,0,0,0,0,0,0,0,0,0,0,0,1,0,0,,,kc1,traditional_file
1,record_66,record_66,.,,Unknown,5.0,1.0,1.0,1.0,10.0,28.07,0.27,3.75,7.49,105.28,0.01,5.85,3.0,0.0,0.0,0.0,5.0,2.0,7.0,3.0,1.0,1,1,0,0,0,0,0,0,0,0,0,0,0,0,1,0,1,0,0,0,0,0,0,0,0,0,0,0,1,0,0,,,kc1,traditional_file
1,record_67,record_67,.,,Unknown,16.0,1.0,1.0,1.0,28.0,109.39,0.22,4.57,23.93,500.08,0.04,27.78,11.0,1.0,1.0,0.0,8.0,7.0,20.0,8.0,3.0,1,1,0,0,0,0,0,0,0,0,0,0,0,0,1,0,1,0,0,0,0,0,0,0,0,0,0,0,1,0,0,,,kc1,traditional_file
1,record_68,record_68,.,,Unknown,4.0,1.0,1.0,1.0,7.0,19.65,0.33,3.0,6.55,58.95,0.01,3.28,2.0,0.0,0.0,0.0,6.0,1.0,6.0,1.0,1.0,1,1,0,0,0,0,0,0,0,0,0,0,0,0,1,0,1,0,0,0,0,0,0,0,0,0,0,0,1,0,0,,,kc1,traditional_file
1,record_69,record_69,.,,Unknown,12.0,2.0,1.0,2.0,24.0,88.81,0.29,3.43,25.9,304.49,0.03,16.92,8.0,2.0,0.0,0.0,6.0,7.0,16.0,8.0,3.0,1,1,0,0,0,0,0,0,0,0,0,0,0,0,1,0,1,0,0,0,0,0,0,0,0,0,0,0,1,0,0,,,kc1,traditional_file
1,record_70,record_70,.,,Unknown,8.0,2.0,1.0,1.0,20.0,74.01,0.19,5.25,14.1,388.55,0.02,21.59,5.0,0.0,0.0,0.0,7.0,6.0,11.0,9.0,3.0,1,1,0,0,0,0,0,0,0,0,0,0,0,0,1,0,1,0,0,0,0,0,0,0,0,0,0,0,1,0,0,,,kc1,traditional_file
1,record_71,record_71,.,,Unknown,4.0,1.0,1.0,1.0,5.0,11.61,0.5,2.0,5.8,23.22,0.0,1.29,2.0,0.0,0.0,0.0,4.0,1.0,4.0,1.0,1.0,1,1,0,0,0,0,0,0,0,0,0,0,0,0,1,0,1,0,0,0,0,0,0,0,0,0,0,0,1,0,0,,,kc1,traditional_file
1,record_72,record_72,.,,Unknown,14.0,2.0,1.0,2.0,29.0,120.93,0.15,6.87,17.59,831.38,0.04,46.19,11.0,1.0,0.0,0.0,10.0,8.0,18.0,11.0,3.0,1,1,0,0,0,0,0,0,0,0,0,0,0,0,1,0,1,0,0,0,0,0,0,0,0,0,0,0,1,0,0,,,kc1,traditional_file
1,record_73,record_73,.,,Unknown,56.0,3.0,1.0,2.0,101.0,537.51,0.13,7.5,71.67,4031.36,0.18,223.96,33.0,5.0,14.0,0.0,10.0,30.0,56.0,45.0,5.0,1,1,0,0,0,0,0,0,0,0,0,0,0,0,1,0,1,0,0,0,0,0,0,0,0,0,0,0,1,0,0,,,kc1,traditional_file
1,record_74,record_74,.,,Unknown,30.0,2.0,1.0,2.0,55.0,248.8,0.11,9.17,27.14,2280.63,0.08,126.7,21.0,0.0,4.0,0.0,11.0,12.0,35.0,20.0,3.0,1,1,0,0,0,0,0,0,0,0,0,0,0,0,1,0,1,0,0,0,0,0,0,0,0,0,0,0,1,0,0,,,kc1,traditional_file
1,record_75,record_75,.,,Unknown,52.0,8.0,1.0,8.0,247.0,1440.72,0.04,23.08,62.43,33247.47,0.48,1847.08,45.0,0.0,2.0,3.0,18.0,39.0,147.0,100.0,15.0,1,1,0,0,0,0,0,0,0,0,0,0,0,0,1,0,1,0,0,0,0,0,0,0,0,0,0,0,1,0,0,,,kc1,traditional_file
1,record_76,record_76,.,,Unknown,41.0,6.0,3.0,6.0,109.0,572.02,0.05,18.45,31.0,10553.84,0.19,586.32,35.0,0.0,2.0,0.0,18.0,20.0,68.0,41.0,11.0,1,1,0,0,0,0,0,0,0,0,0,0,0,0,1,0,1,0,0,0,0,0,0,0,0,0,0,0,1,0,0,,,kc1,traditional_file
1,record_77,record_77,.,,Unknown,4.0,1.0,1.0,1.0,1.0,0.0,0.0,0.0,0.0,0.0,0.0,0.0,1.0,1.0,0.0,0.0,1.0,0.0,1.0,0.0,1.0,1,1,0,0,0,0,0,0,0,0,0,0,0,0,1,0,1,0,0,0,0,0,0,0,0,0,0,0,1,0,0,,,kc1,traditional_file
1,record_78,record_78,.,,Unknown,15.0,1.0,1.0,1.0,26.0,101.58,0.29,3.5,29.02,355.53,0.03,19.75,8.0,2.0,3.0,0.0,7.0,8.0,18.0,8.0,1.0,1,1,0,0,0,0,0,0,0,0,0,0,0,0,1,0,1,0,0,0,0,0,0,0,0,0,0,0,1,0,0,,,kc1,traditional_file
1,record_79,record_79,.,,Unknown,9.0,1.0,1.0,1.0,31.0,107.24,0.29,3.43,31.28,367.69,0.04,20.43,7.0,0.0,0.0,0.0,4.0,7.0,19.0,12.0,1.0,1,1,0,0,0,0,0,0,0,0,0,0,0,0,1,0,1,0,0,0,0,0,0,0,0,0,0,0,1,0,0,,,kc1,traditional_file
1,record_80,record_80,.,,Unknown,5.0,1.0,1.0,1.0,8.0,24.0,0.33,3.0,8.0,72.0,0.01,4.0,3.0,0.0,0.0,0.0,6.0,2.0,6.0,2.0,1.0,1,1,0,0,0,0,0,0,0,0,0,0,0,0,1,0,1,0,0,0,0,0,0,0,0,0,0,0,1,0,0,,,kc1,traditional_file
1,record_81,record_81,.,,Unknown,25.0,1.0,1.0,1.0,65.0,309.07,0.15,6.5,47.55,2008.94,0.1,111.61,13.0,1.0,2.0,0.0,9.0,18.0,39.0,26.0,1.0,1,1,0,0,0,0,0,0,0,0,0,0,0,0,1,0,1,0,0,0,0,0,0,0,0,0,0,0,1,0,0,,,kc1,traditional_file
1,record_82,record_82,.,,Unknown,45.0,1.0,1.0,1.0,0.0,0.0,0.0,0.0,0.0,0.0,0.0,0.0,0.0,0.0,0.0,0.0,0.0,0.0,0.0,0.0,1.0,1,1,0,0,0,0,0,0,0,0,0,0,0,0,1,0,1,0,0,0,0,0,0,0,0,0,0,0,1,0,0,,,kc1,traditional_file
1,record_83,record_83,.,,Unknown,4.0,1.0,1.0,1.0,4.0,8.0,0.67,1.5,5.33,12.0,0.0,0.67,2.0,0.0,0.0,0.0,3.0,1.0,3.0,1.0,1.0,1,1,0,0,0,0,0,0,0,0,0,0,0,0,1,0,1,0,0,0,0,0,0,0,0,0,0,0,1,0,0,,,kc1,traditional_file
1,record_84,record_84,.,,Unknown,23.0,3.0,1.0,2.0,70.0,316.65,0.07,14.18,22.33,4490.66,0.11,249.48,18.0,1.0,1.0,0.0,12.0,11.0,44.0,26.0,5.0,1,1,0,0,0,0,0,0,0,0,0,0,0,0,1,0,1,0,0,0,0,0,0,0,0,0,0,0,1,0,0,,,kc1,traditional_file
1,record_85,record_85,.,,Unknown,14.0,1.0,1.0,1.0,33.0,134.89,0.24,4.2,32.11,566.52,0.04,31.47,10.0,0.0,0.0,0.0,7.0,10.0,21.0,12.0,1.0,1,1,0,0,0,0,0,0,0,0,0,0,0,0,1,0,1,0,0,0,0,0,0,0,0,0,0,0,1,0,0,,,kc1,traditional_file
1,record_86,record_86,.,,Unknown,18.0,2.0,1.0,1.0,39.0,156.0,0.1,9.64,16.18,1504.29,0.05,83.57,14.0,0.0,2.0,0.0,9.0,7.0,24.0,15.0,3.0,1,1,0,0,0,0,0,0,0,0,0,0,0,0,1,0,1,0,0,0,0,0,0,0,0,0,0,0,1,0,0,,,kc1,traditional_file
1,record_87,record_87,.,,Unknown,40.0,4.0,1.0,3.0,110.0,544.96,0.07,15.17,35.93,8265.25,0.18,459.18,31.0,1.0,2.0,0.0,13.0,18.0,68.0,42.0,7.0,1,1,0,0,0,0,0,0,0,0,0,0,0,0,1,0,1,0,0,0,0,0,0,0,0,0,0,0,1,0,0,,,kc1,traditional_file
1,record_88,record_88,.,,Unknown,24.0,3.0,1.0,2.0,80.0,371.51,0.07,13.85,26.83,5143.96,0.12,285.78,18.0,1.0,1.0,0.0,12.0,13.0,50.0,30.0,5.0,1,1,0,0,0,0,0,0,0,0,0,0,0,0,1,0,1,0,0,0,0,0,0,0,0,0,0,0,1,0,0,,,kc1,traditional_file
1,record_89,record_89,.,,Unknown,52.0,6.0,1.0,5.0,133.0,670.9,0.06,16.25,41.29,10902.2,0.22,605.68,43.0,3.0,2.0,0.0,13.0,20.0,83.0,50.0,11.0,1,1,0,0,0,0,0,0,0,0,0,0,0,0,1,0,1,0,0,0,0,0,0,0,0,0,0,0,1,0,0,,,kc1,traditional_file
1,record_90,record_90,.,,Unknown,11.0,1.0,1.0,1.0,14.0,51.81,0.25,4.0,12.95,207.22,0.02,11.51,6.0,0.0,1.0,0.0,8.0,5.0,9.0,5.0,1.0,1,1,0,0,0,0,0,0,0,0,0,0,0,0,1,0,1,0,0,0,0,0,0,0,0,0,0,0,1,0,0,,,kc1,traditional_file
1,record_91,record_91,.,,Unknown,23.0,6.0,6.0,2.0,70.0,346.79,0.05,19.79,17.52,6863.63,0.12,381.31,17.0,0.0,4.0,0.0,19.0,12.0,45.0,25.0,11.0,1,1,0,0,0,0,0,0,0,0,0,0,0,0,1,0,1,0,0,0,0,0,0,0,0,0,0,0,1,0,0,,,kc1,traditional_file
1,record_92,record_92,.,,Unknown,4.0,1.0,1.0,1.0,4.0,8.0,0.67,1.5,5.33,12.0,0.0,0.67,2.0,0.0,0.0,0.0,3.0,1.0,3.0,1.0,1.0,1,1,0,0,0,0,0,0,0,0,0,0,0,0,1,0,1,0,0,0,0,0,0,0,0,0,0,0,1,0,0,,,kc1,traditional_file
1,record_93,record_93,.,,Unknown,38.0,8.0,8.0,5.0,191.0,1123.58,0.04,28.27,39.75,31758.83,0.37,1764.38,26.0,1.0,8.0,0.0,27.0,32.0,124.0,67.0,15.0,1,1,0,0,0,0,0,0,0,0,0,0,0,0,1,0,1,0,0,0,0,0,0,0,0,0,0,0,1,0,0,,,kc1,traditional_file
1,record_94,record_94,.,,Unknown,113.0,15.0,11.0,14.0,527.0,3493.67,0.03,33.28,104.99,116258.98,1.16,6458.83,88.0,5.0,18.0,0.0,25.0,74.0,330.0,197.0,29.0,1,1,0,0,0,0,0,0,0,0,0,0,0,0,1,0,1,0,0,0,0,0,0,0,0,0,0,0,1,0,0,,,kc1,traditional_file
1,record_95,record_95,.,,Unknown,8.0,1.0,1.0,1.0,26.0,106.27,0.26,3.85,27.6,409.16,0.04,22.73,4.0,0.0,2.0,0.0,7.0,10.0,15.0,11.0,1.0,1,1,0,0,0,0,0,0,0,0,0,0,0,0,1,0,1,0,0,0,0,0,0,0,0,0,0,0,1,0,0,,,kc1,traditional_file
1,record_96,record_96,.,,Unknown,38.0,6.0,3.0,6.0,167.0,894.71,0.05,20.8,43.01,18609.99,0.3,1033.89,26.0,0.0,10.0,0.0,16.0,25.0,102.0,65.0,11.0,1,1,0,0,0,0,0,0,0,0,0,0,0,0,1,0,1,0,0,0,0,0,0,0,0,0,0,0,1,0,0,,,kc1,traditional_file
1,record_97,record_97,.,,Unknown,47.0,13.0,10.0,10.0,231.0,1303.73,0.03,36.93,35.3,48144.92,0.43,2674.72,40.0,0.0,5.0,0.0,22.0,28.0,137.0,94.0,25.0,1,1,0,0,0,0,0,0,0,0,0,0,0,0,1,0,1,0,0,0,0,0,0,0,0,0,0,0,1,0,0,,,kc1,traditional_file
1,record_98,record_98,.,,Unknown,8.0,1.0,1.0,1.0,17.0,60.94,0.2,5.0,12.19,304.72,0.02,16.93,4.0,0.0,2.0,0.0,8.0,4.0,12.0,5.0,1.0,1,1,0,0,0,0,0,0,0,0,0,0,0,0,1,0,1,0,0,0,0,0,0,0,0,0,0,0,1,0,0,,,kc1,traditional_file
1,record_99,record_99,.,,Unknown,4.0,1.0,1.0,1.0,5.0,11.61,0.67,1.5,7.74,17.41,0.0,0.97,2.0,0.0,0.0,0.0,3.0,2.0,3.0,2.0,1.0,1,1,0,0,0,0,0,0,0,0,0,0,0,0,1,0,1,0,0,0,0,0,0,0,0,0,0,0,1,0,0,,,kc1,traditional_file
1,record_100,record_100,.,,Unknown,15.0,3.0,1.0,1.0,43.0,204.46,0.1,9.69,21.1,1981.69,0.07,110.09,10.0,0.0,3.0,0.0,14.0,13.0,25.0,18.0,5.0,1,1,0,0,0,0,0,0,0,0,0,0,0,0,1,0,1,0,0,0,0,0,0,0,0,0,0,0,1,0,0,,,kc1,traditional_file
1,record_101,record_101,.,,Unknown,38.0,5.0,1.0,5.0,61.0,307.71,0.07,15.0,20.51,4615.62,0.1,256.42,19.0,0.0,17.0,0.0,18.0,15.0,36.0,25.0,7.0,1,1,0,0,0,0,0,0,0,0,0,0,0,0,1,0,1,0,0,0,0,0,0,0,0,0,0,0,1,0,0,,,kc1,traditional_file
1,record_102,record_102,.,,Unknown,48.0,12.0,1.0,11.0,177.0,977.67,0.04,26.92,36.31,26321.9,0.33,1462.33,38.0,2.0,6.0,0.0,20.0,26.0,107.0,70.0,21.0,1,1,0,0,0,0,0,0,0,0,0,0,0,0,1,0,1,0,0,0,0,0,0,0,0,0,0,0,1,0,0,,,kc1,traditional_file
1,record_103,record_103,.,,Unknown,70.0,15.0,14.0,3.0,293.0,1662.02,0.02,41.3,40.24,68641.45,0.55,3813.41,52.0,0.0,11.0,0.0,21.0,30.0,175.0,118.0,29.0,1,1,0,0,0,0,0,0,0,0,0,0,0,0,1,0,1,0,0,0,0,0,0,0,0,0,0,0,1,0,0,,,kc1,traditional_file
1,record_104,record_104,.,,Unknown,23.0,5.0,3.0,3.0,116.0,633.29,0.04,22.8,27.78,14439.1,0.21,802.17,16.0,0.0,5.0,0.0,24.0,20.0,78.0,38.0,9.0,1,1,0,0,0,0,0,0,0,0,0,0,0,0,1,0,1,0,0,0,0,0,0,0,0,0,0,0,1,0,0,,,kc1,traditional_file
1,record_105,record_105,.,,Unknown,27.0,8.0,6.0,5.0,128.0,694.56,0.05,20.16,34.45,14002.37,0.23,777.91,22.0,0.0,3.0,0.0,18.0,25.0,72.0,56.0,15.0,1,1,0,0,0,0,0,0,0,0,0,0,0,0,1,0,1,0,0,0,0,0,0,0,0,0,0,0,1,0,0,,,kc1,traditional_file
1,record_106,record_106,.,,Unknown,10.0,1.0,1.0,1.0,26.0,104.0,0.23,4.28,24.31,444.89,0.03,24.72,5.0,0.0,3.0,0.0,7.0,9.0,15.0,11.0,1.0,1,1,0,0,0,0,0,0,0,0,0,0,0,0,1,0,1,0,0,0,0,0,0,0,0,0,0,0,1,0,0,,,kc1,traditional_file
1,record_107,record_107,.,,Unknown,13.0,1.0,1.0,1.0,46.0,213.62,0.13,7.46,28.62,1594.5,0.07,88.58,9.0,2.0,0.0,0.0,11.0,14.0,27.0,19.0,1.0,1,1,0,0,0,0,0,0,0,0,0,0,0,0,1,0,1,0,0,0,0,0,0,0,0,0,0,0,1,0,0,,,kc1,traditional_file
1,record_108,record_108,.,,Unknown,23.0,8.0,8.0,8.0,109.0,545.0,0.07,14.71,37.05,8017.24,0.18,445.4,19.0,0.0,1.0,0.0,13.0,19.0,66.0,43.0,15.0,1,1,0,0,0,0,0,0,0,0,0,0,0,0,1,0,1,0,0,0,0,0,0,0,0,0,0,0,1,0,0,,,kc1,traditional_file
1,record_109,record_109,.,,Unknown,11.0,4.0,4.0,4.0,38.0,164.23,0.1,9.78,16.8,1605.84,0.05,89.21,8.0,0.0,1.0,0.0,11.0,9.0,22.0,16.0,7.0,1,1,0,0,0,0,0,0,0,0,0,0,0,0,1,0,1,0,0,0,0,0,0,0,0,0,0,0,1,0,0,,,kc1,traditional_file
1,record_110,record_110,.,,Unknown,9.0,2.0,1.0,2.0,42.0,184.48,0.13,7.73,23.87,1425.51,0.06,79.19,6.0,0.0,1.0,0.0,10.0,11.0,25.0,17.0,3.0,1,1,0,0,0,0,0,0,0,0,0,0,0,0,1,0,1,0,0,0,0,0,0,0,0,0,0,0,1,0,0,,,kc1,traditional_file
1,record_111,record_111,.,,Unknown,11.0,3.0,3.0,2.0,43.0,202.12,0.14,6.97,29.01,1408.1,0.07,78.23,7.0,0.0,2.0,0.0,11.0,15.0,24.0,19.0,5.0,1,1,0,0,0,0,0,0,0,0,0,0,0,0,1,0,1,0,0,0,0,0,0,0,0,0,0,0,1,0,0,,,kc1,traditional_file
1,record_112,record_112,.,,Unknown,49.0,8.0,1.0,7.0,185.0,1088.29,0.06,17.81,61.1,19385.15,0.36,1076.95,35.0,3.0,9.0,0.0,19.0,40.0,110.0,75.0,15.0,1,1,0,0,0,0,0,0,0,0,0,0,0,0,1,0,1,0,0,0,0,0,0,0,0,0,0,0,1,0,0,,,kc1,traditional_file
1,record_113,record_113,.,,Unknown,53.0,11.0,6.0,9.0,354.0,2139.72,0.02,44.31,48.29,94805.86,0.71,5266.99,43.0,0.0,8.0,0.0,27.0,39.0,226.0,128.0,21.0,1,1,0,0,0,0,0,0,0,0,0,0,0,0,1,0,1,0,0,0,0,0,0,0,0,0,0,0,1,0,0,,,kc1,traditional_file
1,record_114,record_114,.,,Unknown,21.0,5.0,4.0,2.0,81.0,418.76,0.05,21.0,19.94,8794.04,0.14,488.56,13.0,0.0,6.0,0.0,21.0,15.0,51.0,30.0,9.0,1,1,0,0,0,0,0,0,0,0,0,0,0,0,1,0,1,0,0,0,0,0,0,0,0,0,0,0,1,0,0,,,kc1,traditional_file
1,record_115,record_115,.,,Unknown,16.0,4.0,1.0,4.0,86.0,430.0,0.11,8.9,48.29,3829.05,0.14,212.72,11.0,0.0,3.0,0.0,11.0,21.0,52.0,34.0,7.0,1,1,0,0,0,0,0,0,0,0,0,0,0,0,1,0,1,0,0,0,0,0,0,0,0,0,0,0,1,0,0,,,kc1,traditional_file
1,record_116,record_116,.,,Unknown,22.0,5.0,3.0,4.0,123.0,679.4,0.04,25.0,27.18,16984.95,0.23,943.61,15.0,0.0,5.0,0.0,25.0,21.0,81.0,42.0,9.0,1,1,0,0,0,0,0,0,0,0,0,0,0,0,1,0,1,0,0,0,0,0,0,0,0,0,0,0,1,0,0,,,kc1,traditional_file
1,record_117,record_117,.,,Unknown,24.0,5.0,3.0,4.0,129.0,724.3,0.04,24.87,29.12,18012.97,0.24,1000.72,19.0,0.0,3.0,0.0,26.0,23.0,85.0,44.0,9.0,1,1,0,0,0,0,0,0,0,0,0,0,0,0,1,0,1,0,0,0,0,0,0,0,0,0,0,0,1,0,0,,,kc1,traditional_file
1,record_118,record_118,.,,Unknown,27.0,6.0,1.0,5.0,131.0,697.17,0.05,18.67,37.35,13013.89,0.23,722.99,22.0,0.0,3.0,0.0,16.0,24.0,75.0,56.0,11.0,1,1,0,0,0,0,0,0,0,0,0,0,0,0,1,0,1,0,0,0,0,0,0,0,0,0,0,0,1,0,0,,,kc1,traditional_file
1,record_119,record_119,.,,Unknown,27.0,5.0,1.0,4.0,93.0,408.49,0.05,21.33,19.15,8714.36,0.14,484.13,20.0,0.0,5.0,0.0,12.0,9.0,61.0,32.0,9.0,1,1,0,0,0,0,0,0,0,0,0,0,0,0,1,0,1,0,0,0,0,0,0,0,0,0,0,0,1,0,0,,,kc1,traditional_file
1,record_120,record_120,.,,Unknown,39.0,9.0,9.0,5.0,208.0,1233.59,0.03,35.34,34.9,43599.82,0.41,2422.21,29.0,0.0,8.0,0.0,29.0,32.0,130.0,78.0,17.0,1,1,0,0,0,0,0,0,0,0,0,0,0,0,1,0,1,0,0,0,0,0,0,0,0,0,0,0,1,0,0,,,kc1,traditional_file
1,record_121,record_121,.,,Unknown,16.0,3.0,1.0,3.0,58.0,275.78,0.14,7.0,39.4,1930.48,0.09,107.25,12.0,0.0,2.0,0.0,9.0,18.0,30.0,28.0,5.0,1,1,0,0,0,0,0,0,0,0,0,0,0,0,1,0,1,0,0,0,0,0,0,0,0,0,0,0,1,0,0,,,kc1,traditional_file
1,record_122,record_122,.,,Unknown,19.0,4.0,1.0,4.0,86.0,426.06,0.08,12.28,34.7,5231.08,0.14,290.62,13.0,0.0,4.0,0.0,13.0,18.0,52.0,34.0,7.0,1,1,0,0,0,0,0,0,0,0,0,0,0,0,1,0,1,0,0,0,0,0,0,0,0,0,0,0,1,0,0,,,kc1,traditional_file
1,record_123,record_123,.,,Unknown,66.0,16.0,11.0,15.0,259.0,1608.25,0.04,25.03,64.25,40253.51,0.54,2236.31,45.0,1.0,18.0,0.0,23.0,51.0,148.0,111.0,31.0,1,1,0,0,0,0,0,0,0,0,0,0,0,0,1,0,1,0,0,0,0,0,0,0,0,0,0,0,1,0,0,,,kc1,traditional_file
1,record_124,record_124,.,,Unknown,12.0,2.0,1.0,2.0,22.0,81.41,0.14,7.2,11.31,586.15,0.03,32.56,9.0,0.0,1.0,0.0,8.0,5.0,13.0,9.0,3.0,1,1,0,0,0,0,0,0,0,0,0,0,0,0,1,0,1,0,0,0,0,0,0,0,0,0,0,0,1,0,0,,,kc1,traditional_file
1,record_125,record_125,.,,Unknown,19.0,5.0,5.0,4.0,84.0,423.73,0.07,14.17,29.91,6002.83,0.14,333.49,14.0,0.0,3.0,0.0,15.0,18.0,50.0,34.0,9.0,1,1,0,0,0,0,0,0,0,0,0,0,0,0,1,0,1,0,0,0,0,0,0,0,0,0,0,0,1,0,0,,,kc1,traditional_file
1,record_126,record_126,.,,Unknown,9.0,3.0,3.0,2.0,50.0,216.1,0.07,13.5,16.01,2917.3,0.07,162.07,5.0,0.0,2.0,0.0,12.0,8.0,32.0,18.0,5.0,1,1,0,0,0,0,0,0,0,0,0,0,0,0,1,0,1,0,0,0,0,0,0,0,0,0,0,0,1,0,0,,,kc1,traditional_file
1,record_127,record_127,.,,Unknown,29.0,4.0,3.0,3.0,69.0,348.06,0.1,9.95,34.99,3462.31,0.12,192.35,22.0,0.0,5.0,0.0,14.0,19.0,42.0,27.0,7.0,1,1,0,0,0,0,0,0,0,0,0,0,0,0,1,0,1,0,0,0,0,0,0,0,0,0,0,0,1,0,0,,,kc1,traditional_file
1,record_128,record_128,.,,Unknown,286.0,27.0,5.0,25.0,481.0,2948.19,0.04,27.42,107.5,80852.59,0.98,4491.81,198.0,44.0,35.0,3.0,17.0,53.0,310.0,171.0,53.0,1,1,0,0,0,0,0,0,0,0,0,0,0,0,1,0,1,0,0,0,0,0,0,0,0,0,0,0,1,0,0,,,kc1,traditional_file
1,record_129,record_129,.,,Unknown,26.0,3.0,1.0,3.0,68.0,326.9,0.09,11.0,29.72,3595.9,0.11,199.77,21.0,0.0,1.0,0.0,14.0,14.0,46.0,22.0,5.0,1,1,0,0,0,0,0,0,0,0,0,0,0,0,1,0,1,0,0,0,0,0,0,0,0,0,0,0,1,0,0,,,kc1,traditional_file
1,record_130,record_130,.,,Unknown,64.0,11.0,1.0,11.0,177.0,954.44,0.06,18.15,52.58,17326.76,0.32,962.6,58.0,2.0,2.0,0.0,16.0,26.0,118.0,59.0,21.0,1,1,0,0,0,0,0,0,0,0,0,0,0,0,1,0,1,0,0,0,0,0,0,0,0,0,0,0,1,0,0,,,kc1,traditional_file
1,record_131,record_131,.,,Unknown,47.0,4.0,1.0,4.0,92.0,442.28,0.08,12.38,35.74,5473.17,0.15,304.07,38.0,2.0,5.0,0.0,12.0,16.0,59.0,33.0,7.0,1,1,0,0,0,0,0,0,0,0,0,0,0,0,1,0,1,0,0,0,0,0,0,0,0,0,0,0,1,0,0,,,kc1,traditional_file
1,record_132,record_132,.,,Unknown,107.0,9.0,7.0,7.0,187.0,1109.05,0.05,19.95,55.59,22125.51,0.37,1229.19,71.0,11.0,19.0,2.0,21.0,40.0,111.0,76.0,17.0,1,1,0,0,0,0,0,0,0,0,0,0,0,0,1,0,1,0,0,0,0,0,0,0,0,0,0,0,1,0,0,,,kc1,traditional_file
1,record_133,record_133,.,,Unknown,107.0,9.0,7.0,7.0,178.0,1051.43,0.05,19.65,53.5,20664.58,0.35,1148.03,70.0,11.0,20.0,2.0,21.0,39.0,105.0,73.0,17.0,1,1,0,0,0,0,0,0,0,0,0,0,0,0,1,0,1,0,0,0,0,0,0,0,0,0,0,0,1,0,0,,,kc1,traditional_file
1,record_134,record_134,.,,Unknown,74.0,5.0,3.0,4.0,131.0,727.65,0.07,14.45,50.35,10515.73,0.24,584.21,46.0,9.0,11.0,3.0,16.0,31.0,75.0,56.0,9.0,1,1,0,0,0,0,0,0,0,0,0,0,0,0,1,0,1,0,0,0,0,0,0,0,0,0,0,0,1,0,0,,,kc1,traditional_file
1,record_135,record_135,.,,Unknown,37.0,4.0,1.0,4.0,75.0,348.29,0.09,10.61,32.84,3694.35,0.12,205.24,27.0,3.0,5.0,0.0,11.0,14.0,48.0,27.0,7.0,1,1,0,0,0,0,0,0,0,0,0,0,0,0,1,0,1,0,0,0,0,0,0,0,0,0,0,0,1,0,0,,,kc1,traditional_file
1,record_136,record_136,.,,Unknown,79.0,7.0,1.0,6.0,161.0,889.29,0.07,14.03,63.37,12478.8,0.3,693.27,59.0,6.0,12.0,0.0,15.0,31.0,103.0,58.0,13.0,1,1,0,0,0,0,0,0,0,0,0,0,0,0,1,0,1,0,0,0,0,0,0,0,0,0,0,0,1,0,0,,,kc1,traditional_file
1,record_137,record_137,.,,Unknown,134.0,15.0,8.0,14.0,303.0,1804.12,0.03,30.22,59.7,54519.67,0.6,3028.87,90.0,11.0,28.0,3.0,21.0,41.0,185.0,118.0,29.0,1,1,0,0,0,0,0,0,0,0,0,0,0,0,1,0,1,0,0,0,0,0,0,0,0,0,0,0,1,0,0,,,kc1,traditional_file
1,record_138,record_138,.,,Unknown,55.0,4.0,3.0,3.0,152.0,894.16,0.06,16.14,55.37,14440.71,0.3,802.26,37.0,3.0,7.0,0.0,19.0,40.0,84.0,68.0,7.0,1,1,0,0,0,0,0,0,0,0,0,0,0,0,1,0,1,0,0,0,0,0,0,0,0,0,0,0,1,0,0,,,kc1,traditional_file
1,record_139,record_139,.,,Unknown,22.0,3.0,1.0,2.0,61.0,279.68,0.08,12.0,23.31,3356.19,0.09,186.46,15.0,1.0,1.0,0.0,12.0,12.0,37.0,24.0,5.0,1,1,0,0,0,0,0,0,0,0,0,0,0,0,1,0,1,0,0,0,0,0,0,0,0,0,0,0,1,0,0,,,kc1,traditional_file
1,record_140,record_140,.,,Unknown,22.0,3.0,1.0,2.0,73.0,325.54,0.06,16.2,20.09,5273.72,0.11,292.98,16.0,1.0,1.0,0.0,12.0,10.0,46.0,27.0,5.0,1,1,0,0,0,0,0,0,0,0,0,0,0,0,1,0,1,0,0,0,0,0,0,0,0,0,0,0,1,0,0,,,kc1,traditional_file
1,record_141,record_141,.,,Unknown,8.0,3.0,1.0,3.0,13.0,36.5,0.2,5.0,7.3,182.48,0.01,10.14,5.0,0.0,1.0,0.0,5.0,2.0,9.0,4.0,5.0,1,1,0,0,0,0,0,0,0,0,0,0,0,0,1,0,1,0,0,0,0,0,0,0,0,0,0,0,1,0,0,,,kc1,traditional_file
1,record_142,record_142,.,,Unknown,151.0,18.0,4.0,16.0,439.0,2790.97,0.03,38.54,72.43,107551.84,0.93,5975.1,120.0,3.0,24.0,2.0,26.0,56.0,273.0,166.0,34.0,1,1,0,0,0,0,0,0,0,0,0,0,0,0,1,0,1,0,0,0,0,0,0,0,0,0,0,0,1,0,0,,,kc1,traditional_file
1,record_143,record_143,.,,Unknown,2.0,1.0,1.0,1.0,3.0,4.75,1.0,1.0,4.75,4.75,0.0,0.26,0.0,0.0,0.0,0.0,2.0,1.0,2.0,1.0,1.0,1,1,0,0,0,0,0,0,0,0,0,0,0,0,1,0,1,0,0,0,0,0,0,0,0,0,0,0,1,0,0,,,kc1,traditional_file
1,record_144,record_144,.,,Unknown,2.0,1.0,1.0,1.0,5.0,11.61,0.5,2.0,5.8,23.22,0.0,1.29,0.0,0.0,0.0,0.0,4.0,1.0,4.0,1.0,1.0,1,1,0,0,0,0,0,0,0,0,0,0,0,0,1,0,1,0,0,0,0,0,0,0,0,0,0,0,1,0,0,,,kc1,traditional_file
1,record_145,record_145,.,,Unknown,70.0,13.0,4.0,12.0,291.0,1795.45,0.03,33.41,53.74,59984.29,0.6,3332.46,56.0,2.0,4.0,1.0,28.0,44.0,186.0,105.0,31.0,1,1,0,0,0,0,0,0,0,0,0,0,0,0,1,0,1,0,0,0,0,0,0,0,0,0,0,0,1,0,0,,,kc1,traditional_file
1,record_146,record_146,.,,Unknown,4.0,1.0,1.0,1.0,7.0,19.65,0.4,2.5,7.86,49.13,0.01,2.73,0.0,0.0,0.0,0.0,5.0,2.0,5.0,2.0,1.0,1,1,0,0,0,0,0,0,0,0,0,0,0,0,1,0,1,0,0,0,0,0,0,0,0,0,0,0,1,0,0,,,kc1,traditional_file
1,record_147,record_147,.,,Unknown,2.0,1.0,1.0,1.0,6.0,15.51,0.4,2.5,6.2,38.77,0.01,2.15,0.0,0.0,0.0,0.0,5.0,1.0,5.0,1.0,1.0,1,1,0,0,0,0,0,0,0,0,0,0,0,0,1,0,1,0,0,0,0,0,0,0,0,0,0,0,1,0,0,,,kc1,traditional_file
1,record_148,record_148,.,,Unknown,27.0,1.0,1.0,1.0,37.0,154.29,0.22,4.5,34.29,694.29,0.05,38.57,9.0,5.0,4.0,0.0,6.0,12.0,19.0,18.0,1.0,1,1,0,0,0,0,0,0,0,0,0,0,0,0,1,0,1,0,0,0,0,0,0,0,0,0,0,0,1,0,0,,,kc1,traditional_file
1,record_149,record_149,.,,Unknown,57.0,1.0,1.0,1.0,123.0,679.4,0.15,6.57,103.45,4461.99,0.23,247.89,42.0,2.0,11.0,0.0,9.0,37.0,69.0,54.0,1.0,1,1,0,0,0,0,0,0,0,0,0,0,0,0,1,0,1,0,0,0,0,0,0,0,0,0,0,0,1,0,0,,,kc1,traditional_file
1,record_150,record_150,.,,Unknown,4.0,1.0,1.0,1.0,4.0,8.0,0.67,1.5,5.33,12.0,0.0,0.67,2.0,0.0,0.0,0.0,3.0,1.0,3.0,1.0,1.0,1,1,0,0,0,0,0,0,0,0,0,0,0,0,1,0,1,0,0,0,0,0,0,0,0,0,0,0,1,0,0,,,kc1,traditional_file
1,record_151,record_151,.,,Unknown,7.0,1.0,1.0,1.0,15.0,45.0,0.5,2.0,22.5,90.0,0.02,5.0,5.0,0.0,0.0,0.0,4.0,4.0,11.0,4.0,1.0,1,1,0,0,0,0,0,0,0,0,0,0,0,0,1,0,1,0,0,0,0,0,0,0,0,0,0,0,1,0,0,,,kc1,traditional_file
1,record_152,record_152,.,,Unknown,7.0,1.0,1.0,1.0,9.0,25.27,0.27,3.75,6.74,94.75,0.01,5.26,4.0,0.0,1.0,0.0,5.0,2.0,6.0,3.0,1.0,1,1,0,0,0,0,0,0,0,0,0,0,0,0,1,0,1,0,0,0,0,0,0,0,0,0,0,0,1,0,0,,,kc1,traditional_file
1,record_153,record_153,.,,Unknown,16.0,2.0,1.0,2.0,32.0,118.41,0.14,7.2,16.45,852.58,0.04,47.37,13.0,0.0,1.0,0.0,8.0,5.0,23.0,9.0,3.0,1,1,0,0,0,0,0,0,0,0,0,0,0,0,1,0,1,0,0,0,0,0,0,0,0,0,0,0,1,0,0,,,kc1,traditional_file
1,record_154,record_154,.,,Unknown,11.0,1.0,1.0,1.0,11.0,36.54,0.33,3.0,12.18,109.62,0.01,6.09,6.0,0.0,1.0,0.0,6.0,4.0,7.0,4.0,1.0,1,1,0,0,0,0,0,0,0,0,0,0,0,0,1,0,1,0,0,0,0,0,0,0,0,0,0,0,1,0,0,,,kc1,traditional_file
1,record_155,record_155,.,,Unknown,8.0,2.0,1.0,1.0,17.0,62.91,0.15,6.75,9.32,424.63,0.02,23.59,6.0,0.0,0.0,0.0,9.0,4.0,11.0,6.0,3.0,1,1,0,0,0,0,0,0,0,0,0,0,0,0,1,0,1,0,0,0,0,0,0,0,0,0,0,0,1,0,0,,,kc1,traditional_file
1,record_156,record_156,.,,Unknown,62.0,14.0,1.0,9.0,445.0,3011.84,0.02,41.88,71.91,126141.8,1.0,7007.88,50.0,0.0,5.0,0.0,37.0,72.0,282.0,163.0,36.0,1,1,0,0,0,0,0,0,0,0,0,0,0,0,1,0,1,0,0,0,0,0,0,0,0,0,0,0,1,0,0,,,kc1,traditional_file
1,record_157,record_157,.,,Unknown,39.0,4.0,1.0,4.0,88.0,423.05,0.07,13.43,31.49,5682.93,0.14,315.72,34.0,1.0,2.0,0.0,13.0,15.0,57.0,31.0,7.0,1,1,0,0,0,0,0,0,0,0,0,0,0,0,1,0,1,0,0,0,0,0,0,0,0,0,0,0,1,0,0,,,kc1,traditional_file
1,record_158,record_158,.,,Unknown,165.0,13.0,11.0,12.0,365.0,2206.2,0.02,43.27,50.99,95460.74,0.74,5303.37,112.0,22.0,23.0,0.0,27.0,39.0,240.0,125.0,25.0,1,1,0,0,0,0,0,0,0,0,0,0,0,0,1,0,1,0,0,0,0,0,0,0,0,0,0,0,1,0,0,,,kc1,traditional_file
1,record_159,record_159,.,,Unknown,45.0,3.0,1.0,3.0,83.0,403.21,0.08,12.19,33.08,4914.15,0.13,273.01,25.0,11.0,7.0,0.0,13.0,16.0,53.0,30.0,5.0,1,1,0,0,0,0,0,0,0,0,0,0,0,0,1,0,1,0,0,0,0,0,0,0,0,0,0,0,1,0,0,,,kc1,traditional_file
1,record_160,record_160,.,,Unknown,3.0,1.0,1.0,1.0,1.0,0.0,0.0,0.0,0.0,0.0,0.0,0.0,1.0,0.0,0.0,0.0,1.0,0.0,1.0,0.0,1.0,1,1,0,0,0,0,0,0,0,0,0,0,0,0,1,0,1,0,0,0,0,0,0,0,0,0,0,0,1,0,0,,,kc1,traditional_file
1,record_161,record_161,.,,Unknown,21.0,2.0,1.0,2.0,61.0,279.68,0.16,6.43,43.51,1797.96,0.09,99.89,15.0,0.0,0.0,0.0,10.0,14.0,43.0,18.0,3.0,1,1,0,0,0,0,0,0,0,0,0,0,0,0,1,0,1,0,0,0,0,0,0,0,0,0,0,0,1,0,0,,,kc1,traditional_file
1,record_162,record_162,.,,Unknown,23.0,1.0,1.0,1.0,69.0,331.71,0.18,5.6,59.23,1857.56,0.11,103.2,13.0,0.0,0.0,0.0,8.0,20.0,41.0,28.0,1.0,1,1,0,0,0,0,0,0,0,0,0,0,0,0,1,0,1,0,0,0,0,0,0,0,0,0,0,0,1,0,0,,,kc1,traditional_file
1,record_163,record_163,.,,Unknown,12.0,1.0,1.0,1.0,24.0,98.1,0.26,3.85,25.48,377.68,0.03,20.98,6.0,0.0,0.0,0.0,7.0,10.0,13.0,11.0,1.0,1,1,0,0,0,0,0,0,0,0,0,0,0,0,1,0,1,0,0,0,0,0,0,0,0,0,0,0,1,0,0,,,kc1,traditional_file
1,record_164,record_164,.,,Unknown,44.0,7.0,1.0,5.0,124.0,650.74,0.07,14.0,46.48,9110.4,0.22,506.13,35.0,2.0,3.0,0.0,14.0,24.0,76.0,48.0,13.0,1,1,0,0,0,0,0,0,0,0,0,0,0,0,1,0,1,0,0,0,0,0,0,0,0,0,0,0,1,0,0,,,kc1,traditional_file
1,record_165,record_165,.,,Unknown,17.0,4.0,3.0,3.0,34.0,136.0,0.13,7.71,17.63,1049.14,0.05,58.29,14.0,0.0,1.0,0.0,9.0,7.0,22.0,12.0,7.0,1,1,0,0,0,0,0,0,0,0,0,0,0,0,1,0,1,0,0,0,0,0,0,0,0,0,0,0,1,0,0,,,kc1,traditional_file
1,record_166,record_166,.,,Unknown,40.0,5.0,3.0,4.0,95.0,470.65,0.07,13.72,34.3,6458.35,0.16,358.8,35.0,0.0,3.0,0.0,13.0,18.0,57.0,38.0,9.0,1,1,0,0,0,0,0,0,0,0,0,0,0,0,1,0,1,0,0,0,0,0,0,0,0,0,0,0,1,0,0,,,kc1,traditional_file
1,record_167,record_167,.,,Unknown,179.0,13.0,4.0,12.0,361.0,2241.61,0.04,22.82,98.25,51144.16,0.75,2841.34,131.0,24.0,22.0,0.0,17.0,57.0,208.0,153.0,25.0,1,1,0,0,0,0,0,0,0,0,0,0,0,0,1,0,1,0,0,0,0,0,0,0,0,0,0,0,1,0,0,,,kc1,traditional_file
1,record_168,record_168,.,,Unknown,92.0,8.0,3.0,8.0,212.0,1184.01,0.07,15.17,78.07,17957.52,0.39,997.64,75.0,5.0,2.0,0.0,12.0,36.0,121.0,91.0,15.0,1,1,0,0,0,0,0,0,0,0,0,0,0,0,1,0,1,0,0,0,0,0,0,0,0,0,0,0,1,0,0,,,kc1,traditional_file
1,record_169,record_169,.,,Unknown,14.0,1.0,1.0,1.0,26.0,108.42,0.33,3.0,36.14,325.25,0.04,18.07,4.0,0.0,1.0,0.0,6.0,12.0,14.0,12.0,1.0,1,1,0,0,0,0,0,0,0,0,0,0,0,0,1,0,1,0,0,0,0,0,0,0,0,0,0,0,1,0,0,,,kc1,traditional_file
1,record_170,record_170,.,,Unknown,92.0,8.0,3.0,8.0,203.0,1121.28,0.07,15.35,73.03,17214.99,0.37,956.39,75.0,4.0,4.0,0.0,12.0,34.0,116.0,87.0,15.0,1,1,0,0,0,0,0,0,0,0,0,0,0,0,1,0,1,0,0,0,0,0,0,0,0,0,0,0,1,0,0,,,kc1,traditional_file
1,record_171,record_171,.,,Unknown,64.0,4.0,1.0,4.0,138.0,744.14,0.09,10.82,68.76,8053.51,0.25,447.42,45.0,12.0,5.0,0.0,11.0,31.0,77.0,61.0,7.0,1,1,0,0,0,0,0,0,0,0,0,0,0,0,1,0,1,0,0,0,0,0,0,0,0,0,0,0,1,0,0,,,kc1,traditional_file
1,record_172,record_172,.,,Unknown,184.0,16.0,12.0,13.0,437.0,2922.0,0.03,33.6,86.96,98179.22,0.97,5454.4,137.0,27.0,18.0,0.0,28.0,75.0,257.0,180.0,31.0,1,1,0,0,0,0,0,0,0,0,0,0,0,0,1,0,1,0,0,0,0,0,0,0,0,0,0,0,1,0,0,,,kc1,traditional_file
1,record_173,record_173,.,,Unknown,17.0,4.0,3.0,3.0,32.0,125.02,0.12,8.25,15.15,1031.42,0.04,57.3,15.0,0.0,0.0,0.0,9.0,6.0,21.0,11.0,7.0,1,1,0,0,0,0,0,0,0,0,0,0,0,0,1,0,1,0,0,0,0,0,0,0,0,0,0,0,1,0,0,,,kc1,traditional_file
1,record_174,record_174,.,,Unknown,38.0,5.0,3.0,4.0,93.0,460.74,0.08,13.0,35.44,5989.62,0.15,332.76,34.0,0.0,2.0,0.0,13.0,18.0,57.0,36.0,9.0,1,1,0,0,0,0,0,0,0,0,0,0,0,0,1,0,1,0,0,0,0,0,0,0,0,0,0,0,1,0,0,,,kc1,traditional_file
1,record_175,record_175,.,,Unknown,6.0,1.0,1.0,1.0,7.0,19.65,0.5,2.0,9.83,39.3,0.01,2.18,3.0,0.0,1.0,0.0,4.0,3.0,4.0,3.0,1.0,1,1,0,0,0,0,0,0,0,0,0,0,0,0,1,0,1,0,0,0,0,0,0,0,0,0,0,0,1,0,0,,,kc1,traditional_file
1,record_176,record_176,.,,Unknown,41.0,4.0,1.0,4.0,85.0,421.11,0.1,10.47,40.21,4409.92,0.14,245.0,35.0,0.0,3.0,0.0,13.0,18.0,56.0,29.0,7.0,1,1,0,0,0,0,0,0,0,0,0,0,0,0,1,0,1,0,0,0,0,0,0,0,0,0,0,0,1,0,0,,,kc1,traditional_file
1,record_177,record_177,.,,Unknown,13.0,1.0,1.0,1.0,7.0,16.25,1.33,0.75,21.67,12.19,0.01,0.68,8.0,0.0,1.0,0.0,1.0,4.0,1.0,6.0,1.0,1,1,0,0,0,0,0,0,0,0,0,0,0,0,1,0,1,0,0,0,0,0,0,0,0,0,0,0,1,0,0,,,kc1,traditional_file
1,record_178,record_178,.,,Unknown,20.0,4.0,3.0,3.0,36.0,147.15,0.14,7.31,20.12,1076.02,0.05,59.78,14.0,0.0,3.0,0.0,9.0,8.0,23.0,13.0,7.0,1,1,0,0,0,0,0,0,0,0,0,0,0,0,1,0,1,0,0,0,0,0,0,0,0,0,0,0,1,0,0,,,kc1,traditional_file
1,record_179,record_179,.,,Unknown,50.0,5.0,4.0,4.0,122.0,625.77,0.06,16.5,37.93,10325.25,0.21,573.62,43.0,2.0,3.0,0.0,15.0,20.0,78.0,44.0,9.0,1,1,0,0,0,0,0,0,0,0,0,0,0,0,1,0,1,0,0,0,0,0,0,0,0,0,0,0,1,0,0,,,kc1,traditional_file
1,record_180,record_180,.,,Unknown,17.0,1.0,1.0,1.0,50.0,219.62,0.2,5.0,43.92,1098.08,0.07,61.0,9.0,0.0,1.0,0.0,7.0,14.0,30.0,20.0,1.0,1,1,0,0,0,0,0,0,0,0,0,0,0,0,1,0,1,0,0,0,0,0,0,0,0,0,0,0,1,0,0,,,kc1,traditional_file
1,record_181,record_181,.,,Unknown,41.0,6.0,5.0,5.0,95.0,508.97,0.05,18.9,26.93,9619.48,0.17,534.42,29.0,0.0,9.0,0.0,21.0,20.0,59.0,36.0,11.0,1,1,0,0,0,0,0,0,0,0,0,0,0,0,1,0,1,0,0,0,0,0,0,0,0,0,0,0,1,0,0,,,kc1,traditional_file
1,record_182,record_182,.,,Unknown,29.0,4.0,1.0,1.0,60.0,278.63,0.08,12.46,22.36,3472.18,0.09,192.9,22.0,0.0,2.0,0.0,12.0,13.0,33.0,27.0,7.0,1,1,0,0,0,0,0,0,0,0,0,0,0,0,1,0,1,0,0,0,0,0,0,0,0,0,0,0,1,0,0,,,kc1,traditional_file
1,record_183,record_183,.,,Unknown,125.0,8.0,5.0,7.0,272.0,1704.57,0.06,17.69,96.33,30162.15,0.57,1675.67,88.0,19.0,16.0,0.0,18.0,59.0,156.0,116.0,15.0,1,1,0,0,0,0,0,0,0,0,0,0,0,0,1,0,1,0,0,0,0,0,0,0,0,0,0,0,1,0,0,,,kc1,traditional_file
1,record_184,record_184,.,,Unknown,42.0,5.0,3.0,4.0,113.0,570.02,0.06,15.47,36.84,8820.26,0.19,490.01,38.0,0.0,2.0,0.0,14.0,19.0,71.0,42.0,9.0,1,1,0,0,0,0,0,0,0,0,0,0,0,0,1,0,1,0,0,0,0,0,0,0,0,0,0,0,1,0,0,,,kc1,traditional_file
1,record_185,record_185,.,,Unknown,17.0,4.0,3.0,3.0,32.0,125.02,0.12,8.25,15.15,1031.42,0.04,57.3,15.0,0.0,0.0,0.0,9.0,6.0,21.0,11.0,7.0,1,1,0,0,0,0,0,0,0,0,0,0,0,0,1,0,1,0,0,0,0,0,0,0,0,0,0,0,1,0,0,,,kc1,traditional_file
1,record_186,record_186,.,,Unknown,14.0,3.0,3.0,3.0,40.0,169.92,0.11,8.94,19.01,1518.63,0.06,84.37,10.0,0.0,1.0,0.0,11.0,8.0,27.0,13.0,5.0,1,1,0,0,0,0,0,0,0,0,0,0,0,0,1,0,1,0,0,0,0,0,0,0,0,0,0,0,1,0,0,,,kc1,traditional_file
1,record_187,record_187,.,,Unknown,9.0,1.0,1.0,1.0,6.0,15.51,0.5,2.0,7.75,31.02,0.01,1.72,5.0,0.0,2.0,0.0,4.0,2.0,4.0,2.0,1.0,1,1,0,0,0,0,0,0,0,0,0,0,0,0,1,0,1,0,0,0,0,0,0,0,0,0,0,0,1,0,0,,,kc1,traditional_file
1,record_188,record_188,.,,Unknown,3.0,1.0,1.0,1.0,1.0,0.0,0.0,0.0,0.0,0.0,0.0,0.0,1.0,0.0,0.0,0.0,1.0,0.0,1.0,0.0,1.0,1,1,0,0,0,0,0,0,0,0,0,0,0,0,1,0,1,0,0,0,0,0,0,0,0,0,0,0,1,0,0,,,kc1,traditional_file
1,record_189,record_189,.,,Unknown,11.0,2.0,1.0,2.0,26.0,108.42,0.29,3.5,30.98,379.46,0.04,21.08,9.0,0.0,0.0,0.0,7.0,11.0,15.0,11.0,3.0,1,1,0,0,0,0,0,0,0,0,0,0,0,0,1,0,1,0,0,0,0,0,0,0,0,0,0,0,1,0,0,,,kc1,traditional_file
1,record_190,record_190,.,,Unknown,35.0,3.0,1.0,3.0,105.0,546.99,0.08,12.78,42.79,6991.99,0.18,388.44,26.0,4.0,3.0,0.0,14.0,23.0,63.0,42.0,5.0,1,1,0,0,0,0,0,0,0,0,0,0,0,0,1,0,1,0,0,0,0,0,0,0,0,0,0,0,1,0,0,,,kc1,traditional_file
1,record_191,record_191,.,,Unknown,7.0,2.0,1.0,2.0,11.0,34.87,0.19,5.25,6.64,183.06,0.01,10.17,5.0,0.0,0.0,0.0,7.0,2.0,8.0,3.0,3.0,1,1,0,0,0,0,0,0,0,0,0,0,0,0,1,0,1,0,0,0,0,0,0,0,0,0,0,0,1,0,0,,,kc1,traditional_file
1,record_192,record_192,.,,Unknown,34.0,5.0,1.0,5.0,99.0,490.47,0.05,18.75,26.16,9196.23,0.16,510.9,27.0,0.0,2.0,0.0,15.0,16.0,59.0,40.0,9.0,1,1,0,0,0,0,0,0,0,0,0,0,0,0,1,0,1,0,0,0,0,0,0,0,0,0,0,0,1,0,0,,,kc1,traditional_file
1,record_193,record_193,.,,Unknown,24.0,4.0,1.0,3.0,55.0,261.51,0.06,17.45,14.98,4564.69,0.09,253.59,19.0,0.0,3.0,0.0,16.0,11.0,31.0,24.0,7.0,1,1,0,0,0,0,0,0,0,0,0,0,0,0,1,0,1,0,0,0,0,0,0,0,0,0,0,0,1,0,0,,,kc1,traditional_file
1,record_194,record_194,.,,Unknown,35.0,4.0,1.0,4.0,85.0,432.43,0.07,13.82,31.3,5974.42,0.14,331.91,28.0,1.0,3.0,1.0,15.0,19.0,50.0,35.0,7.0,1,1,0,0,0,0,0,0,0,0,0,0,0,0,1,0,1,0,0,0,0,0,0,0,0,0,0,0,1,0,0,,,kc1,traditional_file
1,record_195,record_195,.,,Unknown,48.0,4.0,1.0,4.0,132.0,692.73,0.05,20.7,33.47,14339.44,0.23,796.64,41.0,0.0,3.0,2.0,18.0,20.0,86.0,46.0,7.0,1,1,0,0,0,0,0,0,0,0,0,0,0,0,1,0,1,0,0,0,0,0,0,0,0,0,0,0,1,0,0,,,kc1,traditional_file
1,record_196,record_196,.,,Unknown,61.0,7.0,1.0,7.0,167.0,942.52,0.09,11.57,81.45,10906.35,0.31,605.91,47.0,3.0,9.0,0.0,15.0,35.0,113.0,54.0,13.0,1,1,0,0,0,0,0,0,0,0,0,0,0,0,1,0,1,0,0,0,0,0,0,0,0,0,0,0,1,0,0,,,kc1,traditional_file
1,record_197,record_197,.,,Unknown,20.0,1.0,1.0,1.0,27.0,112.59,0.41,2.43,46.36,273.43,0.04,15.19,15.0,1.0,0.0,0.0,4.0,14.0,10.0,17.0,1.0,1,1,0,0,0,0,0,0,0,0,0,0,0,0,1,0,1,0,0,0,0,0,0,0,0,0,0,0,1,0,0,,,kc1,traditional_file
1,record_198,record_198,.,,Unknown,10.0,1.0,1.0,1.0,15.0,55.51,0.4,2.5,22.2,138.77,0.02,7.71,7.0,1.0,0.0,0.0,5.0,8.0,7.0,8.0,1.0,1,1,0,0,0,0,0,0,0,0,0,0,0,0,1,0,1,0,0,0,0,0,0,0,0,0,0,0,1,0,0,,,kc1,traditional_file
1,record_199,record_199,.,,Unknown,38.0,5.0,1.0,5.0,99.0,465.34,0.08,12.83,36.26,5971.91,0.16,331.77,33.0,0.0,3.0,0.0,11.0,15.0,64.0,35.0,8.0,1,1,0,0,0,0,0,0,0,0,0,0,0,0,1,0,1,0,0,0,0,0,0,0,0,0,0,0,1,0,0,,,kc1,traditional_file
1,record_200,record_200,.,,Unknown,4.0,1.0,1.0,1.0,4.0,8.0,0.67,1.5,5.33,12.0,0.0,0.67,2.0,0.0,0.0,0.0,3.0,1.0,3.0,1.0,1.0,1,1,0,0,0,0,0,0,0,0,0,0,0,0,1,0,1,0,0,0,0,0,0,0,0,0,0,0,1,0,0,,,kc1,traditional_file
1,record_201,record_201,.,,Unknown,15.0,2.0,1.0,2.0,35.0,136.74,0.13,7.43,18.41,1015.79,0.05,56.43,9.0,0.0,1.0,1.0,8.0,7.0,22.0,13.0,3.0,1,1,0,0,0,0,0,0,0,0,0,0,0,0,1,0,1,0,0,0,0,0,0,0,0,0,0,0,1,0,0,,,kc1,traditional_file
1,record_202,record_202,.,,Unknown,6.0,1.0,1.0,1.0,12.0,39.86,0.33,3.0,13.29,119.59,0.01,6.64,3.0,1.0,0.0,0.0,6.0,4.0,8.0,4.0,1.0,1,1,0,0,0,0,0,0,0,0,0,0,0,0,1,0,1,0,0,0,0,0,0,0,0,0,0,0,1,0,0,,,kc1,traditional_file
1,record_203,record_203,.,,Unknown,6.0,1.0,1.0,1.0,8.0,24.0,0.4,2.5,9.6,60.0,0.01,3.33,3.0,0.0,1.0,0.0,5.0,3.0,5.0,3.0,1.0,1,1,0,0,0,0,0,0,0,0,0,0,0,0,1,0,1,0,0,0,0,0,0,0,0,0,0,0,1,0,0,,,kc1,traditional_file
1,record_204,record_204,.,,Unknown,50.0,6.0,5.0,5.0,144.0,804.23,0.05,20.0,40.21,16084.69,0.27,893.59,41.0,2.0,5.0,0.0,20.0,28.0,88.0,56.0,11.0,1,1,0,0,0,0,0,0,0,0,0,0,0,0,1,0,1,0,0,0,0,0,0,0,0,0,0,0,1,0,0,,,kc1,traditional_file
1,record_205,record_205,.,,Unknown,17.0,1.0,1.0,1.0,43.0,182.66,0.17,5.82,31.39,1062.75,0.06,59.04,11.0,0.0,2.0,0.0,8.0,11.0,27.0,16.0,1.0,1,1,0,0,0,0,0,0,0,0,0,0,0,0,1,0,1,0,0,0,0,0,0,0,0,0,0,0,1,0,0,,,kc1,traditional_file
1,record_206,record_206,.,,Unknown,20.0,2.0,1.0,2.0,49.0,221.65,0.14,7.31,30.33,1619.78,0.07,89.99,13.0,1.0,1.0,0.0,10.0,13.0,30.0,19.0,3.0,1,1,0,0,0,0,0,0,0,0,0,0,0,0,1,0,1,0,0,0,0,0,0,0,0,0,0,0,1,0,0,,,kc1,traditional_file
1,record_207,record_207,.,,Unknown,8.0,1.0,1.0,1.0,20.0,76.15,0.21,4.67,16.32,355.35,0.03,19.74,6.0,0.0,0.0,0.0,8.0,6.0,13.0,7.0,1.0,1,1,0,0,0,0,0,0,0,0,0,0,0,0,1,0,1,0,0,0,0,0,0,0,0,0,0,0,1,0,0,,,kc1,traditional_file
1,record_208,record_208,.,,Unknown,20.0,5.0,1.0,5.0,54.0,237.19,0.17,6.0,39.53,1423.11,0.08,79.06,18.0,0.0,0.0,0.0,9.0,12.0,38.0,16.0,9.0,1,1,0,0,0,0,0,0,0,0,0,0,0,0,1,0,1,0,0,0,0,0,0,0,0,0,0,0,1,0,0,,,kc1,traditional_file
1,record_209,record_209,.,,Unknown,36.0,7.0,3.0,6.0,75.0,360.55,0.07,13.43,26.84,4843.41,0.12,269.08,32.0,0.0,2.0,0.0,13.0,15.0,44.0,31.0,13.0,1,1,0,0,0,0,0,0,0,0,0,0,0,0,1,0,1,0,0,0,0,0,0,0,0,0,0,0,1,0,0,,,kc1,traditional_file
1,record_210,record_210,.,,Unknown,27.0,1.0,1.0,1.0,104.0,537.67,0.14,7.33,73.32,3942.93,0.18,219.05,20.0,0.0,3.0,0.0,9.0,27.0,60.0,44.0,1.0,1,1,0,0,0,0,0,0,0,0,0,0,0,0,1,0,1,0,0,0,0,0,0,0,0,0,0,0,1,0,0,,,kc1,traditional_file
1,record_211,record_211,.,,Unknown,13.0,3.0,1.0,3.0,28.0,112.0,0.12,8.33,13.44,933.33,0.04,51.85,8.0,0.0,3.0,0.0,10.0,6.0,18.0,10.0,5.0,1,1,0,0,0,0,0,0,0,0,0,0,0,0,1,0,1,0,0,0,0,0,0,0,0,0,0,0,1,0,0,,,kc1,traditional_file
1,record_212,record_212,.,,Unknown,13.0,3.0,1.0,3.0,28.0,112.0,0.12,8.33,13.44,933.33,0.04,51.85,8.0,0.0,3.0,0.0,10.0,6.0,18.0,10.0,5.0,1,1,0,0,0,0,0,0,0,0,0,0,0,0,1,0,1,0,0,0,0,0,0,0,0,0,0,0,1,0,0,,,kc1,traditional_file
1,record_213,record_213,.,,Unknown,13.0,3.0,1.0,3.0,28.0,112.0,0.12,8.33,13.44,933.33,0.04,51.85,8.0,0.0,3.0,0.0,10.0,6.0,18.0,10.0,5.0,1,1,0,0,0,0,0,0,0,0,0,0,0,0,1,0,1,0,0,0,0,0,0,0,0,0,0,0,1,0,0,,,kc1,traditional_file
1,record_214,record_214,.,,Unknown,78.0,6.0,3.0,6.0,298.0,1801.23,0.09,10.89,165.42,19613.39,0.6,1089.63,71.0,1.0,1.0,0.0,12.0,54.0,200.0,98.0,10.0,1,1,0,0,0,0,0,0,0,0,0,0,0,0,1,0,1,0,0,0,0,0,0,0,0,0,0,0,1,0,0,,,kc1,traditional_file
1,record_215,record_215,.,,Unknown,84.0,7.0,3.0,7.0,311.0,1893.2,0.08,12.29,154.03,23269.16,0.63,1292.73,78.0,1.0,1.0,0.0,13.0,55.0,207.0,104.0,12.0,1,1,0,0,0,0,0,0,0,0,0,0,0,0,1,0,1,0,0,0,0,0,0,0,0,0,0,0,1,0,0,,,kc1,traditional_file
1,record_216,record_216,.,,Unknown,99.0,8.0,5.0,8.0,277.0,1601.44,0.03,30.88,51.86,49456.13,0.53,2747.56,85.0,6.0,6.0,0.0,21.0,34.0,177.0,100.0,15.0,1,1,0,0,0,0,0,0,0,0,0,0,0,0,1,0,1,0,0,0,0,0,0,0,0,0,0,0,1,0,0,,,kc1,traditional_file
1,record_217,record_217,.,,Unknown,25.0,3.0,1.0,3.0,45.0,191.16,0.13,7.65,24.99,1462.35,0.06,81.24,18.0,1.0,3.0,1.0,9.0,10.0,28.0,17.0,5.0,1,1,0,0,0,0,0,0,0,0,0,0,0,0,1,0,1,0,0,0,0,0,0,0,0,0,0,0,1,0,0,,,kc1,traditional_file
1,record_218,record_218,.,,Unknown,97.0,14.0,1.0,14.0,273.0,1605.96,0.03,30.12,53.32,48369.03,0.54,2687.17,88.0,2.0,5.0,0.0,21.0,38.0,164.0,109.0,27.0,1,1,0,0,0,0,0,0,0,0,0,0,0,0,1,0,1,0,0,0,0,0,0,0,0,0,0,0,1,0,0,,,kc1,traditional_file
1,record_219,record_219,.,,Unknown,95.0,16.0,9.0,16.0,254.0,1506.41,0.04,27.64,54.5,41638.64,0.5,2313.26,82.0,0.0,10.0,1.0,22.0,39.0,156.0,98.0,31.0,1,1,0,0,0,0,0,0,0,0,0,0,0,0,1,0,1,0,0,0,0,0,0,0,0,0,0,0,1,0,0,,,kc1,traditional_file
1,record_220,record_220,.,,Unknown,132.0,14.0,8.0,13.0,331.0,2028.79,0.03,28.71,70.65,58255.33,0.68,3236.41,110.0,11.0,9.0,0.0,21.0,49.0,197.0,134.0,26.0,1,1,0,0,0,0,0,0,0,0,0,0,0,0,1,0,1,0,0,0,0,0,0,0,0,0,0,0,1,0,0,,,kc1,traditional_file
1,record_221,record_221,.,,Unknown,61.0,4.0,1.0,4.0,217.0,1205.35,0.05,18.98,63.49,22882.74,0.4,1271.26,55.0,0.0,2.0,0.0,15.0,32.0,136.0,81.0,7.0,1,1,0,0,0,0,0,0,0,0,0,0,0,0,1,0,1,0,0,0,0,0,0,0,0,0,0,0,1,0,0,,,kc1,traditional_file
1,record_222,record_222,.,,Unknown,8.0,1.0,1.0,1.0,14.0,50.19,0.33,3.0,16.73,150.57,0.02,8.36,4.0,0.0,1.0,0.0,6.0,6.0,8.0,6.0,1.0,1,1,0,0,0,0,0,0,0,0,0,0,0,0,1,0,1,0,0,0,0,0,0,0,0,0,0,0,1,0,0,,,kc1,traditional_file
1,record_223,record_223,.,,Unknown,55.0,5.0,1.0,5.0,118.0,605.26,0.1,10.08,60.03,6102.99,0.2,339.06,48.0,0.0,0.0,0.0,11.0,24.0,74.0,44.0,8.0,1,1,0,0,0,0,0,0,0,0,0,0,0,0,1,0,1,0,0,0,0,0,0,0,0,0,0,0,1,0,0,,,kc1,traditional_file
1,record_224,record_224,.,,Unknown,57.0,4.0,1.0,4.0,198.0,1087.39,0.05,18.5,58.78,20116.66,0.36,1117.59,52.0,0.0,1.0,0.0,15.0,30.0,124.0,74.0,7.0,1,1,0,0,0,0,0,0,0,0,0,0,0,0,1,0,1,0,0,0,0,0,0,0,0,0,0,0,1,0,0,,,kc1,traditional_file
1,record_225,record_225,.,,Unknown,51.0,13.0,8.0,13.0,138.0,713.45,0.05,20.13,35.44,14362.87,0.24,797.94,44.0,3.0,2.0,0.0,17.0,19.0,93.0,45.0,25.0,1,1,0,0,0,0,0,0,0,0,0,0,0,0,1,0,1,0,0,0,0,0,0,0,0,0,0,0,1,0,0,,,kc1,traditional_file
1,record_226,record_226,.,,Unknown,93.0,7.0,1.0,7.0,247.0,1498.32,0.05,21.91,68.37,32835.61,0.5,1824.2,69.0,6.0,16.0,0.0,20.0,47.0,144.0,103.0,13.0,1,1,0,0,0,0,0,0,0,0,0,0,0,0,1,0,1,0,0,0,0,0,0,0,0,0,0,0,1,0,0,,,kc1,traditional_file
1,record_227,record_227,.,,Unknown,29.0,1.0,1.0,1.0,99.0,495.0,0.2,4.9,101.02,2425.5,0.17,134.75,24.0,0.0,0.0,0.0,7.0,25.0,64.0,35.0,1.0,1,1,0,0,0,0,0,0,0,0,0,0,0,0,1,0,1,0,0,0,0,0,0,0,0,0,0,0,1,0,0,,,kc1,traditional_file
1,record_228,record_228,.,,Unknown,112.0,16.0,10.0,13.0,334.0,1988.7,0.03,33.33,59.66,66290.05,0.66,3682.78,95.0,0.0,12.0,0.0,20.0,42.0,194.0,140.0,31.0,1,1,0,0,0,0,0,0,0,0,0,0,0,0,1,0,1,0,0,0,0,0,0,0,0,0,0,0,1,0,0,,,kc1,traditional_file
1,record_229,record_229,.,,Unknown,152.0,22.0,6.0,16.0,463.0,3027.63,0.03,29.75,101.78,90061.35,1.01,5003.41,130.0,4.0,16.0,0.0,22.0,71.0,271.0,192.0,42.0,1,1,0,0,0,0,0,0,0,0,0,0,0,0,1,0,1,0,0,0,0,0,0,0,0,0,0,0,1,0,0,,,kc1,traditional_file
1,record_230,record_230,.,,Unknown,25.0,4.0,1.0,4.0,76.0,372.92,0.12,8.68,42.94,3238.55,0.12,179.92,21.0,0.0,0.0,0.0,11.0,19.0,46.0,30.0,7.0,1,1,0,0,0,0,0,0,0,0,0,0,0,0,1,0,1,0,0,0,0,0,0,0,0,0,0,0,1,0,0,,,kc1,traditional_file
1,record_231,record_231,.,,Unknown,78.0,11.0,1.0,11.0,227.0,1318.27,0.05,19.4,67.96,25571.05,0.44,1420.61,60.0,7.0,7.0,0.0,17.0,39.0,138.0,89.0,21.0,1,1,0,0,0,0,0,0,0,0,0,0,0,0,1,0,1,0,0,0,0,0,0,0,0,0,0,0,1,0,0,,,kc1,traditional_file
1,record_232,record_232,.,,Unknown,35.0,5.0,3.0,4.0,83.0,415.0,0.09,10.61,39.13,4401.18,0.14,244.51,25.0,3.0,5.0,0.0,13.0,19.0,52.0,31.0,9.0,1,1,0,0,0,0,0,0,0,0,0,0,0,0,1,0,1,0,0,0,0,0,0,0,0,0,0,0,1,0,0,,,kc1,traditional_file
1,record_233,record_233,.,,Unknown,12.0,3.0,1.0,3.0,15.0,49.83,0.4,2.5,19.93,124.57,0.02,6.92,9.0,0.0,1.0,0.0,5.0,5.0,10.0,5.0,5.0,1,1,0,0,0,0,0,0,0,0,0,0,0,0,1,0,1,0,0,0,0,0,0,0,0,0,0,0,1,0,0,,,kc1,traditional_file
1,record_234,record_234,.,,Unknown,19.0,2.0,1.0,2.0,37.0,162.52,0.1,9.75,16.67,1584.53,0.05,88.03,17.0,0.0,0.0,0.0,13.0,8.0,25.0,12.0,5.0,1,1,0,0,0,0,0,0,0,0,0,0,0,0,1,0,1,0,0,0,0,0,0,0,0,0,0,0,1,0,0,,,kc1,traditional_file
1,record_235,record_235,.,,Unknown,19.0,3.0,1.0,3.0,31.0,118.03,0.13,8.0,14.75,944.22,0.04,52.46,16.0,0.0,1.0,0.0,8.0,6.0,19.0,12.0,5.0,1,1,0,0,0,0,0,0,0,0,0,0,0,0,1,0,1,0,0,0,0,0,0,0,0,0,0,0,1,0,0,,,kc1,traditional_file
1,record_236,record_236,.,,Unknown,15.0,2.0,1.0,2.0,30.0,131.77,0.19,5.25,25.1,691.79,0.04,38.43,8.0,1.0,1.0,0.0,9.0,12.0,16.0,14.0,3.0,1,1,0,0,0,0,0,0,0,0,0,0,0,0,1,0,1,0,0,0,0,0,0,0,0,0,0,0,1,0,0,,,kc1,traditional_file
1,record_237,record_237,.,,Unknown,217.0,28.0,18.0,27.0,521.0,3348.08,0.04,23.29,143.73,77990.66,1.12,4332.81,173.0,17.0,23.0,0.0,18.0,68.0,345.0,176.0,54.0,1,1,0,0,0,0,0,0,0,0,0,0,0,0,1,0,1,0,0,0,0,0,0,0,0,0,0,0,1,0,0,,,kc1,traditional_file
1,record_238,record_238,.,,Unknown,150.0,27.0,22.0,18.0,438.0,2799.84,0.02,46.67,60.0,130658.97,0.93,7258.83,113.0,6.0,24.0,0.0,30.0,54.0,270.0,168.0,53.0,1,1,0,0,0,0,0,0,0,0,0,0,0,0,1,0,1,0,0,0,0,0,0,0,0,0,0,0,1,0,0,,,kc1,traditional_file
1,record_239,record_239,.,,Unknown,30.0,3.0,1.0,3.0,77.0,361.93,0.08,12.43,29.12,4498.32,0.12,249.91,26.0,0.0,2.0,0.0,12.0,14.0,48.0,29.0,5.0,1,1,0,0,0,0,0,0,0,0,0,0,0,0,1,0,1,0,0,0,0,0,0,0,0,0,0,0,1,0,0,,,kc1,traditional_file
1,record_240,record_240,.,,Unknown,15.0,1.0,1.0,1.0,39.0,162.63,0.12,8.5,19.13,1382.33,0.05,76.8,12.0,0.0,1.0,0.0,9.0,9.0,22.0,17.0,1.0,1,1,0,0,0,0,0,0,0,0,0,0,0,0,1,0,1,0,0,0,0,0,0,0,0,0,0,0,1,0,0,,,kc1,traditional_file
1,record_241,record_241,.,,Unknown,41.0,1.0,1.0,1.0,0.0,0.0,0.0,0.0,0.0,0.0,0.0,0.0,0.0,0.0,0.0,0.0,0.0,0.0,0.0,0.0,1.0,1,1,0,0,0,0,0,0,0,0,0,0,0,0,1,0,1,0,0,0,0,0,0,0,0,0,0,0,1,0,0,,,kc1,traditional_file
1,record_242,record_242,.,,Unknown,25.0,3.0,3.0,3.0,48.0,217.13,0.11,8.71,24.93,1890.85,0.07,105.05,15.0,0.0,8.0,0.0,11.0,12.0,29.0,19.0,5.0,1,1,0,0,0,0,0,0,0,0,0,0,0,0,1,0,1,0,0,0,0,0,0,0,0,0,0,0,1,0,0,,,kc1,traditional_file
1,record_243,record_243,.,,Unknown,15.0,8.0,4.0,3.0,76.0,383.37,0.06,17.0,22.55,6517.36,0.13,362.08,12.0,0.0,1.0,0.0,17.0,16.0,44.0,32.0,15.0,1,1,0,0,0,0,0,0,0,0,0,0,0,0,1,0,1,0,0,0,0,0,0,0,0,0,0,0,1,0,0,,,kc1,traditional_file
1,record_244,record_244,.,,Unknown,56.0,13.0,7.0,11.0,226.0,1300.6,0.04,25.51,50.98,33184.0,0.43,1843.56,41.0,2.0,11.0,0.0,19.0,35.0,132.0,94.0,25.0,1,1,0,0,0,0,0,0,0,0,0,0,0,0,1,0,1,0,0,0,0,0,0,0,0,0,0,0,1,0,0,,,kc1,traditional_file
1,record_245,record_245,.,,Unknown,20.0,2.0,1.0,2.0,31.0,133.98,0.15,6.5,20.61,870.87,0.04,48.38,10.0,1.0,7.0,0.0,10.0,10.0,18.0,13.0,3.0,1,1,0,0,0,0,0,0,0,0,0,0,0,0,1,0,1,0,0,0,0,0,0,0,0,0,0,0,1,0,0,,,kc1,traditional_file
1,record_246,record_246,.,,Unknown,9.0,2.0,1.0,2.0,41.0,180.09,0.08,12.19,14.78,2194.79,0.06,121.93,6.0,0.0,1.0,0.0,13.0,8.0,26.0,15.0,3.0,1,1,0,0,0,0,0,0,0,0,0,0,0,0,1,0,1,0,0,0,0,0,0,0,0,0,0,0,1,0,0,,,kc1,traditional_file
1,record_247,record_247,.,,Unknown,145.0,25.0,21.0,18.0,441.0,2811.39,0.02,44.04,63.84,123803.5,0.94,6877.97,81.0,3.0,58.0,0.0,28.0,55.0,268.0,173.0,49.0,1,1,0,0,0,0,0,0,0,0,0,0,0,0,1,0,1,0,0,0,0,0,0,0,0,0,0,0,1,0,0,,,kc1,traditional_file
1,record_248,record_248,.,,Unknown,34.0,4.0,1.0,4.0,69.0,298.21,0.06,15.89,18.77,4738.27,0.1,263.24,19.0,0.0,13.0,0.0,11.0,9.0,43.0,26.0,7.0,1,1,0,0,0,0,0,0,0,0,0,0,0,0,1,0,1,0,0,0,0,0,0,0,0,0,0,0,1,0,0,,,kc1,traditional_file
1,record_249,record_249,.,,Unknown,12.0,1.0,1.0,1.0,41.0,182.84,0.12,8.5,21.51,1554.11,0.06,86.34,10.0,0.0,0.0,0.0,11.0,11.0,24.0,17.0,1.0,1,1,0,0,0,0,0,0,0,0,0,0,0,0,1,0,1,0,0,0,0,0,0,0,0,0,0,0,1,0,0,,,kc1,traditional_file
1,record_250,record_250,.,,Unknown,24.0,5.0,3.0,4.0,63.0,320.51,0.06,15.83,20.24,5074.74,0.11,281.93,19.0,0.0,3.0,0.0,19.0,15.0,38.0,25.0,9.0,1,1,0,0,0,0,0,0,0,0,0,0,0,0,1,0,1,0,0,0,0,0,0,0,0,0,0,0,1,0,0,,,kc1,traditional_file
1,record_251,record_251,.,,Unknown,74.0,6.0,5.0,4.0,135.0,753.97,0.07,14.5,52.0,10932.56,0.25,607.36,45.0,10.0,11.0,4.0,16.0,32.0,77.0,58.0,11.0,1,1,0,0,0,0,0,0,0,0,0,0,0,0,1,0,1,0,0,0,0,0,0,0,0,0,0,0,1,0,0,,,kc1,traditional_file
1,record_252,record_252,.,,Unknown,36.0,1.0,1.0,1.0,69.0,293.11,0.09,10.8,27.14,3165.56,0.1,175.86,18.0,11.0,4.0,0.0,9.0,10.0,45.0,24.0,1.0,1,1,0,0,0,0,0,0,0,0,0,0,0,0,1,0,1,0,0,0,0,0,0,0,0,0,0,0,1,0,0,,,kc1,traditional_file
1,record_253,record_253,.,,Unknown,7.0,2.0,1.0,2.0,18.0,59.79,0.29,3.5,17.08,209.28,0.02,11.63,5.0,0.0,0.0,0.0,7.0,3.0,15.0,3.0,3.0,1,1,0,0,0,0,0,0,0,0,0,0,0,0,1,0,1,0,0,0,0,0,0,0,0,0,0,0,1,0,0,,,kc1,traditional_file
1,record_254,record_254,.,,Unknown,7.0,1.0,1.0,1.0,14.0,44.38,0.4,2.5,17.75,110.95,0.01,6.16,5.0,0.0,0.0,0.0,5.0,4.0,10.0,4.0,1.0,1,1,0,0,0,0,0,0,0,0,0,0,0,0,1,0,1,0,0,0,0,0,0,0,0,0,0,0,1,0,0,,,kc1,traditional_file
1,record_255,record_255,.,,Unknown,6.0,1.0,1.0,1.0,13.0,33.6,0.33,3.0,11.2,100.81,0.01,5.6,4.0,0.0,0.0,0.0,4.0,2.0,10.0,3.0,1.0,1,1,0,0,0,0,0,0,0,0,0,0,0,0,1,0,1,0,0,0,0,0,0,0,0,0,0,0,1,0,0,,,kc1,traditional_file
1,record_256,record_256,.,,Unknown,55.0,5.0,1.0,3.0,142.0,765.71,0.07,14.25,53.73,10911.35,0.26,606.19,43.0,3.0,6.0,0.0,14.0,28.0,85.0,57.0,9.0,1,1,0,0,0,0,0,0,0,0,0,0,0,0,1,0,1,0,0,0,0,0,0,0,0,0,0,0,1,0,0,,,kc1,traditional_file
1,record_257,record_257,.,,Unknown,21.0,1.0,1.0,1.0,25.0,95.18,0.3,3.38,28.2,321.25,0.03,17.85,10.0,4.0,5.0,0.0,6.0,8.0,16.0,9.0,1.0,1,1,0,0,0,0,0,0,0,0,0,0,0,0,1,0,1,0,0,0,0,0,0,0,0,0,0,0,1,0,0,,,kc1,traditional_file
1,record_258,record_258,.,,Unknown,17.0,3.0,1.0,3.0,31.0,124.0,0.2,5.0,24.8,620.0,0.04,34.44,11.0,0.0,4.0,0.0,8.0,8.0,21.0,10.0,5.0,1,1,0,0,0,0,0,0,0,0,0,0,0,0,1,0,1,0,0,0,0,0,0,0,0,0,0,0,1,0,0,,,kc1,traditional_file
1,record_259,record_259,.,,Unknown,19.0,3.0,1.0,1.0,31.0,126.71,0.14,7.14,17.74,905.08,0.04,50.28,15.0,0.0,2.0,0.0,10.0,7.0,21.0,10.0,4.0,1,1,0,0,0,0,0,0,0,0,0,0,0,0,1,0,1,0,0,0,0,0,0,0,0,0,0,0,1,0,0,,,kc1,traditional_file
1,record_260,record_260,.,,Unknown,22.0,3.0,1.0,3.0,47.0,206.44,0.09,10.67,19.35,2202.02,0.07,122.33,14.0,2.0,2.0,0.0,12.0,9.0,31.0,16.0,5.0,1,1,0,0,0,0,0,0,0,0,0,0,0,0,1,0,1,0,0,0,0,0,0,0,0,0,0,0,1,0,0,,,kc1,traditional_file
1,record_261,record_261,.,,Unknown,40.0,3.0,1.0,3.0,88.0,451.38,0.1,10.05,44.93,4534.29,0.15,251.9,29.0,2.0,3.0,1.0,13.0,22.0,54.0,34.0,5.0,1,1,0,0,0,0,0,0,0,0,0,0,0,0,1,0,1,0,0,0,0,0,0,0,0,0,0,0,1,0,0,,,kc1,traditional_file
1,record_262,record_262,.,,Unknown,15.0,2.0,1.0,2.0,17.0,60.94,0.2,4.9,12.44,298.63,0.02,16.59,8.0,3.0,1.0,0.0,7.0,5.0,10.0,7.0,3.0,1,1,0,0,0,0,0,0,0,0,0,0,0,0,1,0,1,0,0,0,0,0,0,0,0,0,0,0,1,0,0,,,kc1,traditional_file
1,record_263,record_263,.,,Unknown,27.0,5.0,3.0,4.0,113.0,609.33,0.06,17.27,35.28,10524.82,0.2,584.71,21.0,0.0,4.0,0.0,20.0,22.0,75.0,38.0,9.0,1,1,0,0,0,0,0,0,0,0,0,0,0,0,1,0,1,0,0,0,0,0,0,0,0,0,0,0,1,0,0,,,kc1,traditional_file
1,record_264,record_264,.,,Unknown,35.0,1.0,1.0,1.0,32.0,133.44,0.19,5.2,25.66,693.88,0.04,38.55,8.0,18.0,0.0,0.0,8.0,10.0,19.0,13.0,1.0,1,1,0,0,0,0,0,0,0,0,0,0,0,0,1,0,1,0,0,0,0,0,0,0,0,0,0,0,1,0,0,,,kc1,traditional_file
1,record_265,record_265,.,,Unknown,30.0,2.0,1.0,2.0,93.0,460.74,0.14,7.14,64.5,3291.0,0.15,182.83,21.0,0.0,1.0,0.0,10.0,21.0,63.0,30.0,3.0,1,1,0,0,0,0,0,0,0,0,0,0,0,0,1,0,1,0,0,0,0,0,0,0,0,0,0,0,1,0,0,,,kc1,traditional_file
1,record_266,record_266,.,,Unknown,12.0,1.0,1.0,1.0,22.0,88.0,0.33,3.0,29.33,264.0,0.03,14.67,4.0,0.0,0.0,0.0,6.0,10.0,12.0,10.0,1.0,1,1,0,0,0,0,0,0,0,0,0,0,0,0,1,0,1,0,0,0,0,0,0,0,0,0,0,0,1,0,0,,,kc1,traditional_file
1,record_267,record_267,.,,Unknown,22.0,1.0,1.0,1.0,14.0,50.19,0.91,1.1,45.63,55.21,0.02,3.07,11.0,0.0,1.0,0.0,2.0,10.0,3.0,11.0,1.0,1,1,0,0,0,0,0,0,0,0,0,0,0,0,1,0,1,0,0,0,0,0,0,0,0,0,0,0,1,0,0,,,kc1,traditional_file
1,record_268,record_268,.,,Unknown,40.0,5.0,3.0,4.0,106.0,534.71,0.07,13.98,38.26,7472.51,0.18,415.14,35.0,0.0,2.0,0.0,13.0,20.0,63.0,43.0,9.0,1,1,0,0,0,0,0,0,0,0,0,0,0,0,1,0,1,0,0,0,0,0,0,0,0,0,0,0,1,0,0,,,kc1,traditional_file
1,record_269,record_269,.,,Unknown,176.0,16.0,10.0,14.0,385.0,2467.62,0.04,27.24,90.59,67213.15,0.82,3734.06,123.0,26.0,25.0,0.0,22.0,63.0,229.0,156.0,31.0,1,1,0,0,0,0,0,0,0,0,0,0,0,0,1,0,1,0,0,0,0,0,0,0,0,0,0,0,1,0,0,,,kc1,traditional_file
1,record_270,record_270,.,,Unknown,132.0,13.0,10.0,13.0,278.0,1757.5,0.05,22.19,79.19,39004.08,0.59,2166.89,88.0,24.0,18.0,0.0,23.0,57.0,168.0,110.0,25.0,1,1,0,0,0,0,0,0,0,0,0,0,0,0,1,0,1,0,0,0,0,0,0,0,0,0,0,0,1,0,0,,,kc1,traditional_file
1,record_271,record_271,.,,Unknown,101.0,13.0,6.0,12.0,214.0,1264.07,0.06,17.79,71.07,22482.47,0.42,1249.03,86.0,8.0,5.0,0.0,18.0,42.0,131.0,83.0,25.0,1,1,0,0,0,0,0,0,0,0,0,0,0,0,1,0,1,0,0,0,0,0,0,0,0,0,0,0,1,0,0,,,kc1,traditional_file
1,record_272,record_272,.,,Unknown,7.0,1.0,1.0,1.0,20.0,78.14,0.25,4.0,19.53,312.55,0.03,17.36,5.0,0.0,0.0,0.0,8.0,7.0,13.0,7.0,1.0,1,1,0,0,0,0,0,0,0,0,0,0,0,0,1,0,1,0,0,0,0,0,0,0,0,0,0,0,1,0,0,,,kc1,traditional_file
1,record_273,record_273,.,,Unknown,11.0,1.0,1.0,1.0,24.0,91.38,0.22,4.5,20.31,411.19,0.03,22.84,6.0,0.0,0.0,0.0,7.0,7.0,15.0,9.0,1.0,1,1,0,0,0,0,0,0,0,0,0,0,0,0,1,0,1,0,0,0,0,0,0,0,0,0,0,0,1,0,0,,,kc1,traditional_file
1,record_274,record_274,.,,Unknown,11.0,1.0,1.0,1.0,24.0,91.38,0.22,4.5,20.31,411.19,0.03,22.84,6.0,0.0,0.0,0.0,7.0,7.0,15.0,9.0,1.0,1,1,0,0,0,0,0,0,0,0,0,0,0,0,1,0,1,0,0,0,0,0,0,0,0,0,0,0,1,0,0,,,kc1,traditional_file
1,record_275,record_275,.,,Unknown,11.0,1.0,1.0,1.0,24.0,91.38,0.22,4.5,20.31,411.19,0.03,22.84,6.0,0.0,0.0,0.0,7.0,7.0,15.0,9.0,1.0,1,1,0,0,0,0,0,0,0,0,0,0,0,0,1,0,1,0,0,0,0,0,0,0,0,0,0,0,1,0,0,,,kc1,traditional_file
1,record_276,record_276,.,,Unknown,11.0,1.0,1.0,1.0,24.0,91.38,0.22,4.5,20.31,411.19,0.03,22.84,6.0,0.0,0.0,0.0,7.0,7.0,15.0,9.0,1.0,1,1,0,0,0,0,0,0,0,0,0,0,0,0,1,0,1,0,0,0,0,0,0,0,0,0,0,0,1,0,0,,,kc1,traditional_file
1,record_277,record_277,.,,Unknown,16.0,2.0,1.0,2.0,29.0,113.3,0.15,6.86,16.52,776.91,0.04,43.16,10.0,0.0,2.0,0.0,8.0,7.0,17.0,12.0,3.0,1,1,0,0,0,0,0,0,0,0,0,0,0,0,1,0,1,0,0,0,0,0,0,0,0,0,0,0,1,0,0,,,kc1,traditional_file
1,record_278,record_278,.,,Unknown,38.0,2.0,1.0,2.0,90.0,445.88,0.08,13.0,34.3,5796.41,0.15,322.02,27.0,4.0,5.0,0.0,13.0,18.0,54.0,36.0,3.0,1,1,0,0,0,0,0,0,0,0,0,0,0,0,1,0,1,0,0,0,0,0,0,0,0,0,0,0,1,0,0,,,kc1,traditional_file
1,record_279,record_279,.,,Unknown,50.0,5.0,1.0,5.0,116.0,621.48,0.08,11.93,52.11,7411.68,0.21,411.76,41.0,4.0,3.0,0.0,14.0,27.0,70.0,46.0,9.0,1,1,0,0,0,0,0,0,0,0,0,0,0,0,1,0,1,0,0,0,0,0,0,0,0,0,0,0,1,0,0,,,kc1,traditional_file
1,record_280,record_280,.,,Unknown,4.0,1.0,1.0,1.0,4.0,8.0,1.0,1.0,8.0,8.0,0.0,0.44,1.0,0.0,0.0,0.0,2.0,2.0,2.0,2.0,1.0,1,1,0,0,0,0,0,0,0,0,0,0,0,0,1,0,1,0,0,0,0,0,0,0,0,0,0,0,1,0,0,,,kc1,traditional_file
1,record_281,record_281,.,,Unknown,60.0,6.0,3.0,5.0,176.0,982.95,0.05,19.5,50.41,19167.59,0.33,1064.87,46.0,0.0,5.0,0.0,18.0,30.0,111.0,65.0,11.0,1,1,0,0,0,0,0,0,0,0,0,0,0,0,1,0,1,0,0,0,0,0,0,0,0,0,0,0,1,0,0,,,kc1,traditional_file
1,record_282,record_282,.,,Unknown,63.0,8.0,5.0,8.0,133.0,730.42,0.06,17.0,42.97,12417.08,0.24,689.84,54.0,1.0,6.0,0.0,18.0,27.0,82.0,51.0,15.0,1,1,0,0,0,0,0,0,0,0,0,0,0,0,1,0,1,0,0,0,0,0,0,0,0,0,0,0,1,0,0,,,kc1,traditional_file
1,record_283,record_283,.,,Unknown,72.0,11.0,7.0,9.0,154.0,850.63,0.04,26.13,32.56,22222.67,0.28,1234.59,60.0,2.0,5.0,1.0,22.0,24.0,97.0,57.0,21.0,1,1,0,0,0,0,0,0,0,0,0,0,0,0,1,0,1,0,0,0,0,0,0,0,0,0,0,0,1,0,0,,,kc1,traditional_file
1,record_284,record_284,.,,Unknown,57.0,6.0,1.0,5.0,195.0,1132.43,0.06,15.47,73.18,17523.69,0.38,973.54,48.0,2.0,5.0,0.0,17.0,39.0,124.0,71.0,10.0,1,1,0,0,0,0,0,0,0,0,0,0,0,0,1,0,1,0,0,0,0,0,0,0,0,0,0,0,1,0,0,,,kc1,traditional_file
1,record_285,record_285,.,,Unknown,82.0,16.0,13.0,16.0,204.0,1106.96,0.06,16.45,67.29,18211.24,0.37,1011.74,75.0,2.0,3.0,0.0,12.0,31.0,119.0,85.0,31.0,1,1,0,0,0,0,0,0,0,0,0,0,0,0,1,0,1,0,0,0,0,0,0,0,0,0,0,0,1,0,0,,,kc1,traditional_file
1,record_286,record_286,.,,Unknown,288.0,45.0,7.0,45.0,794.0,5228.46,0.02,44.9,116.45,234743.54,1.74,13041.31,262.0,9.0,15.0,0.0,23.0,73.0,509.0,285.0,89.0,1,1,0,0,0,0,0,0,0,0,0,0,0,0,1,0,1,0,0,0,0,0,0,0,0,0,0,0,1,0,0,,,kc1,traditional_file
1,record_287,record_287,.,,Unknown,96.0,9.0,1.0,8.0,274.0,1554.24,0.04,22.29,69.72,34646.7,0.52,1924.82,82.0,7.0,5.0,0.0,15.0,36.0,167.0,107.0,17.0,1,1,0,0,0,0,0,0,0,0,0,0,0,0,1,0,1,0,0,0,0,0,0,0,0,0,0,0,1,0,0,,,kc1,traditional_file
1,record_288,record_288,.,,Unknown,68.0,18.0,5.0,18.0,192.0,1066.48,0.06,15.48,68.88,16513.25,0.36,917.4,53.0,10.0,3.0,0.0,16.0,31.0,132.0,60.0,35.0,1,1,0,0,0,0,0,0,0,0,0,0,0,0,1,0,1,0,0,0,0,0,0,0,0,0,0,0,1,0,0,,,kc1,traditional_file
1,record_289,record_289,.,,Unknown,84.0,11.0,1.0,11.0,254.0,1500.35,0.03,28.95,51.83,43431.19,0.5,2412.84,65.0,4.0,13.0,0.0,22.0,38.0,154.0,100.0,21.0,1,1,0,0,0,0,0,0,0,0,0,0,0,0,1,0,1,0,0,0,0,0,0,0,0,0,0,0,1,0,0,,,kc1,traditional_file
1,record_290,record_290,.,,Unknown,20.0,2.0,1.0,2.0,20.0,74.01,0.16,6.42,11.53,474.89,0.02,26.38,6.0,10.0,2.0,1.0,7.0,6.0,9.0,11.0,3.0,1,1,0,0,0,0,0,0,0,0,0,0,0,0,1,0,1,0,0,0,0,0,0,0,0,0,0,0,1,0,0,,,kc1,traditional_file
1,record_291,record_291,.,,Unknown,72.0,12.0,8.0,10.0,215.0,1269.98,0.04,23.42,54.22,29746.87,0.42,1652.6,53.0,6.0,10.0,1.0,21.0,39.0,128.0,87.0,23.0,1,1,0,0,0,0,0,0,0,0,0,0,0,0,1,0,1,0,0,0,0,0,0,0,0,0,0,0,1,0,0,,,kc1,traditional_file
1,record_292,record_292,.,,Unknown,16.0,1.0,1.0,1.0,43.0,175.76,0.16,6.27,28.02,1102.5,0.06,61.25,14.0,0.0,1.0,0.0,6.0,11.0,20.0,23.0,1.0,1,1,0,0,0,0,0,0,0,0,0,0,0,0,1,0,1,0,0,0,0,0,0,0,0,0,0,0,1,0,0,,,kc1,traditional_file
1,record_293,record_293,.,,Unknown,40.0,5.0,1.0,5.0,125.0,674.04,0.05,19.88,33.91,13396.54,0.22,744.25,28.0,0.0,10.0,0.0,18.0,24.0,72.0,53.0,9.0,1,1,0,0,0,0,0,0,0,0,0,0,0,0,1,0,1,0,0,0,0,0,0,0,0,0,0,0,1,0,0,,,kc1,traditional_file
1,record_294,record_294,.,,Unknown,12.0,1.0,1.0,1.0,41.0,187.98,0.16,6.43,29.24,1208.47,0.06,67.14,9.0,0.0,1.0,0.0,10.0,14.0,23.0,18.0,1.0,1,1,0,0,0,0,0,0,0,0,0,0,0,0,1,0,1,0,0,0,0,0,0,0,0,0,0,0,1,0,0,,,kc1,traditional_file
1,record_295,record_295,.,,Unknown,11.0,1.0,1.0,1.0,41.0,187.98,0.16,6.43,29.24,1208.47,0.06,67.14,9.0,0.0,0.0,0.0,10.0,14.0,23.0,18.0,1.0,1,1,0,0,0,0,0,0,0,0,0,0,0,0,1,0,1,0,0,0,0,0,0,0,0,0,0,0,1,0,0,,,kc1,traditional_file
1,record_296,record_296,.,,Unknown,50.0,8.0,3.0,4.0,240.0,1480.78,0.03,34.78,42.58,51502.32,0.49,2861.24,40.0,0.0,8.0,0.0,31.0,41.0,148.0,92.0,15.0,1,1,0,0,0,0,0,0,0,0,0,0,0,0,1,0,1,0,0,0,0,0,0,0,0,0,0,0,1,0,0,,,kc1,traditional_file
1,record_297,record_297,.,,Unknown,25.0,2.0,1.0,2.0,38.0,169.46,0.19,5.19,32.64,879.88,0.06,48.88,18.0,2.0,3.0,0.0,9.0,13.0,23.0,15.0,3.0,1,1,0,0,0,0,0,0,0,0,0,0,0,0,1,0,1,0,0,0,0,0,0,0,0,0,0,0,1,0,0,,,kc1,traditional_file
1,record_298,record_298,.,,Unknown,4.0,1.0,1.0,1.0,6.0,15.51,0.4,2.5,6.2,38.77,0.01,2.15,2.0,0.0,0.0,0.0,5.0,1.0,5.0,1.0,1.0,1,1,0,0,0,0,0,0,0,0,0,0,0,0,1,0,1,0,0,0,0,0,0,0,0,0,0,0,1,0,0,,,kc1,traditional_file
1,record_299,record_299,.,,Unknown,220.0,12.0,8.0,12.0,453.0,3028.98,0.05,21.49,140.96,65087.11,1.01,3615.95,142.0,44.0,32.0,0.0,19.0,84.0,263.0,190.0,23.0,1,1,0,0,0,0,0,0,0,0,0,0,0,0,1,0,1,0,0,0,0,0,0,0,0,0,0,0,1,0,0,,,kc1,traditional_file
1,record_300,record_300,.,,Unknown,22.0,1.0,1.0,1.0,69.0,331.71,0.18,5.6,59.23,1857.56,0.11,103.2,13.0,0.0,0.0,0.0,8.0,20.0,41.0,28.0,1.0,1,1,0,0,0,0,0,0,0,0,0,0,0,0,1,0,1,0,0,0,0,0,0,0,0,0,0,0,1,0,0,,,kc1,traditional_file
1,record_301,record_301,.,,Unknown,23.0,1.0,1.0,1.0,69.0,331.71,0.18,5.6,59.23,1857.56,0.11,103.2,13.0,0.0,0.0,0.0,8.0,20.0,41.0,28.0,1.0,1,1,0,0,0,0,0,0,0,0,0,0,0,0,1,0,1,0,0,0,0,0,0,0,0,0,0,0,1,0,0,,,kc1,traditional_file
1,record_302,record_302,.,,Unknown,89.0,6.0,4.0,5.0,189.0,1043.95,0.04,23.74,43.97,24784.89,0.35,1376.94,60.0,8.0,12.0,1.0,17.0,29.0,108.0,81.0,11.0,1,1,0,0,0,0,0,0,0,0,0,0,0,0,1,0,1,0,0,0,0,0,0,0,0,0,0,0,1,0,0,,,kc1,traditional_file
1,record_303,record_303,.,,Unknown,15.0,1.0,1.0,1.0,41.0,177.2,0.19,5.33,33.22,945.06,0.06,52.5,9.0,0.0,0.0,0.0,8.0,12.0,25.0,16.0,1.0,1,1,0,0,0,0,0,0,0,0,0,0,0,0,1,0,1,0,0,0,0,0,0,0,0,0,0,0,1,0,0,,,kc1,traditional_file
1,record_304,record_304,.,,Unknown,100.0,7.0,3.0,6.0,362.0,2281.97,0.04,26.82,85.07,61212.81,0.76,3400.71,86.0,2.0,9.0,0.0,22.0,57.0,223.0,139.0,12.0,1,1,0,0,0,0,0,0,0,0,0,0,0,0,1,0,1,0,0,0,0,0,0,0,0,0,0,0,1,0,0,,,kc1,traditional_file
1,record_305,record_305,.,,Unknown,12.0,1.0,1.0,1.0,18.0,66.61,0.21,4.67,14.27,310.84,0.02,17.27,6.0,0.0,2.0,0.0,7.0,6.0,10.0,8.0,1.0,1,1,0,0,0,0,0,0,0,0,0,0,0,0,1,0,1,0,0,0,0,0,0,0,0,0,0,0,1,0,0,,,kc1,traditional_file
1,record_306,record_306,.,,Unknown,72.0,7.0,1.0,7.0,142.0,779.84,0.07,14.62,53.34,11401.84,0.26,633.44,46.0,10.0,12.0,0.0,16.0,29.0,89.0,53.0,13.0,1,1,0,0,0,0,0,0,0,0,0,0,0,0,1,0,1,0,0,0,0,0,0,0,0,0,0,0,1,0,0,,,kc1,traditional_file
1,record_307,record_307,.,,Unknown,23.0,1.0,1.0,1.0,46.0,218.72,0.32,3.14,69.59,687.42,0.07,38.19,15.0,0.0,2.0,0.0,6.0,21.0,24.0,22.0,1.0,1,1,0,0,0,0,0,0,0,0,0,0,0,0,1,0,1,0,0,0,0,0,0,0,0,0,0,0,1,0,0,,,kc1,traditional_file
1,record_308,record_308,.,,Unknown,140.0,18.0,10.0,18.0,376.0,2304.61,0.04,27.6,83.5,63607.25,0.77,3533.74,124.0,8.0,6.0,0.0,20.0,50.0,238.0,138.0,35.0,1,1,0,0,0,0,0,0,0,0,0,0,0,0,1,0,1,0,0,0,0,0,0,0,0,0,0,0,1,0,0,,,kc1,traditional_file
1,record_309,record_309,.,,Unknown,162.0,17.0,12.0,16.0,334.0,2011.47,0.03,35.6,56.51,71598.78,0.67,3977.71,114.0,35.0,11.0,0.0,23.0,42.0,204.0,130.0,33.0,1,1,0,0,0,0,0,0,0,0,0,0,0,0,1,0,1,0,0,0,0,0,0,0,0,0,0,0,1,0,0,,,kc1,traditional_file
1,record_310,record_310,.,,Unknown,33.0,1.0,1.0,1.0,55.0,252.17,0.11,9.31,27.09,2347.15,0.08,130.4,24.0,3.0,3.0,0.0,11.0,13.0,33.0,22.0,9.0,1,1,0,0,0,0,0,0,0,0,0,0,0,0,1,0,1,0,0,0,0,0,0,0,0,0,0,0,1,0,0,,,kc1,traditional_file
1,record_311,record_311,.,,Unknown,82.0,13.0,4.0,12.0,196.0,1117.29,0.03,29.7,37.62,33183.4,0.37,1843.52,71.0,2.0,7.0,0.0,22.0,30.0,115.0,81.0,25.0,1,1,0,0,0,0,0,0,0,0,0,0,0,0,1,0,1,0,0,0,0,0,0,0,0,0,0,0,1,0,0,,,kc1,traditional_file
1,record_312,record_312,.,,Unknown,73.0,10.0,7.0,9.0,247.0,1421.46,0.02,40.09,35.46,56980.83,0.47,3165.6,59.0,0.0,12.0,0.0,25.0,29.0,154.0,93.0,19.0,1,1,0,0,0,0,0,0,0,0,0,0,0,0,1,0,1,0,0,0,0,0,0,0,0,0,0,0,1,0,0,,,kc1,traditional_file
1,record_313,record_313,.,,Unknown,109.0,18.0,14.0,15.0,399.0,2550.53,0.02,42.25,60.37,107760.09,0.85,5986.67,93.0,1.0,12.0,0.0,28.0,56.0,230.0,169.0,35.0,1,1,0,0,0,0,0,0,0,0,0,0,0,0,1,0,1,0,0,0,0,0,0,0,0,0,0,0,1,0,0,,,kc1,traditional_file
1,record_314,record_314,.,,Unknown,61.0,5.0,1.0,2.0,148.0,817.49,0.06,16.0,51.09,13079.79,0.27,726.66,39.0,10.0,7.0,0.0,16.0,30.0,88.0,60.0,9.0,1,1,0,0,0,0,0,0,0,0,0,0,0,0,1,0,1,0,0,0,0,0,0,0,0,0,0,0,1,0,0,,,kc1,traditional_file
1,record_315,record_315,.,,Unknown,153.0,27.0,15.0,18.0,497.0,3294.79,0.02,48.32,68.18,159215.89,1.1,8845.33,137.0,2.0,11.0,0.0,31.0,68.0,285.0,212.0,53.0,1,1,0,0,0,0,0,0,0,0,0,0,0,0,1,0,1,0,0,0,0,0,0,0,0,0,0,0,1,0,0,,,kc1,traditional_file
1,record_316,record_316,.,,Unknown,33.0,1.0,1.0,1.0,65.0,325.0,0.17,5.83,55.71,1895.83,0.11,105.32,24.0,1.0,1.0,0.0,8.0,24.0,30.0,35.0,1.0,1,1,0,0,0,0,0,0,0,0,0,0,0,0,1,0,1,0,0,0,0,0,0,0,0,0,0,0,1,0,0,,,kc1,traditional_file
1,record_317,record_317,.,,Unknown,10.0,1.0,1.0,1.0,18.0,66.61,0.4,2.5,26.64,166.52,0.02,9.25,5.0,0.0,0.0,0.0,5.0,8.0,10.0,8.0,1.0,1,1,0,0,0,0,0,0,0,0,0,0,0,0,1,0,1,0,0,0,0,0,0,0,0,0,0,0,1,0,0,,,kc1,traditional_file
1,record_318,record_318,.,,Unknown,81.0,4.0,1.0,4.0,162.0,899.84,0.06,15.47,58.17,13919.45,0.3,773.3,46.0,16.0,17.0,0.0,15.0,32.0,96.0,66.0,7.0,1,1,0,0,0,0,0,0,0,0,0,0,0,0,1,0,1,0,0,0,0,0,0,0,0,0,0,0,1,0,0,,,kc1,traditional_file
1,record_319,record_319,.,,Unknown,97.0,11.0,8.0,8.0,216.0,1259.9,0.03,30.44,41.39,38352.97,0.42,2130.72,70.0,10.0,13.0,2.0,23.0,34.0,126.0,90.0,21.0,1,1,0,0,0,0,0,0,0,0,0,0,0,0,1,0,1,0,0,0,0,0,0,0,0,0,0,0,1,0,0,,,kc1,traditional_file
1,record_320,record_320,.,,Unknown,3.0,1.0,1.0,1.0,4.0,8.0,1.0,1.0,8.0,8.0,0.0,0.44,2.0,0.0,0.0,0.0,2.0,2.0,2.0,2.0,1.0,1,1,0,0,0,0,0,0,0,0,0,0,0,0,1,0,1,0,0,0,0,0,0,0,0,0,0,0,1,0,0,,,kc1,traditional_file
1,record_321,record_321,.,,Unknown,75.0,9.0,6.0,9.0,284.0,1746.53,0.03,30.43,57.39,53155.21,0.58,2953.07,52.0,1.0,18.0,0.0,25.0,46.0,172.0,112.0,17.0,1,1,0,0,0,0,0,0,0,0,0,0,0,0,1,0,1,0,0,0,0,0,0,0,0,0,0,0,1,0,0,,,kc1,traditional_file
1,record_322,record_322,.,,Unknown,98.0,17.0,3.0,15.0,307.0,1875.32,0.03,31.25,60.01,58603.66,0.63,3255.76,82.0,0.0,14.0,0.0,23.0,46.0,182.0,125.0,33.0,1,1,0,0,0,0,0,0,0,0,0,0,0,0,1,0,1,0,0,0,0,0,0,0,0,0,0,0,1,0,0,,,kc1,traditional_file
1,record_323,record_323,.,,Unknown,119.0,14.0,12.0,13.0,220.0,1304.76,0.03,31.2,41.82,40708.58,0.43,2261.59,81.0,23.0,13.0,0.0,26.0,35.0,136.0,84.0,27.0,1,1,0,0,0,0,0,0,0,0,0,0,0,0,1,0,1,0,0,0,0,0,0,0,0,0,0,0,1,0,0,,,kc1,traditional_file
1,record_324,record_324,.,,Unknown,35.0,5.0,5.0,5.0,88.0,418.43,0.05,21.25,19.69,8891.64,0.14,493.98,28.0,0.0,3.0,0.0,15.0,12.0,54.0,34.0,9.0,1,1,0,0,0,0,0,0,0,0,0,0,0,0,1,0,1,0,0,0,0,0,0,0,0,0,0,0,1,0,0,,,kc1,traditional_file
1,record_325,record_325,.,,Unknown,116.0,12.0,6.0,12.0,382.0,2467.5,0.06,18.0,137.08,44415.05,0.82,2467.5,97.0,2.0,15.0,0.0,18.0,70.0,242.0,140.0,23.0,1,1,0,0,0,0,0,0,0,0,0,0,0,0,1,0,1,0,0,0,0,0,0,0,0,0,0,0,1,0,0,,,kc1,traditional_file
1,record_326,record_326,.,,Unknown,205.0,26.0,16.0,19.0,491.0,3179.59,0.02,49.32,64.47,156823.6,1.06,8712.42,171.0,9.0,16.0,7.0,30.0,59.0,297.0,194.0,51.0,1,1,0,0,0,0,0,0,0,0,0,0,0,0,1,0,1,0,0,0,0,0,0,0,0,0,0,0,1,0,0,,,kc1,traditional_file
0,record_327,record_327,.,,Unknown,5.0,1.0,1.0,1.0,11.0,30.88,0.38,2.67,11.58,82.35,0.01,4.57,3.0,0.0,0.0,0.0,4.0,3.0,7.0,4.0,1.0,1,1,0,0,0,0,0,0,0,0,0,0,0,0,1,0,1,0,0,0,0,0,0,0,0,0,0,0,1,0,0,,,kc1,traditional_file
0,record_328,record_328,.,,Unknown,3.0,1.0,1.0,1.0,1.0,0.0,0.0,0.0,0.0,0.0,0.0,0.0,1.0,0.0,0.0,0.0,1.0,0.0,1.0,0.0,1.0,1,1,0,0,0,0,0,0,0,0,0,0,0,0,1,0,1,0,0,0,0,0,0,0,0,0,0,0,1,0,0,,,kc1,traditional_file
0,record_329,record_329,.,,Unknown,3.0,1.0,1.0,1.0,1.0,0.0,0.0,0.0,0.0,0.0,0.0,0.0,1.0,0.0,0.0,0.0,1.0,0.0,1.0,0.0,1.0,1,1,0,0,0,0,0,0,0,0,0,0,0,0,1,0,1,0,0,0,0,0,0,0,0,0,0,0,1,0,0,,,kc1,traditional_file
0,record_330,record_330,.,,Unknown,3.0,1.0,1.0,1.0,1.0,0.0,0.0,0.0,0.0,0.0,0.0,0.0,1.0,0.0,0.0,0.0,1.0,0.0,1.0,0.0,1.0,1,1,0,0,0,0,0,0,0,0,0,0,0,0,1,0,1,0,0,0,0,0,0,0,0,0,0,0,1,0,0,,,kc1,traditional_file
0,record_331,record_331,.,,Unknown,12.0,1.0,1.0,1.0,19.0,63.12,0.29,3.5,18.03,220.91,0.02,12.27,8.0,0.0,2.0,0.0,5.0,5.0,12.0,7.0,1.0,1,1,0,0,0,0,0,0,0,0,0,0,0,0,1,0,1,0,0,0,0,0,0,0,0,0,0,0,1,0,0,,,kc1,traditional_file
0,record_332,record_332,.,,Unknown,5.0,1.0,1.0,1.0,11.0,30.88,0.38,2.67,11.58,82.35,0.01,4.57,3.0,0.0,0.0,0.0,4.0,3.0,7.0,4.0,1.0,1,1,0,0,0,0,0,0,0,0,0,0,0,0,1,0,1,0,0,0,0,0,0,0,0,0,0,0,1,0,0,,,kc1,traditional_file
0,record_333,record_333,.,,Unknown,3.0,1.0,1.0,1.0,1.0,0.0,0.0,0.0,0.0,0.0,0.0,0.0,1.0,0.0,0.0,0.0,1.0,0.0,1.0,0.0,1.0,1,1,0,0,0,0,0,0,0,0,0,0,0,0,1,0,1,0,0,0,0,0,0,0,0,0,0,0,1,0,0,,,kc1,traditional_file
0,record_334,record_334,.,,Unknown,3.0,1.0,1.0,1.0,1.0,0.0,0.0,0.0,0.0,0.0,0.0,0.0,1.0,0.0,0.0,0.0,1.0,0.0,1.0,0.0,1.0,1,1,0,0,0,0,0,0,0,0,0,0,0,0,1,0,1,0,0,0,0,0,0,0,0,0,0,0,1,0,0,,,kc1,traditional_file
0,record_335,record_335,.,,Unknown,3.0,1.0,1.0,1.0,1.0,0.0,0.0,0.0,0.0,0.0,0.0,0.0,1.0,0.0,0.0,0.0,1.0,0.0,1.0,0.0,1.0,1,1,0,0,0,0,0,0,0,0,0,0,0,0,1,0,1,0,0,0,0,0,0,0,0,0,0,0,1,0,0,,,kc1,traditional_file
0,record_336,record_336,.,,Unknown,13.0,1.0,1.0,1.0,29.0,110.41,0.27,3.75,29.44,414.05,0.04,23.0,9.0,0.0,2.0,0.0,6.0,8.0,19.0,10.0,1.0,1,1,0,0,0,0,0,0,0,0,0,0,0,0,1,0,1,0,0,0,0,0,0,0,0,0,0,0,1,0,0,,,kc1,traditional_file
0,record_337,record_337,.,,Unknown,12.0,1.0,1.0,1.0,19.0,63.12,0.29,3.5,18.03,220.91,0.02,12.27,8.0,0.0,2.0,0.0,5.0,5.0,12.0,7.0,1.0,1,1,0,0,0,0,0,0,0,0,0,0,0,0,1,0,1,0,0,0,0,0,0,0,0,0,0,0,1,0,0,,,kc1,traditional_file
0,record_338,record_338,.,,Unknown,3.0,1.0,1.0,1.0,1.0,0.0,0.0,0.0,0.0,0.0,0.0,0.0,1.0,0.0,0.0,0.0,1.0,0.0,1.0,0.0,1.0,1,1,0,0,0,0,0,0,0,0,0,0,0,0,1,0,1,0,0,0,0,0,0,0,0,0,0,0,1,0,0,,,kc1,traditional_file
0,record_339,record_339,.,,Unknown,12.0,1.0,1.0,1.0,19.0,63.12,0.29,3.5,18.03,220.91,0.02,12.27,8.0,0.0,2.0,0.0,5.0,5.0,12.0,7.0,1.0,1,1,0,0,0,0,0,0,0,0,0,0,0,0,1,0,1,0,0,0,0,0,0,0,0,0,0,0,1,0,0,,,kc1,traditional_file
0,record_340,record_340,.,,Unknown,4.0,1.0,1.0,1.0,1.0,0.0,0.0,0.0,0.0,0.0,0.0,0.0,1.0,0.0,1.0,0.0,1.0,0.0,1.0,0.0,1.0,1,1,0,0,0,0,0,0,0,0,0,0,0,0,1,0,1,0,0,0,0,0,0,0,0,0,0,0,1,0,0,,,kc1,traditional_file
0,record_341,record_341,.,,Unknown,13.0,1.0,1.0,1.0,27.0,102.8,0.14,7.33,14.02,753.86,0.03,41.88,8.0,0.0,2.0,0.0,8.0,6.0,16.0,11.0,1.0,1,1,0,0,0,0,0,0,0,0,0,0,0,0,1,0,1,0,0,0,0,0,0,0,0,0,0,0,1,0,0,,,kc1,traditional_file
0,record_342,record_342,.,,Unknown,16.0,3.0,3.0,2.0,43.0,188.87,0.1,10.0,18.89,1888.7,0.06,104.93,12.0,0.0,2.0,0.0,12.0,9.0,28.0,15.0,5.0,1,1,0,0,0,0,0,0,0,0,0,0,0,0,1,0,1,0,0,0,0,0,0,0,0,0,0,0,1,0,0,,,kc1,traditional_file
0,record_343,record_343,.,,Unknown,16.0,3.0,3.0,2.0,43.0,188.87,0.1,10.0,18.89,1888.7,0.06,104.93,12.0,0.0,2.0,0.0,12.0,9.0,28.0,15.0,5.0,1,1,0,0,0,0,0,0,0,0,0,0,0,0,1,0,1,0,0,0,0,0,0,0,0,0,0,0,1,0,0,,,kc1,traditional_file
0,record_344,record_344,.,,Unknown,16.0,3.0,3.0,2.0,43.0,188.87,0.1,10.0,18.89,1888.7,0.06,104.93,12.0,0.0,2.0,0.0,12.0,9.0,28.0,15.0,5.0,1,1,0,0,0,0,0,0,0,0,0,0,0,0,1,0,1,0,0,0,0,0,0,0,0,0,0,0,1,0,0,,,kc1,traditional_file
0,record_345,record_345,.,,Unknown,16.0,1.0,1.0,1.0,34.0,141.78,0.19,5.2,27.26,737.24,0.05,40.96,10.0,0.0,2.0,0.0,8.0,10.0,21.0,13.0,1.0,1,1,0,0,0,0,0,0,0,0,0,0,0,0,1,0,1,0,0,0,0,0,0,0,0,0,0,0,1,0,0,,,kc1,traditional_file
0,record_346,record_346,.,,Unknown,35.0,6.0,5.0,6.0,85.0,412.93,0.09,11.38,36.3,4697.06,0.14,260.95,26.0,1.0,6.0,0.0,13.0,16.0,57.0,28.0,11.0,1,1,0,0,0,0,0,0,0,0,0,0,0,0,1,0,1,0,0,0,0,0,0,0,0,0,0,0,1,0,0,,,kc1,traditional_file
0,record_347,record_347,.,,Unknown,14.0,2.0,1.0,2.0,30.0,122.62,0.17,5.78,21.22,708.49,0.04,39.36,10.0,0.0,1.0,0.0,8.0,9.0,17.0,13.0,3.0,1,1,0,0,0,0,0,0,0,0,0,0,0,0,1,0,1,0,0,0,0,0,0,0,0,0,0,0,1,0,0,,,kc1,traditional_file
0,record_348,record_348,.,,Unknown,40.0,4.0,1.0,4.0,103.0,484.15,0.06,15.86,30.53,7677.16,0.16,426.51,32.0,0.0,1.0,0.0,12.0,14.0,66.0,37.0,7.0,1,1,0,0,0,0,0,0,0,0,0,0,0,0,1,0,1,0,0,0,0,0,0,0,0,0,0,0,1,0,0,,,kc1,traditional_file
0,record_349,record_349,.,,Unknown,38.0,4.0,3.0,4.0,94.0,489.69,0.09,11.57,42.34,5663.36,0.16,314.63,27.0,3.0,3.0,0.0,14.0,23.0,56.0,38.0,7.0,1,1,0,0,0,0,0,0,0,0,0,0,0,0,1,0,1,0,0,0,0,0,0,0,0,0,0,0,1,0,0,,,kc1,traditional_file
0,record_350,record_350,.,,Unknown,26.0,2.0,1.0,2.0,66.0,289.89,0.1,10.0,28.99,2898.93,0.1,161.05,19.0,0.0,5.0,0.0,10.0,11.0,44.0,22.0,3.0,1,1,0,0,0,0,0,0,0,0,0,0,0,0,1,0,1,0,0,0,0,0,0,0,0,0,0,0,1,0,0,,,kc1,traditional_file
0,record_351,record_351,.,,Unknown,15.0,2.0,1.0,2.0,38.0,152.0,0.11,9.17,16.58,1393.33,0.05,77.41,12.0,0.0,1.0,0.0,10.0,6.0,27.0,11.0,3.0,1,1,0,0,0,0,0,0,0,0,0,0,0,0,1,0,1,0,0,0,0,0,0,0,0,0,0,0,1,0,0,,,kc1,traditional_file
0,record_352,record_352,.,,Unknown,21.0,1.0,1.0,1.0,52.0,208.0,0.1,10.29,20.22,2139.43,0.07,118.86,15.0,0.0,4.0,0.0,9.0,7.0,36.0,16.0,1.0,1,1,0,0,0,0,0,0,0,0,0,0,0,0,1,0,1,0,0,0,0,0,0,0,0,0,0,0,1,0,0,,,kc1,traditional_file
0,record_353,record_353,.,,Unknown,11.0,1.0,1.0,1.0,18.0,66.61,0.21,4.8,13.88,319.72,0.02,17.76,7.0,0.0,2.0,0.0,8.0,5.0,12.0,6.0,1.0,1,1,0,0,0,0,0,0,0,0,0,0,0,0,1,0,1,0,0,0,0,0,0,0,0,0,0,0,1,0,0,,,kc1,traditional_file
0,record_354,record_354,.,,Unknown,17.0,2.0,1.0,2.0,27.0,108.0,0.15,6.67,16.2,720.0,0.04,40.0,12.0,0.0,3.0,0.0,10.0,6.0,19.0,8.0,3.0,1,1,0,0,0,0,0,0,0,0,0,0,0,0,1,0,1,0,0,0,0,0,0,0,0,0,0,0,1,0,0,,,kc1,traditional_file
0,record_355,record_355,.,,Unknown,25.0,3.0,1.0,3.0,58.0,254.75,0.11,9.35,27.25,2381.95,0.08,132.33,21.0,0.0,2.0,0.0,11.0,10.0,41.0,17.0,5.0,1,1,0,0,0,0,0,0,0,0,0,0,0,0,1,0,1,0,0,0,0,0,0,0,0,0,0,0,1,0,0,,,kc1,traditional_file
0,record_356,record_356,.,,Unknown,56.0,10.0,9.0,10.0,155.0,824.9,0.06,17.67,46.69,14573.21,0.27,809.62,48.0,4.0,2.0,0.0,16.0,24.0,102.0,53.0,19.0,1,1,0,0,0,0,0,0,0,0,0,0,0,0,1,0,1,0,0,0,0,0,0,0,0,0,0,0,1,0,0,,,kc1,traditional_file
0,record_357,record_357,.,,Unknown,59.0,5.0,1.0,4.0,138.0,713.45,0.06,15.83,45.08,11291.12,0.24,627.28,49.0,4.0,4.0,0.0,13.0,23.0,82.0,56.0,9.0,1,1,0,0,0,0,0,0,0,0,0,0,0,0,1,0,1,0,0,0,0,0,0,0,0,0,0,0,1,0,0,,,kc1,traditional_file
0,record_358,record_358,.,,Unknown,120.0,12.0,5.0,11.0,315.0,1804.29,0.04,23.29,77.47,42021.08,0.6,2334.5,104.0,9.0,5.0,0.0,15.0,38.0,197.0,118.0,23.0,1,1,0,0,0,0,0,0,0,0,0,0,0,0,1,0,1,0,0,0,0,0,0,0,0,0,0,0,1,0,0,,,kc1,traditional_file
0,record_359,record_359,.,,Unknown,23.0,3.0,1.0,3.0,51.0,230.7,0.11,9.17,25.17,2114.77,0.08,117.49,19.0,1.0,1.0,0.0,11.0,12.0,31.0,20.0,5.0,1,1,0,0,0,0,0,0,0,0,0,0,0,0,1,0,1,0,0,0,0,0,0,0,0,0,0,0,1,0,0,,,kc1,traditional_file
0,record_360,record_360,.,,Unknown,23.0,3.0,1.0,3.0,51.0,230.7,0.11,9.17,25.17,2114.77,0.08,117.49,19.0,1.0,1.0,0.0,11.0,12.0,31.0,20.0,5.0,1,1,0,0,0,0,0,0,0,0,0,0,0,0,1,0,1,0,0,0,0,0,0,0,0,0,0,0,1,0,0,,,kc1,traditional_file
0,record_361,record_361,.,,Unknown,22.0,3.0,1.0,3.0,51.0,230.7,0.11,9.17,25.17,2114.77,0.08,117.49,18.0,1.0,1.0,0.0,11.0,12.0,31.0,20.0,5.0,1,1,0,0,0,0,0,0,0,0,0,0,0,0,1,0,1,0,0,0,0,0,0,0,0,0,0,0,1,0,0,,,kc1,traditional_file
0,record_362,record_362,.,,Unknown,31.0,2.0,1.0,2.0,104.0,529.1,0.13,7.74,68.36,4095.2,0.18,227.51,21.0,1.0,4.0,0.0,9.0,25.0,61.0,43.0,3.0,1,1,0,0,0,0,0,0,0,0,0,0,0,0,1,0,1,0,0,0,0,0,0,0,0,0,0,0,1,0,0,,,kc1,traditional_file
0,record_363,record_363,.,,Unknown,13.0,1.0,1.0,1.0,36.0,150.12,0.19,5.2,28.87,780.61,0.05,43.37,8.0,0.0,0.0,0.0,8.0,10.0,23.0,13.0,1.0,1,1,0,0,0,0,0,0,0,0,0,0,0,0,1,0,1,0,0,0,0,0,0,0,0,0,0,0,1,0,0,,,kc1,traditional_file
0,record_364,record_364,.,,Unknown,17.0,1.0,1.0,1.0,55.0,248.8,0.17,5.87,42.41,1459.6,0.08,81.09,11.0,0.0,0.0,0.0,8.0,15.0,33.0,22.0,1.0,1,1,0,0,0,0,0,0,0,0,0,0,0,0,1,0,1,0,0,0,0,0,0,0,0,0,0,0,1,0,0,,,kc1,traditional_file
0,record_365,record_365,.,,Unknown,32.0,4.0,1.0,4.0,156.0,841.2,0.08,12.33,68.24,10369.98,0.28,576.11,25.0,0.0,2.0,0.0,13.0,29.0,101.0,55.0,7.0,1,1,0,0,0,0,0,0,0,0,0,0,0,0,1,0,1,0,0,0,0,0,0,0,0,0,0,0,1,0,0,,,kc1,traditional_file
0,record_366,record_366,.,,Unknown,17.0,1.0,1.0,1.0,62.0,291.43,0.18,5.56,52.46,1619.04,0.1,89.95,12.0,0.0,0.0,0.0,8.0,18.0,37.0,25.0,1.0,1,1,0,0,0,0,0,0,0,0,0,0,0,0,1,0,1,0,0,0,0,0,0,0,0,0,0,0,1,0,0,,,kc1,traditional_file
0,record_367,record_367,.,,Unknown,74.0,7.0,1.0,6.0,177.0,948.29,0.04,24.0,39.51,22758.88,0.32,1264.38,60.0,6.0,6.0,0.0,16.0,25.0,102.0,75.0,13.0,1,1,0,0,0,0,0,0,0,0,0,0,0,0,1,0,1,0,0,0,0,0,0,0,0,0,0,0,1,0,0,,,kc1,traditional_file
0,record_368,record_368,.,,Unknown,23.0,3.0,1.0,3.0,42.0,171.67,0.1,10.08,17.03,1731.04,0.06,96.17,20.0,0.0,1.0,0.0,11.0,6.0,31.0,11.0,5.0,1,1,0,0,0,0,0,0,0,0,0,0,0,0,1,0,1,0,0,0,0,0,0,0,0,0,0,0,1,0,0,,,kc1,traditional_file
0,record_369,record_369,.,,Unknown,20.0,2.0,1.0,2.0,46.0,195.4,0.1,10.31,18.95,2015.11,0.07,111.95,16.0,0.0,2.0,0.0,11.0,8.0,31.0,15.0,3.0,1,1,0,0,0,0,0,0,0,0,0,0,0,0,1,0,1,0,0,0,0,0,0,0,0,0,0,0,1,0,0,,,kc1,traditional_file
0,record_370,record_370,.,,Unknown,13.0,2.0,1.0,2.0,29.0,107.31,0.11,9.0,11.92,965.81,0.04,53.66,10.0,0.0,1.0,0.0,9.0,4.0,21.0,8.0,3.0,1,1,0,0,0,0,0,0,0,0,0,0,0,0,1,0,1,0,0,0,0,0,0,0,0,0,0,0,1,0,0,,,kc1,traditional_file
0,record_371,record_371,.,,Unknown,30.0,2.0,1.0,2.0,82.0,348.33,0.09,11.7,29.77,4075.46,0.12,226.41,24.0,2.0,2.0,0.0,9.0,10.0,56.0,26.0,3.0,1,1,0,0,0,0,0,0,0,0,0,0,0,0,1,0,1,0,0,0,0,0,0,0,0,0,0,0,1,0,0,,,kc1,traditional_file
0,record_372,record_372,.,,Unknown,38.0,6.0,3.0,6.0,120.0,564.05,0.05,18.5,30.49,10434.98,0.19,579.72,34.0,0.0,2.0,0.0,13.0,13.0,83.0,37.0,11.0,1,1,0,0,0,0,0,0,0,0,0,0,0,0,1,0,1,0,0,0,0,0,0,0,0,0,0,0,1,0,0,,,kc1,traditional_file
0,record_373,record_373,.,,Unknown,55.0,5.0,1.0,5.0,137.0,658.61,0.04,23.65,27.84,15578.6,0.22,865.48,50.0,2.0,1.0,0.0,15.0,13.0,96.0,41.0,9.0,1,1,0,0,0,0,0,0,0,0,0,0,0,0,1,0,1,0,0,0,0,0,0,0,0,0,0,0,1,0,0,,,kc1,traditional_file
0,record_374,record_374,.,,Unknown,24.0,3.0,1.0,3.0,55.0,241.58,0.09,10.67,22.65,2576.83,0.08,143.16,21.0,0.0,1.0,0.0,12.0,9.0,39.0,16.0,5.0,1,1,0,0,0,0,0,0,0,0,0,0,0,0,1,0,1,0,0,0,0,0,0,0,0,0,0,0,1,0,0,,,kc1,traditional_file
0,record_375,record_375,.,,Unknown,36.0,9.0,9.0,9.0,102.0,485.0,0.06,16.88,28.74,8184.35,0.16,454.69,32.0,1.0,1.0,0.0,15.0,12.0,75.0,27.0,17.0,1,1,0,0,0,0,0,0,0,0,0,0,0,0,1,0,1,0,0,0,0,0,0,0,0,0,0,0,1,0,0,,,kc1,traditional_file
0,record_376,record_376,.,,Unknown,210.0,25.0,11.0,25.0,606.0,3820.09,0.03,32.93,115.99,125808.33,1.27,6989.35,179.0,11.0,17.0,0.0,19.0,60.0,398.0,208.0,49.0,1,1,0,0,0,0,0,0,0,0,0,0,0,0,1,0,1,0,0,0,0,0,0,0,0,0,0,0,1,0,0,,,kc1,traditional_file
0,record_377,record_377,.,,Unknown,7.0,1.0,1.0,1.0,13.0,44.97,0.33,3.0,14.99,134.92,0.01,7.5,4.0,0.0,1.0,0.0,6.0,5.0,8.0,5.0,1.0,1,1,0,0,0,0,0,0,0,0,0,0,0,0,1,0,1,0,0,0,0,0,0,0,0,0,0,0,1,0,0,,,kc1,traditional_file
0,record_378,record_378,.,,Unknown,8.0,1.0,1.0,1.0,12.0,39.86,0.4,2.5,15.95,99.66,0.01,5.54,3.0,0.0,1.0,0.0,5.0,5.0,7.0,5.0,1.0,1,1,0,0,0,0,0,0,0,0,0,0,0,0,1,0,1,0,0,0,0,0,0,0,0,0,0,0,1,0,0,,,kc1,traditional_file
0,record_379,record_379,.,,Unknown,23.0,2.0,1.0,2.0,66.0,294.32,0.08,13.0,22.64,3826.19,0.1,212.57,14.0,0.0,4.0,0.0,11.0,11.0,40.0,26.0,3.0,1,1,0,0,0,0,0,0,0,0,0,0,0,0,1,0,1,0,0,0,0,0,0,0,0,0,0,0,1,0,0,,,kc1,traditional_file
0,record_380,record_380,.,,Unknown,9.0,1.0,1.0,1.0,20.0,76.15,0.21,4.67,16.32,355.35,0.03,19.74,6.0,0.0,0.0,0.0,8.0,6.0,13.0,7.0,1.0,1,1,0,0,0,0,0,0,0,0,0,0,0,0,1,0,1,0,0,0,0,0,0,0,0,0,0,0,1,0,0,,,kc1,traditional_file
0,record_381,record_381,.,,Unknown,34.0,5.0,3.0,5.0,115.0,575.0,0.07,14.71,39.09,8458.55,0.19,469.92,28.0,0.0,2.0,0.0,13.0,19.0,72.0,43.0,9.0,1,1,0,0,0,0,0,0,0,0,0,0,0,0,1,0,1,0,0,0,0,0,0,0,0,0,0,0,1,0,0,,,kc1,traditional_file
0,record_382,record_382,.,,Unknown,9.0,1.0,1.0,1.0,19.0,72.34,0.25,4.0,18.08,289.36,0.02,16.07,4.0,0.0,2.0,0.0,7.0,7.0,11.0,8.0,1.0,1,1,0,0,0,0,0,0,0,0,0,0,0,0,1,0,1,0,0,0,0,0,0,0,0,0,0,0,1,0,0,,,kc1,traditional_file
0,record_383,record_383,.,,Unknown,63.0,11.0,5.0,11.0,163.0,842.7,0.05,19.29,43.7,16252.03,0.28,902.89,52.0,4.0,5.0,0.0,15.0,21.0,109.0,54.0,21.0,1,1,0,0,0,0,0,0,0,0,0,0,0,0,1,0,1,0,0,0,0,0,0,0,0,0,0,0,1,0,0,,,kc1,traditional_file
0,record_384,record_384,.,,Unknown,7.0,1.0,1.0,1.0,12.0,41.51,0.33,3.0,13.84,124.54,0.01,6.92,4.0,0.0,1.0,0.0,6.0,5.0,7.0,5.0,1.0,1,1,0,0,0,0,0,0,0,0,0,0,0,0,1,0,1,0,0,0,0,0,0,0,0,0,0,0,1,0,0,,,kc1,traditional_file
0,record_385,record_385,.,,Unknown,28.0,2.0,1.0,2.0,74.0,363.11,0.11,9.26,39.2,3363.54,0.12,186.86,21.0,0.0,3.0,0.0,11.0,19.0,42.0,32.0,3.0,1,1,0,0,0,0,0,0,0,0,0,0,0,0,1,0,1,0,0,0,0,0,0,0,0,0,0,0,1,0,0,,,kc1,traditional_file
0,record_386,record_386,.,,Unknown,14.0,1.0,1.0,1.0,26.0,104.0,0.17,5.79,17.98,601.71,0.03,33.43,9.0,1.0,2.0,0.0,9.0,7.0,17.0,9.0,1.0,1,1,0,0,0,0,0,0,0,0,0,0,0,0,1,0,1,0,0,0,0,0,0,0,0,0,0,0,1,0,0,,,kc1,traditional_file
0,record_387,record_387,.,,Unknown,29.0,4.0,1.0,4.0,81.0,380.74,0.11,9.0,42.3,3426.62,0.13,190.37,22.0,0.0,1.0,0.0,9.0,17.0,47.0,34.0,7.0,1,1,0,0,0,0,0,0,0,0,0,0,0,0,1,0,1,0,0,0,0,0,0,0,0,0,0,0,1,0,0,,,kc1,traditional_file
0,record_388,record_388,.,,Unknown,41.0,8.0,5.0,8.0,111.0,544.66,0.06,17.0,32.04,9259.3,0.18,514.4,34.0,1.0,4.0,0.0,15.0,15.0,77.0,34.0,15.0,1,1,0,0,0,0,0,0,0,0,0,0,0,0,1,0,1,0,0,0,0,0,0,0,0,0,0,0,1,0,0,,,kc1,traditional_file
0,record_389,record_389,.,,Unknown,18.0,1.0,1.0,1.0,50.0,200.0,0.1,10.29,19.44,2057.13,0.07,114.29,14.0,0.0,2.0,0.0,9.0,7.0,34.0,16.0,1.0,1,1,0,0,0,0,0,0,0,0,0,0,0,0,1,0,1,0,0,0,0,0,0,0,0,0,0,0,1,0,0,,,kc1,traditional_file
0,record_390,record_390,.,,Unknown,14.0,1.0,1.0,1.0,21.0,84.0,0.33,3.0,28.0,252.0,0.03,14.0,8.0,0.0,1.0,0.0,6.0,10.0,11.0,10.0,1.0,1,1,0,0,0,0,0,0,0,0,0,0,0,0,1,0,1,0,0,0,0,0,0,0,0,0,0,0,1,0,0,,,kc1,traditional_file
0,record_391,record_391,.,,Unknown,4.0,1.0,1.0,1.0,7.0,19.65,0.4,2.5,7.86,49.13,0.01,2.73,2.0,0.0,0.0,0.0,5.0,2.0,5.0,2.0,1.0,1,1,0,0,0,0,0,0,0,0,0,0,0,0,1,0,1,0,0,0,0,0,0,0,0,0,0,0,1,0,0,,,kc1,traditional_file
0,record_392,record_392,.,,Unknown,11.0,1.0,1.0,1.0,17.0,64.73,0.33,3.0,21.58,194.18,0.02,10.79,6.0,0.0,1.0,0.0,6.0,8.0,9.0,8.0,1.0,1,1,0,0,0,0,0,0,0,0,0,0,0,0,1,0,1,0,0,0,0,0,0,0,0,0,0,0,1,0,0,,,kc1,traditional_file
0,record_393,record_393,.,,Unknown,4.0,1.0,1.0,1.0,7.0,19.65,0.4,2.5,7.86,49.13,0.01,2.73,2.0,0.0,0.0,0.0,5.0,2.0,5.0,2.0,1.0,1,1,0,0,0,0,0,0,0,0,0,0,0,0,1,0,1,0,0,0,0,0,0,0,0,0,0,0,1,0,0,,,kc1,traditional_file
0,record_394,record_394,.,,Unknown,6.0,1.0,1.0,1.0,5.0,11.61,0.67,1.5,7.74,17.41,0.0,0.97,3.0,0.0,1.0,0.0,3.0,2.0,3.0,2.0,1.0,1,1,0,0,0,0,0,0,0,0,0,0,0,0,1,0,1,0,0,0,0,0,0,0,0,0,0,0,1,0,0,,,kc1,traditional_file
0,record_395,record_395,.,,Unknown,18.0,2.0,1.0,2.0,31.0,126.71,0.16,6.43,19.71,814.57,0.04,45.25,14.0,0.0,2.0,0.0,10.0,7.0,22.0,9.0,3.0,1,1,0,0,0,0,0,0,0,0,0,0,0,0,1,0,1,0,0,0,0,0,0,0,0,0,0,0,1,0,0,,,kc1,traditional_file
0,record_396,record_396,.,,Unknown,2.0,1.0,1.0,1.0,0.0,0.0,0.0,0.0,0.0,0.0,0.0,0.0,0.0,0.0,0.0,0.0,0.0,0.0,0.0,0.0,1.0,1,1,0,0,0,0,0,0,0,0,0,0,0,0,1,0,1,0,0,0,0,0,0,0,0,0,0,0,1,0,0,,,kc1,traditional_file
0,record_397,record_397,.,,Unknown,43.0,5.0,1.0,5.0,117.0,600.13,0.06,17.0,35.3,10202.14,0.2,566.79,36.0,0.0,2.0,1.0,14.0,21.0,66.0,51.0,9.0,1,1,0,0,0,0,0,0,0,0,0,0,0,0,1,0,1,0,0,0,0,0,0,0,0,0,0,0,1,0,0,,,kc1,traditional_file
0,record_398,record_398,.,,Unknown,2.0,1.0,1.0,1.0,0.0,0.0,0.0,0.0,0.0,0.0,0.0,0.0,0.0,0.0,0.0,0.0,0.0,0.0,0.0,0.0,1.0,1,1,0,0,0,0,0,0,0,0,0,0,0,0,1,0,1,0,0,0,0,0,0,0,0,0,0,0,1,0,0,,,kc1,traditional_file
0,record_399,record_399,.,,Unknown,8.0,1.0,1.0,1.0,5.0,11.61,2.0,0.5,23.22,5.8,0.0,0.32,6.0,0.0,0.0,0.0,1.0,4.0,1.0,4.0,1.0,1,1,0,0,0,0,0,0,0,0,0,0,0,0,1,0,1,0,0,0,0,0,0,0,0,0,0,0,1,0,0,,,kc1,traditional_file
0,record_400,record_400,.,,Unknown,10.0,1.0,1.0,1.0,5.0,11.61,2.0,0.5,23.22,5.8,0.0,0.32,6.0,0.0,0.0,0.0,1.0,4.0,1.0,4.0,1.0,1,1,0,0,0,0,0,0,0,0,0,0,0,0,1,0,1,0,0,0,0,0,0,0,0,0,0,0,1,0,0,,,kc1,traditional_file
0,record_401,record_401,.,,Unknown,3.0,1.0,1.0,1.0,1.0,0.0,0.0,0.0,0.0,0.0,0.0,0.0,1.0,0.0,0.0,0.0,1.0,0.0,1.0,0.0,1.0,1,1,0,0,0,0,0,0,0,0,0,0,0,0,1,0,1,0,0,0,0,0,0,0,0,0,0,0,1,0,0,,,kc1,traditional_file
0,record_402,record_402,.,,Unknown,5.0,1.0,1.0,1.0,7.0,18.09,1.0,1.0,18.09,18.09,0.01,1.01,2.0,0.0,0.0,0.0,2.0,4.0,3.0,4.0,1.0,1,1,0,0,0,0,0,0,0,0,0,0,0,0,1,0,1,0,0,0,0,0,0,0,0,0,0,0,1,0,0,,,kc1,traditional_file
0,record_403,record_403,.,,Unknown,7.0,1.0,1.0,1.0,12.0,36.0,0.4,2.5,14.4,90.0,0.01,5.0,5.0,0.0,1.0,0.0,4.0,4.0,7.0,5.0,1.0,1,1,0,0,0,0,0,0,0,0,0,0,0,0,1,0,1,0,0,0,0,0,0,0,0,0,0,0,1,0,0,,,kc1,traditional_file
0,record_404,record_404,.,,Unknown,3.0,1.0,1.0,1.0,7.0,18.09,1.0,1.0,18.09,18.09,0.01,1.01,2.0,0.0,0.0,0.0,2.0,4.0,3.0,4.0,1.0,1,1,0,0,0,0,0,0,0,0,0,0,0,0,1,0,1,0,0,0,0,0,0,0,0,0,0,0,1,0,0,,,kc1,traditional_file
0,record_405,record_405,.,,Unknown,13.0,1.0,1.0,1.0,20.0,69.19,0.3,3.33,20.76,230.63,0.02,12.81,8.0,0.0,3.0,0.0,5.0,6.0,12.0,8.0,1.0,1,1,0,0,0,0,0,0,0,0,0,0,0,0,1,0,1,0,0,0,0,0,0,0,0,0,0,0,1,0,0,,,kc1,traditional_file
0,record_406,record_406,.,,Unknown,11.0,1.0,1.0,1.0,6.0,15.51,2.0,0.5,31.02,7.75,0.01,0.43,7.0,0.0,0.0,0.0,1.0,5.0,1.0,5.0,1.0,1,1,0,0,0,0,0,0,0,0,0,0,0,0,1,0,1,0,0,0,0,0,0,0,0,0,0,0,1,0,0,,,kc1,traditional_file
0,record_407,record_407,.,,Unknown,3.0,1.0,1.0,1.0,1.0,0.0,0.0,0.0,0.0,0.0,0.0,0.0,1.0,0.0,0.0,0.0,1.0,0.0,1.0,0.0,1.0,1,1,0,0,0,0,0,0,0,0,0,0,0,0,1,0,1,0,0,0,0,0,0,0,0,0,0,0,1,0,0,,,kc1,traditional_file
0,record_408,record_408,.,,Unknown,4.0,1.0,1.0,1.0,6.0,13.93,1.0,1.0,13.93,13.93,0.0,0.77,0.0,0.0,0.0,0.0,2.0,3.0,3.0,3.0,1.0,1,1,0,0,0,0,0,0,0,0,0,0,0,0,1,0,1,0,0,0,0,0,0,0,0,0,0,0,1,0,0,,,kc1,traditional_file
0,record_409,record_409,.,,Unknown,3.0,1.0,1.0,1.0,1.0,0.0,0.0,0.0,0.0,0.0,0.0,0.0,1.0,0.0,0.0,0.0,1.0,0.0,1.0,0.0,1.0,1,1,0,0,0,0,0,0,0,0,0,0,0,0,1,0,1,0,0,0,0,0,0,0,0,0,0,0,1,0,0,,,kc1,traditional_file
0,record_410,record_410,.,,Unknown,39.0,2.0,1.0,2.0,152.0,819.63,0.09,11.6,70.66,9507.73,0.27,528.21,31.0,1.0,5.0,0.0,12.0,30.0,94.0,58.0,3.0,1,1,0,0,0,0,0,0,0,0,0,0,0,0,1,0,1,0,0,0,0,0,0,0,0,0,0,0,1,0,0,,,kc1,traditional_file
0,record_411,record_411,.,,Unknown,1.0,1.0,1.0,1.0,0.0,0.0,0.0,0.0,0.0,0.0,0.0,0.0,0.0,0.0,0.0,0.0,0.0,0.0,0.0,0.0,1.0,1,1,0,0,0,0,0,0,0,0,0,0,0,0,1,0,1,0,0,0,0,0,0,0,0,0,0,0,1,0,0,,,kc1,traditional_file
0,record_412,record_412,.,,Unknown,4.0,1.0,1.0,1.0,3.0,4.75,1.0,1.0,4.75,4.75,0.0,0.26,0.0,0.0,0.0,0.0,2.0,1.0,2.0,1.0,1.0,1,1,0,0,0,0,0,0,0,0,0,0,0,0,1,0,1,0,0,0,0,0,0,0,0,0,0,0,1,0,0,,,kc1,traditional_file
0,record_413,record_413,.,,Unknown,13.0,1.0,1.0,1.0,20.0,69.19,0.3,3.33,20.76,230.63,0.02,12.81,8.0,0.0,3.0,0.0,5.0,6.0,12.0,8.0,1.0,1,1,0,0,0,0,0,0,0,0,0,0,0,0,1,0,1,0,0,0,0,0,0,0,0,0,0,0,1,0,0,,,kc1,traditional_file
0,record_414,record_414,.,,Unknown,4.0,1.0,1.0,1.0,7.0,18.09,1.0,1.0,18.09,18.09,0.01,1.01,1.0,0.0,0.0,0.0,2.0,4.0,3.0,4.0,1.0,1,1,0,0,0,0,0,0,0,0,0,0,0,0,1,0,1,0,0,0,0,0,0,0,0,0,0,0,1,0,0,,,kc1,traditional_file
0,record_415,record_415,.,,Unknown,2.0,1.0,1.0,1.0,7.0,18.09,1.0,1.0,18.09,18.09,0.01,1.01,1.0,0.0,0.0,0.0,2.0,4.0,3.0,4.0,1.0,1,1,0,0,0,0,0,0,0,0,0,0,0,0,1,0,1,0,0,0,0,0,0,0,0,0,0,0,1,0,0,,,kc1,traditional_file
0,record_416,record_416,.,,Unknown,10.0,1.0,1.0,1.0,19.0,63.12,0.25,4.0,15.78,252.47,0.02,14.03,7.0,0.0,2.0,0.0,5.0,5.0,11.0,8.0,1.0,1,1,0,0,0,0,0,0,0,0,0,0,0,0,1,0,1,0,0,0,0,0,0,0,0,0,0,0,1,0,0,,,kc1,traditional_file
0,record_417,record_417,.,,Unknown,20.0,1.0,1.0,1.0,57.0,257.83,0.23,4.38,58.94,1128.06,0.09,62.67,16.0,0.0,0.0,0.0,7.0,16.0,37.0,20.0,1.0,1,1,0,0,0,0,0,0,0,0,0,0,0,0,1,0,1,0,0,0,0,0,0,0,0,0,0,0,1,0,0,,,kc1,traditional_file
0,record_418,record_418,.,,Unknown,4.0,1.0,1.0,1.0,1.0,0.0,0.0,0.0,0.0,0.0,0.0,0.0,0.0,0.0,0.0,0.0,1.0,0.0,1.0,0.0,1.0,1,1,0,0,0,0,0,0,0,0,0,0,0,0,1,0,1,0,0,0,0,0,0,0,0,0,0,0,1,0,0,,,kc1,traditional_file
0,record_419,record_419,.,,Unknown,14.0,1.0,1.0,1.0,20.0,69.19,0.3,3.33,20.76,230.63,0.02,12.81,9.0,0.0,3.0,0.0,5.0,6.0,12.0,8.0,1.0,1,1,0,0,0,0,0,0,0,0,0,0,0,0,1,0,1,0,0,0,0,0,0,0,0,0,0,0,1,0,0,,,kc1,traditional_file
0,record_420,record_420,.,,Unknown,13.0,1.0,1.0,1.0,12.0,33.69,0.5,2.0,16.84,67.38,0.01,3.74,11.0,0.0,0.0,0.0,2.0,5.0,2.0,10.0,1.0,1,1,0,0,0,0,0,0,0,0,0,0,0,0,1,0,1,0,0,0,0,0,0,0,0,0,0,0,1,0,0,,,kc1,traditional_file
0,record_421,record_421,.,,Unknown,15.0,1.0,1.0,1.0,13.0,41.21,0.64,1.57,26.22,64.76,0.01,3.6,12.0,0.0,0.0,0.0,2.0,7.0,2.0,11.0,1.0,1,1,0,0,0,0,0,0,0,0,0,0,0,0,1,0,1,0,0,0,0,0,0,0,0,0,0,0,1,0,0,,,kc1,traditional_file
0,record_422,record_422,.,,Unknown,24.0,1.0,1.0,1.0,16.0,59.21,0.38,2.67,22.2,157.89,0.02,8.77,14.0,0.0,1.0,0.0,4.0,9.0,4.0,12.0,1.0,1,1,0,0,0,0,0,0,0,0,0,0,0,0,1,0,1,0,0,0,0,0,0,0,0,0,0,0,1,0,0,,,kc1,traditional_file
0,record_423,record_423,.,,Unknown,19.0,3.0,3.0,3.0,50.0,226.18,0.11,9.27,24.39,2097.29,0.08,116.52,15.0,0.0,2.0,0.0,12.0,11.0,33.0,17.0,5.0,1,1,0,0,0,0,0,0,0,0,0,0,0,0,1,0,1,0,0,0,0,0,0,0,0,0,0,0,1,0,0,,,kc1,traditional_file
0,record_424,record_424,.,,Unknown,17.0,1.0,1.0,1.0,45.0,194.49,0.18,5.5,35.36,1069.68,0.06,59.43,13.0,0.0,2.0,0.0,10.0,10.0,34.0,11.0,1.0,1,1,0,0,0,0,0,0,0,0,0,0,0,0,1,0,1,0,0,0,0,0,0,0,0,0,0,0,1,0,0,,,kc1,traditional_file
0,record_425,record_425,.,,Unknown,63.0,9.0,8.0,9.0,199.0,1086.43,0.05,18.57,58.5,20176.5,0.36,1120.92,50.0,4.0,7.0,0.0,16.0,28.0,134.0,65.0,17.0,1,1,0,0,0,0,0,0,0,0,0,0,0,0,1,0,1,0,0,0,0,0,0,0,0,0,0,0,1,0,0,,,kc1,traditional_file
0,record_426,record_426,.,,Unknown,6.0,1.0,1.0,1.0,10.0,31.7,0.4,2.5,12.68,79.25,0.01,4.4,1.0,0.0,0.0,0.0,5.0,4.0,6.0,4.0,1.0,1,1,0,0,0,0,0,0,0,0,0,0,0,0,1,0,1,0,0,0,0,0,0,0,0,0,0,0,1,0,0,,,kc1,traditional_file
0,record_427,record_427,.,,Unknown,9.0,1.0,1.0,1.0,8.0,24.0,0.4,2.5,9.6,60.0,0.01,3.33,4.0,0.0,1.0,0.0,5.0,3.0,5.0,3.0,1.0,1,1,0,0,0,0,0,0,0,0,0,0,0,0,1,0,1,0,0,0,0,0,0,0,0,0,0,0,1,0,0,,,kc1,traditional_file
0,record_428,record_428,.,,Unknown,9.0,1.0,1.0,1.0,8.0,24.0,0.4,2.5,9.6,60.0,0.01,3.33,4.0,0.0,1.0,0.0,5.0,3.0,5.0,3.0,1.0,1,1,0,0,0,0,0,0,0,0,0,0,0,0,1,0,1,0,0,0,0,0,0,0,0,0,0,0,1,0,0,,,kc1,traditional_file
0,record_429,record_429,.,,Unknown,6.0,1.0,1.0,1.0,10.0,31.7,0.4,2.5,12.68,79.25,0.01,4.4,1.0,0.0,0.0,0.0,5.0,4.0,6.0,4.0,1.0,1,1,0,0,0,0,0,0,0,0,0,0,0,0,1,0,1,0,0,0,0,0,0,0,0,0,0,0,1,0,0,,,kc1,traditional_file
0,record_430,record_430,.,,Unknown,6.0,1.0,1.0,1.0,10.0,31.7,0.4,2.5,12.68,79.25,0.01,4.4,1.0,0.0,0.0,0.0,5.0,4.0,6.0,4.0,1.0,1,1,0,0,0,0,0,0,0,0,0,0,0,0,1,0,1,0,0,0,0,0,0,0,0,0,0,0,1,0,0,,,kc1,traditional_file
0,record_431,record_431,.,,Unknown,6.0,1.0,1.0,1.0,10.0,31.7,0.4,2.5,12.68,79.25,0.01,4.4,1.0,0.0,0.0,0.0,5.0,4.0,6.0,4.0,1.0,1,1,0,0,0,0,0,0,0,0,0,0,0,0,1,0,1,0,0,0,0,0,0,0,0,0,0,0,1,0,0,,,kc1,traditional_file
0,record_432,record_432,.,,Unknown,10.0,1.0,1.0,1.0,8.0,24.0,0.4,2.5,9.6,60.0,0.01,3.33,4.0,0.0,1.0,0.0,5.0,3.0,5.0,3.0,1.0,1,1,0,0,0,0,0,0,0,0,0,0,0,0,1,0,1,0,0,0,0,0,0,0,0,0,0,0,1,0,0,,,kc1,traditional_file
0,record_433,record_433,.,,Unknown,6.0,1.0,1.0,1.0,10.0,31.7,0.4,2.5,12.68,79.25,0.01,4.4,1.0,0.0,0.0,0.0,5.0,4.0,6.0,4.0,1.0,1,1,0,0,0,0,0,0,0,0,0,0,0,0,1,0,1,0,0,0,0,0,0,0,0,0,0,0,1,0,0,,,kc1,traditional_file
0,record_434,record_434,.,,Unknown,6.0,1.0,1.0,1.0,10.0,31.7,0.4,2.5,12.68,79.25,0.01,4.4,1.0,0.0,0.0,0.0,5.0,4.0,6.0,4.0,1.0,1,1,0,0,0,0,0,0,0,0,0,0,0,0,1,0,1,0,0,0,0,0,0,0,0,0,0,0,1,0,0,,,kc1,traditional_file
0,record_435,record_435,.,,Unknown,10.0,1.0,1.0,1.0,8.0,24.0,0.4,2.5,9.6,60.0,0.01,3.33,4.0,0.0,1.0,0.0,5.0,3.0,5.0,3.0,1.0,1,1,0,0,0,0,0,0,0,0,0,0,0,0,1,0,1,0,0,0,0,0,0,0,0,0,0,0,1,0,0,,,kc1,traditional_file
0,record_436,record_436,.,,Unknown,87.0,9.0,1.0,9.0,212.0,1190.32,0.04,22.65,52.56,26954.95,0.4,1497.5,73.0,5.0,4.0,0.0,18.0,31.0,134.0,78.0,16.0,1,1,0,0,0,0,0,0,0,0,0,0,0,0,1,0,1,0,0,0,0,0,0,0,0,0,0,0,1,0,0,,,kc1,traditional_file
0,record_437,record_437,.,,Unknown,51.0,6.0,1.0,6.0,129.0,666.92,0.04,24.59,27.12,16398.39,0.22,911.02,45.0,2.0,2.0,0.0,19.0,17.0,85.0,44.0,10.0,1,1,0,0,0,0,0,0,0,0,0,0,0,0,1,0,1,0,0,0,0,0,0,0,0,0,0,0,1,0,0,,,kc1,traditional_file
0,record_438,record_438,.,,Unknown,88.0,14.0,10.0,9.0,239.0,1280.45,0.03,34.83,36.77,44593.23,0.43,2477.4,74.0,5.0,7.0,0.0,18.0,23.0,150.0,89.0,27.0,1,1,0,0,0,0,0,0,0,0,0,0,0,0,1,0,1,0,0,0,0,0,0,0,0,0,0,0,1,0,0,,,kc1,traditional_file
0,record_439,record_439,.,,Unknown,59.0,6.0,1.0,6.0,176.0,855.0,0.05,21.88,39.07,18709.51,0.29,1039.42,48.0,3.0,4.0,0.0,12.0,17.0,114.0,62.0,11.0,1,1,0,0,0,0,0,0,0,0,0,0,0,0,1,0,1,0,0,0,0,0,0,0,0,0,0,0,1,0,0,,,kc1,traditional_file
0,record_440,record_440,.,,Unknown,1.0,1.0,1.0,1.0,4.0,8.0,0.67,1.5,5.33,12.0,0.0,0.67,0.0,0.0,0.0,0.0,3.0,1.0,3.0,1.0,1.0,1,1,0,0,0,0,0,0,0,0,0,0,0,0,1,0,1,0,0,0,0,0,0,0,0,0,0,0,1,0,0,,,kc1,traditional_file
0,record_441,record_441,.,,Unknown,4.0,1.0,1.0,1.0,4.0,8.0,0.67,1.5,5.33,12.0,0.0,0.67,2.0,0.0,0.0,0.0,3.0,1.0,3.0,1.0,1.0,1,1,0,0,0,0,0,0,0,0,0,0,0,0,1,0,1,0,0,0,0,0,0,0,0,0,0,0,1,0,0,,,kc1,traditional_file
0,record_442,record_442,.,,Unknown,1.0,1.0,1.0,1.0,4.0,8.0,0.67,1.5,5.33,12.0,0.0,0.67,0.0,0.0,0.0,0.0,3.0,1.0,3.0,1.0,1.0,1,1,0,0,0,0,0,0,0,0,0,0,0,0,1,0,1,0,0,0,0,0,0,0,0,0,0,0,1,0,0,,,kc1,traditional_file
0,record_443,record_443,.,,Unknown,4.0,1.0,1.0,1.0,4.0,8.0,0.67,1.5,5.33,12.0,0.0,0.67,2.0,0.0,0.0,0.0,3.0,1.0,3.0,1.0,1.0,1,1,0,0,0,0,0,0,0,0,0,0,0,0,1,0,1,0,0,0,0,0,0,0,0,0,0,0,1,0,0,,,kc1,traditional_file
0,record_444,record_444,.,,Unknown,1.0,1.0,1.0,1.0,4.0,8.0,0.67,1.5,5.33,12.0,0.0,0.67,0.0,0.0,0.0,0.0,3.0,1.0,3.0,1.0,1.0,1,1,0,0,0,0,0,0,0,0,0,0,0,0,1,0,1,0,0,0,0,0,0,0,0,0,0,0,1,0,0,,,kc1,traditional_file
0,record_445,record_445,.,,Unknown,1.0,1.0,1.0,1.0,4.0,8.0,0.67,1.5,5.33,12.0,0.0,0.67,0.0,0.0,0.0,0.0,3.0,1.0,3.0,1.0,1.0,1,1,0,0,0,0,0,0,0,0,0,0,0,0,1,0,1,0,0,0,0,0,0,0,0,0,0,0,1,0,0,,,kc1,traditional_file
0,record_446,record_446,.,,Unknown,1.0,1.0,1.0,1.0,4.0,8.0,0.67,1.5,5.33,12.0,0.0,0.67,0.0,0.0,0.0,0.0,3.0,1.0,3.0,1.0,1.0,1,1,0,0,0,0,0,0,0,0,0,0,0,0,1,0,1,0,0,0,0,0,0,0,0,0,0,0,1,0,0,,,kc1,traditional_file
0,record_447,record_447,.,,Unknown,4.0,1.0,1.0,1.0,4.0,8.0,0.67,1.5,5.33,12.0,0.0,0.67,2.0,0.0,0.0,0.0,3.0,1.0,3.0,1.0,1.0,1,1,0,0,0,0,0,0,0,0,0,0,0,0,1,0,1,0,0,0,0,0,0,0,0,0,0,0,1,0,0,,,kc1,traditional_file
0,record_448,record_448,.,,Unknown,56.0,7.0,3.0,7.0,133.0,670.9,0.06,15.6,43.01,10466.11,0.22,581.45,52.0,0.0,1.0,0.0,13.0,20.0,85.0,48.0,12.0,1,1,0,0,0,0,0,0,0,0,0,0,0,0,1,0,1,0,0,0,0,0,0,0,0,0,0,0,1,0,0,,,kc1,traditional_file
0,record_449,record_449,.,,Unknown,4.0,1.0,1.0,1.0,4.0,8.0,0.67,1.5,5.33,12.0,0.0,0.67,2.0,0.0,0.0,0.0,3.0,1.0,3.0,1.0,1.0,1,1,0,0,0,0,0,0,0,0,0,0,0,0,1,0,1,0,0,0,0,0,0,0,0,0,0,0,1,0,0,,,kc1,traditional_file
0,record_450,record_450,.,,Unknown,4.0,1.0,1.0,1.0,4.0,8.0,0.67,1.5,5.33,12.0,0.0,0.67,2.0,0.0,0.0,0.0,3.0,1.0,3.0,1.0,1.0,1,1,0,0,0,0,0,0,0,0,0,0,0,0,1,0,1,0,0,0,0,0,0,0,0,0,0,0,1,0,0,,,kc1,traditional_file
0,record_451,record_451,.,,Unknown,4.0,1.0,1.0,1.0,4.0,8.0,0.67,1.5,5.33,12.0,0.0,0.67,2.0,0.0,0.0,0.0,3.0,1.0,3.0,1.0,1.0,1,1,0,0,0,0,0,0,0,0,0,0,0,0,1,0,1,0,0,0,0,0,0,0,0,0,0,0,1,0,0,,,kc1,traditional_file
0,record_452,record_452,.,,Unknown,1.0,1.0,1.0,1.0,4.0,8.0,0.67,1.5,5.33,12.0,0.0,0.67,0.0,0.0,0.0,0.0,3.0,1.0,3.0,1.0,1.0,1,1,0,0,0,0,0,0,0,0,0,0,0,0,1,0,1,0,0,0,0,0,0,0,0,0,0,0,1,0,0,,,kc1,traditional_file
0,record_453,record_453,.,,Unknown,1.0,1.0,1.0,1.0,4.0,8.0,0.67,1.5,5.33,12.0,0.0,0.67,0.0,0.0,0.0,0.0,3.0,1.0,3.0,1.0,1.0,1,1,0,0,0,0,0,0,0,0,0,0,0,0,1,0,1,0,0,0,0,0,0,0,0,0,0,0,1,0,0,,,kc1,traditional_file
0,record_454,record_454,.,,Unknown,4.0,1.0,1.0,1.0,4.0,8.0,0.67,1.5,5.33,12.0,0.0,0.67,2.0,0.0,0.0,0.0,3.0,1.0,3.0,1.0,1.0,1,1,0,0,0,0,0,0,0,0,0,0,0,0,1,0,1,0,0,0,0,0,0,0,0,0,0,0,1,0,0,,,kc1,traditional_file
0,record_455,record_455,.,,Unknown,4.0,1.0,1.0,1.0,4.0,8.0,0.67,1.5,5.33,12.0,0.0,0.67,2.0,0.0,0.0,0.0,3.0,1.0,3.0,1.0,1.0,1,1,0,0,0,0,0,0,0,0,0,0,0,0,1,0,1,0,0,0,0,0,0,0,0,0,0,0,1,0,0,,,kc1,traditional_file
0,record_456,record_456,.,,Unknown,4.0,1.0,1.0,1.0,4.0,8.0,0.67,1.5,5.33,12.0,0.0,0.67,2.0,0.0,0.0,0.0,3.0,1.0,3.0,1.0,1.0,1,1,0,0,0,0,0,0,0,0,0,0,0,0,1,0,1,0,0,0,0,0,0,0,0,0,0,0,1,0,0,,,kc1,traditional_file
0,record_457,record_457,.,,Unknown,4.0,1.0,1.0,1.0,4.0,8.0,0.67,1.5,5.33,12.0,0.0,0.67,2.0,0.0,0.0,0.0,3.0,1.0,3.0,1.0,1.0,1,1,0,0,0,0,0,0,0,0,0,0,0,0,1,0,1,0,0,0,0,0,0,0,0,0,0,0,1,0,0,,,kc1,traditional_file
0,record_458,record_458,.,,Unknown,1.0,1.0,1.0,1.0,4.0,8.0,0.67,1.5,5.33,12.0,0.0,0.67,0.0,0.0,0.0,0.0,3.0,1.0,3.0,1.0,1.0,1,1,0,0,0,0,0,0,0,0,0,0,0,0,1,0,1,0,0,0,0,0,0,0,0,0,0,0,1,0,0,,,kc1,traditional_file
0,record_459,record_459,.,,Unknown,4.0,1.0,1.0,1.0,4.0,8.0,0.67,1.5,5.33,12.0,0.0,0.67,2.0,0.0,0.0,0.0,3.0,1.0,3.0,1.0,1.0,1,1,0,0,0,0,0,0,0,0,0,0,0,0,1,0,1,0,0,0,0,0,0,0,0,0,0,0,1,0,0,,,kc1,traditional_file
0,record_460,record_460,.,,Unknown,4.0,1.0,1.0,1.0,4.0,8.0,0.67,1.5,5.33,12.0,0.0,0.67,2.0,0.0,0.0,0.0,3.0,1.0,3.0,1.0,1.0,1,1,0,0,0,0,0,0,0,0,0,0,0,0,1,0,1,0,0,0,0,0,0,0,0,0,0,0,1,0,0,,,kc1,traditional_file
0,record_461,record_461,.,,Unknown,1.0,1.0,1.0,1.0,4.0,8.0,0.67,1.5,5.33,12.0,0.0,0.67,0.0,0.0,0.0,0.0,3.0,1.0,3.0,1.0,1.0,1,1,0,0,0,0,0,0,0,0,0,0,0,0,1,0,1,0,0,0,0,0,0,0,0,0,0,0,1,0,0,,,kc1,traditional_file
0,record_462,record_462,.,,Unknown,4.0,1.0,1.0,1.0,4.0,8.0,0.67,1.5,5.33,12.0,0.0,0.67,2.0,0.0,0.0,0.0,3.0,1.0,3.0,1.0,1.0,1,1,0,0,0,0,0,0,0,0,0,0,0,0,1,0,1,0,0,0,0,0,0,0,0,0,0,0,1,0,0,,,kc1,traditional_file
0,record_463,record_463,.,,Unknown,9.0,1.0,1.0,1.0,20.0,76.15,0.21,4.67,16.32,355.35,0.03,19.74,6.0,0.0,0.0,0.0,8.0,6.0,13.0,7.0,1.0,1,1,0,0,0,0,0,0,0,0,0,0,0,0,1,0,1,0,0,0,0,0,0,0,0,0,0,0,1,0,0,,,kc1,traditional_file
0,record_464,record_464,.,,Unknown,1.0,1.0,1.0,1.0,4.0,8.0,0.67,1.5,5.33,12.0,0.0,0.67,0.0,0.0,0.0,0.0,3.0,1.0,3.0,1.0,1.0,1,1,0,0,0,0,0,0,0,0,0,0,0,0,1,0,1,0,0,0,0,0,0,0,0,0,0,0,1,0,0,,,kc1,traditional_file
0,record_465,record_465,.,,Unknown,4.0,1.0,1.0,1.0,4.0,8.0,0.67,1.5,5.33,12.0,0.0,0.67,2.0,0.0,0.0,0.0,3.0,1.0,3.0,1.0,1.0,1,1,0,0,0,0,0,0,0,0,0,0,0,0,1,0,1,0,0,0,0,0,0,0,0,0,0,0,1,0,0,,,kc1,traditional_file
0,record_466,record_466,.,,Unknown,4.0,1.0,1.0,1.0,4.0,8.0,0.67,1.5,5.33,12.0,0.0,0.67,2.0,0.0,0.0,0.0,3.0,1.0,3.0,1.0,1.0,1,1,0,0,0,0,0,0,0,0,0,0,0,0,1,0,1,0,0,0,0,0,0,0,0,0,0,0,1,0,0,,,kc1,traditional_file
0,record_467,record_467,.,,Unknown,4.0,1.0,1.0,1.0,4.0,8.0,0.67,1.5,5.33,12.0,0.0,0.67,2.0,0.0,0.0,0.0,3.0,1.0,3.0,1.0,1.0,1,1,0,0,0,0,0,0,0,0,0,0,0,0,1,0,1,0,0,0,0,0,0,0,0,0,0,0,1,0,0,,,kc1,traditional_file
0,record_468,record_468,.,,Unknown,1.0,1.0,1.0,1.0,4.0,8.0,0.67,1.5,5.33,12.0,0.0,0.67,0.0,0.0,0.0,0.0,3.0,1.0,3.0,1.0,1.0,1,1,0,0,0,0,0,0,0,0,0,0,0,0,1,0,1,0,0,0,0,0,0,0,0,0,0,0,1,0,0,,,kc1,traditional_file
0,record_469,record_469,.,,Unknown,1.0,1.0,1.0,1.0,4.0,8.0,0.67,1.5,5.33,12.0,0.0,0.67,0.0,0.0,0.0,0.0,3.0,1.0,3.0,1.0,1.0,1,1,0,0,0,0,0,0,0,0,0,0,0,0,1,0,1,0,0,0,0,0,0,0,0,0,0,0,1,0,0,,,kc1,traditional_file
0,record_470,record_470,.,,Unknown,4.0,1.0,1.0,1.0,4.0,8.0,0.67,1.5,5.33,12.0,0.0,0.67,2.0,0.0,0.0,0.0,3.0,1.0,3.0,1.0,1.0,1,1,0,0,0,0,0,0,0,0,0,0,0,0,1,0,1,0,0,0,0,0,0,0,0,0,0,0,1,0,0,,,kc1,traditional_file
0,record_471,record_471,.,,Unknown,4.0,1.0,1.0,1.0,4.0,8.0,0.67,1.5,5.33,12.0,0.0,0.67,2.0,0.0,0.0,0.0,3.0,1.0,3.0,1.0,1.0,1,1,0,0,0,0,0,0,0,0,0,0,0,0,1,0,1,0,0,0,0,0,0,0,0,0,0,0,1,0,0,,,kc1,traditional_file
0,record_472,record_472,.,,Unknown,4.0,1.0,1.0,1.0,4.0,8.0,0.67,1.5,5.33,12.0,0.0,0.67,2.0,0.0,0.0,0.0,3.0,1.0,3.0,1.0,1.0,1,1,0,0,0,0,0,0,0,0,0,0,0,0,1,0,1,0,0,0,0,0,0,0,0,0,0,0,1,0,0,,,kc1,traditional_file
0,record_473,record_473,.,,Unknown,1.0,1.0,1.0,1.0,4.0,8.0,0.67,1.5,5.33,12.0,0.0,0.67,0.0,0.0,0.0,0.0,3.0,1.0,3.0,1.0,1.0,1,1,0,0,0,0,0,0,0,0,0,0,0,0,1,0,1,0,0,0,0,0,0,0,0,0,0,0,1,0,0,,,kc1,traditional_file
0,record_474,record_474,.,,Unknown,1.0,1.0,1.0,1.0,4.0,8.0,0.67,1.5,5.33,12.0,0.0,0.67,0.0,0.0,0.0,0.0,3.0,1.0,3.0,1.0,1.0,1,1,0,0,0,0,0,0,0,0,0,0,0,0,1,0,1,0,0,0,0,0,0,0,0,0,0,0,1,0,0,,,kc1,traditional_file
0,record_475,record_475,.,,Unknown,1.0,1.0,1.0,1.0,4.0,8.0,0.67,1.5,5.33,12.0,0.0,0.67,0.0,0.0,0.0,0.0,3.0,1.0,3.0,1.0,1.0,1,1,0,0,0,0,0,0,0,0,0,0,0,0,1,0,1,0,0,0,0,0,0,0,0,0,0,0,1,0,0,,,kc1,traditional_file
0,record_476,record_476,.,,Unknown,4.0,1.0,1.0,1.0,4.0,8.0,0.67,1.5,5.33,12.0,0.0,0.67,2.0,0.0,0.0,0.0,3.0,1.0,3.0,1.0,1.0,1,1,0,0,0,0,0,0,0,0,0,0,0,0,1,0,1,0,0,0,0,0,0,0,0,0,0,0,1,0,0,,,kc1,traditional_file
0,record_477,record_477,.,,Unknown,1.0,1.0,1.0,1.0,4.0,8.0,0.67,1.5,5.33,12.0,0.0,0.67,0.0,0.0,0.0,0.0,3.0,1.0,3.0,1.0,1.0,1,1,0,0,0,0,0,0,0,0,0,0,0,0,1,0,1,0,0,0,0,0,0,0,0,0,0,0,1,0,0,,,kc1,traditional_file
0,record_478,record_478,.,,Unknown,1.0,1.0,1.0,1.0,4.0,8.0,0.67,1.5,5.33,12.0,0.0,0.67,0.0,0.0,0.0,0.0,3.0,1.0,3.0,1.0,1.0,1,1,0,0,0,0,0,0,0,0,0,0,0,0,1,0,1,0,0,0,0,0,0,0,0,0,0,0,1,0,0,,,kc1,traditional_file
0,record_479,record_479,.,,Unknown,1.0,1.0,1.0,1.0,4.0,8.0,0.67,1.5,5.33,12.0,0.0,0.67,0.0,0.0,0.0,0.0,3.0,1.0,3.0,1.0,1.0,1,1,0,0,0,0,0,0,0,0,0,0,0,0,1,0,1,0,0,0,0,0,0,0,0,0,0,0,1,0,0,,,kc1,traditional_file
0,record_480,record_480,.,,Unknown,4.0,1.0,1.0,1.0,4.0,8.0,0.67,1.5,5.33,12.0,0.0,0.67,2.0,0.0,0.0,0.0,3.0,1.0,3.0,1.0,1.0,1,1,0,0,0,0,0,0,0,0,0,0,0,0,1,0,1,0,0,0,0,0,0,0,0,0,0,0,1,0,0,,,kc1,traditional_file
0,record_481,record_481,.,,Unknown,1.0,1.0,1.0,1.0,4.0,8.0,0.67,1.5,5.33,12.0,0.0,0.67,0.0,0.0,0.0,0.0,3.0,1.0,3.0,1.0,1.0,1,1,0,0,0,0,0,0,0,0,0,0,0,0,1,0,1,0,0,0,0,0,0,0,0,0,0,0,1,0,0,,,kc1,traditional_file
0,record_482,record_482,.,,Unknown,4.0,1.0,1.0,1.0,4.0,8.0,0.67,1.5,5.33,12.0,0.0,0.67,2.0,0.0,0.0,0.0,3.0,1.0,3.0,1.0,1.0,1,1,0,0,0,0,0,0,0,0,0,0,0,0,1,0,1,0,0,0,0,0,0,0,0,0,0,0,1,0,0,,,kc1,traditional_file
0,record_483,record_483,.,,Unknown,4.0,1.0,1.0,1.0,4.0,8.0,0.67,1.5,5.33,12.0,0.0,0.67,2.0,0.0,0.0,0.0,3.0,1.0,3.0,1.0,1.0,1,1,0,0,0,0,0,0,0,0,0,0,0,0,1,0,1,0,0,0,0,0,0,0,0,0,0,0,1,0,0,,,kc1,traditional_file
0,record_484,record_484,.,,Unknown,4.0,1.0,1.0,1.0,4.0,8.0,0.67,1.5,5.33,12.0,0.0,0.67,2.0,0.0,0.0,0.0,3.0,1.0,3.0,1.0,1.0,1,1,0,0,0,0,0,0,0,0,0,0,0,0,1,0,1,0,0,0,0,0,0,0,0,0,0,0,1,0,0,,,kc1,traditional_file
0,record_485,record_485,.,,Unknown,4.0,1.0,1.0,1.0,4.0,8.0,0.67,1.5,5.33,12.0,0.0,0.67,2.0,0.0,0.0,0.0,3.0,1.0,3.0,1.0,1.0,1,1,0,0,0,0,0,0,0,0,0,0,0,0,1,0,1,0,0,0,0,0,0,0,0,0,0,0,1,0,0,,,kc1,traditional_file
0,record_486,record_486,.,,Unknown,4.0,1.0,1.0,1.0,4.0,8.0,0.67,1.5,5.33,12.0,0.0,0.67,2.0,0.0,0.0,0.0,3.0,1.0,3.0,1.0,1.0,1,1,0,0,0,0,0,0,0,0,0,0,0,0,1,0,1,0,0,0,0,0,0,0,0,0,0,0,1,0,0,,,kc1,traditional_file
0,record_487,record_487,.,,Unknown,1.0,1.0,1.0,1.0,4.0,8.0,0.67,1.5,5.33,12.0,0.0,0.67,0.0,0.0,0.0,0.0,3.0,1.0,3.0,1.0,1.0,1,1,0,0,0,0,0,0,0,0,0,0,0,0,1,0,1,0,0,0,0,0,0,0,0,0,0,0,1,0,0,,,kc1,traditional_file
0,record_488,record_488,.,,Unknown,4.0,1.0,1.0,1.0,4.0,8.0,0.67,1.5,5.33,12.0,0.0,0.67,2.0,0.0,0.0,0.0,3.0,1.0,3.0,1.0,1.0,1,1,0,0,0,0,0,0,0,0,0,0,0,0,1,0,1,0,0,0,0,0,0,0,0,0,0,0,1,0,0,,,kc1,traditional_file
0,record_489,record_489,.,,Unknown,4.0,1.0,1.0,1.0,4.0,8.0,0.67,1.5,5.33,12.0,0.0,0.67,2.0,0.0,0.0,0.0,3.0,1.0,3.0,1.0,1.0,1,1,0,0,0,0,0,0,0,0,0,0,0,0,1,0,1,0,0,0,0,0,0,0,0,0,0,0,1,0,0,,,kc1,traditional_file
0,record_490,record_490,.,,Unknown,4.0,1.0,1.0,1.0,4.0,8.0,0.67,1.5,5.33,12.0,0.0,0.67,2.0,0.0,0.0,0.0,3.0,1.0,3.0,1.0,1.0,1,1,0,0,0,0,0,0,0,0,0,0,0,0,1,0,1,0,0,0,0,0,0,0,0,0,0,0,1,0,0,,,kc1,traditional_file
0,record_491,record_491,.,,Unknown,16.0,2.0,1.0,2.0,25.0,92.51,0.16,6.4,14.45,592.07,0.03,32.89,12.0,0.0,2.0,0.0,8.0,5.0,17.0,8.0,3.0,1,1,0,0,0,0,0,0,0,0,0,0,0,0,1,0,1,0,0,0,0,0,0,0,0,0,0,0,1,0,0,,,kc1,traditional_file
0,record_492,record_492,.,,Unknown,16.0,2.0,1.0,2.0,25.0,92.51,0.16,6.4,14.45,592.07,0.03,32.89,12.0,0.0,2.0,0.0,8.0,5.0,17.0,8.0,3.0,1,1,0,0,0,0,0,0,0,0,0,0,0,0,1,0,1,0,0,0,0,0,0,0,0,0,0,0,1,0,0,,,kc1,traditional_file
0,record_493,record_493,.,,Unknown,18.0,2.0,1.0,2.0,29.0,110.41,0.15,6.67,16.56,736.09,0.04,40.89,13.0,0.0,3.0,0.0,8.0,6.0,19.0,10.0,3.0,1,1,0,0,0,0,0,0,0,0,0,0,0,0,1,0,1,0,0,0,0,0,0,0,0,0,0,0,1,0,0,,,kc1,traditional_file
0,record_494,record_494,.,,Unknown,7.0,1.0,1.0,1.0,8.0,22.46,0.5,2.0,11.23,44.92,0.01,2.5,4.0,0.0,0.0,0.0,4.0,3.0,5.0,3.0,1.0,1,1,0,0,0,0,0,0,0,0,0,0,0,0,1,0,1,0,0,0,0,0,0,0,0,0,0,0,1,0,0,,,kc1,traditional_file
0,record_495,record_495,.,,Unknown,8.0,1.0,1.0,1.0,9.0,27.0,0.5,2.0,13.5,54.0,0.01,3.0,4.0,0.0,2.0,0.0,4.0,4.0,5.0,4.0,1.0,1,1,0,0,0,0,0,0,0,0,0,0,0,0,1,0,1,0,0,0,0,0,0,0,0,0,0,0,1,0,0,,,kc1,traditional_file
0,record_496,record_496,.,,Unknown,14.0,2.0,1.0,2.0,29.0,110.41,0.14,7.33,15.06,809.7,0.04,44.98,10.0,0.0,2.0,0.0,8.0,6.0,18.0,11.0,3.0,1,1,0,0,0,0,0,0,0,0,0,0,0,0,1,0,1,0,0,0,0,0,0,0,0,0,0,0,1,0,0,,,kc1,traditional_file
0,record_497,record_497,.,,Unknown,16.0,2.0,1.0,2.0,25.0,92.51,0.16,6.4,14.45,592.07,0.03,32.89,12.0,0.0,2.0,0.0,8.0,5.0,17.0,8.0,3.0,1,1,0,0,0,0,0,0,0,0,0,0,0,0,1,0,1,0,0,0,0,0,0,0,0,0,0,0,1,0,0,,,kc1,traditional_file
0,record_498,record_498,.,,Unknown,16.0,2.0,1.0,2.0,25.0,92.51,0.16,6.4,14.45,592.07,0.03,32.89,12.0,0.0,2.0,0.0,8.0,5.0,17.0,8.0,3.0,1,1,0,0,0,0,0,0,0,0,0,0,0,0,1,0,1,0,0,0,0,0,0,0,0,0,0,0,1,0,0,,,kc1,traditional_file
0,record_499,record_499,.,,Unknown,17.0,2.0,1.0,2.0,24.0,91.38,0.17,6.0,15.23,548.26,0.03,30.46,12.0,0.0,3.0,0.0,8.0,6.0,15.0,9.0,3.0,1,1,0,0,0,0,0,0,0,0,0,0,0,0,1,0,1,0,0,0,0,0,0,0,0,0,0,0,1,0,0,,,kc1,traditional_file
0,record_500,record_500,.,,Unknown,17.0,2.0,1.0,2.0,25.0,92.51,0.16,6.4,14.45,592.07,0.03,32.89,12.0,0.0,3.0,0.0,8.0,5.0,17.0,8.0,3.0,1,1,0,0,0,0,0,0,0,0,0,0,0,0,1,0,1,0,0,0,0,0,0,0,0,0,0,0,1,0,0,,,kc1,traditional_file
0,record_501,record_501,.,,Unknown,17.0,2.0,1.0,2.0,25.0,92.51,0.16,6.4,14.45,592.07,0.03,32.89,12.0,0.0,3.0,0.0,8.0,5.0,17.0,8.0,3.0,1,1,0,0,0,0,0,0,0,0,0,0,0,0,1,0,1,0,0,0,0,0,0,0,0,0,0,0,1,0,0,,,kc1,traditional_file
0,record_502,record_502,.,,Unknown,7.0,1.0,1.0,1.0,8.0,22.46,0.5,2.0,11.23,44.92,0.01,2.5,4.0,0.0,0.0,0.0,4.0,3.0,5.0,3.0,1.0,1,1,0,0,0,0,0,0,0,0,0,0,0,0,1,0,1,0,0,0,0,0,0,0,0,0,0,0,1,0,0,,,kc1,traditional_file
0,record_503,record_503,.,,Unknown,17.0,2.0,1.0,2.0,24.0,91.38,0.17,6.0,15.23,548.26,0.03,30.46,12.0,0.0,3.0,0.0,8.0,6.0,15.0,9.0,3.0,1,1,0,0,0,0,0,0,0,0,0,0,0,0,1,0,1,0,0,0,0,0,0,0,0,0,0,0,1,0,0,,,kc1,traditional_file
0,record_504,record_504,.,,Unknown,9.0,1.0,1.0,1.0,14.0,46.51,0.27,3.75,12.4,174.4,0.02,9.69,4.0,2.0,1.0,0.0,6.0,4.0,9.0,5.0,1.0,1,1,0,0,0,0,0,0,0,0,0,0,0,0,1,0,1,0,0,0,0,0,0,0,0,0,0,0,1,0,0,,,kc1,traditional_file
0,record_505,record_505,.,,Unknown,14.0,2.0,1.0,2.0,19.0,68.11,0.17,6.0,11.35,408.69,0.02,22.7,8.0,0.0,4.0,0.0,8.0,4.0,13.0,6.0,3.0,1,1,0,0,0,0,0,0,0,0,0,0,0,0,1,0,1,0,0,0,0,0,0,0,0,0,0,0,1,0,0,,,kc1,traditional_file
0,record_506,record_506,.,,Unknown,16.0,2.0,1.0,2.0,25.0,92.51,0.16,6.4,14.45,592.07,0.03,32.89,12.0,0.0,2.0,0.0,8.0,5.0,17.0,8.0,3.0,1,1,0,0,0,0,0,0,0,0,0,0,0,0,1,0,1,0,0,0,0,0,0,0,0,0,0,0,1,0,0,,,kc1,traditional_file
0,record_507,record_507,.,,Unknown,17.0,2.0,1.0,2.0,25.0,92.51,0.16,6.4,14.45,592.07,0.03,32.89,12.0,0.0,3.0,0.0,8.0,5.0,17.0,8.0,3.0,1,1,0,0,0,0,0,0,0,0,0,0,0,0,1,0,1,0,0,0,0,0,0,0,0,0,0,0,1,0,0,,,kc1,traditional_file
0,record_508,record_508,.,,Unknown,17.0,2.0,1.0,2.0,24.0,91.38,0.17,6.0,15.23,548.26,0.03,30.46,12.0,0.0,3.0,0.0,8.0,6.0,15.0,9.0,3.0,1,1,0,0,0,0,0,0,0,0,0,0,0,0,1,0,1,0,0,0,0,0,0,0,0,0,0,0,1,0,0,,,kc1,traditional_file
0,record_509,record_509,.,,Unknown,17.0,2.0,1.0,2.0,20.0,76.15,0.19,5.33,14.28,406.12,0.03,22.56,11.0,0.0,4.0,0.0,8.0,6.0,12.0,8.0,3.0,1,1,0,0,0,0,0,0,0,0,0,0,0,0,1,0,1,0,0,0,0,0,0,0,0,0,0,0,1,0,0,,,kc1,traditional_file
0,record_510,record_510,.,,Unknown,17.0,2.0,1.0,2.0,25.0,92.51,0.16,6.4,14.45,592.07,0.03,32.89,12.0,0.0,3.0,0.0,8.0,5.0,17.0,8.0,3.0,1,1,0,0,0,0,0,0,0,0,0,0,0,0,1,0,1,0,0,0,0,0,0,0,0,0,0,0,1,0,0,,,kc1,traditional_file
0,record_511,record_511,.,,Unknown,17.0,2.0,1.0,2.0,20.0,76.15,0.19,5.33,14.28,406.12,0.03,22.56,11.0,0.0,4.0,0.0,8.0,6.0,12.0,8.0,3.0,1,1,0,0,0,0,0,0,0,0,0,0,0,0,1,0,1,0,0,0,0,0,0,0,0,0,0,0,1,0,0,,,kc1,traditional_file
0,record_512,record_512,.,,Unknown,16.0,2.0,1.0,2.0,25.0,92.51,0.16,6.4,14.45,592.07,0.03,32.89,12.0,0.0,2.0,0.0,8.0,5.0,17.0,8.0,3.0,1,1,0,0,0,0,0,0,0,0,0,0,0,0,1,0,1,0,0,0,0,0,0,0,0,0,0,0,1,0,0,,,kc1,traditional_file
0,record_513,record_513,.,,Unknown,17.0,2.0,1.0,2.0,25.0,92.51,0.16,6.4,14.45,592.07,0.03,32.89,12.0,0.0,3.0,0.0,8.0,5.0,17.0,8.0,3.0,1,1,0,0,0,0,0,0,0,0,0,0,0,0,1,0,1,0,0,0,0,0,0,0,0,0,0,0,1,0,0,,,kc1,traditional_file
0,record_514,record_514,.,,Unknown,17.0,2.0,1.0,2.0,25.0,92.51,0.16,6.4,14.45,592.07,0.03,32.89,12.0,0.0,3.0,0.0,8.0,5.0,17.0,8.0,3.0,1,1,0,0,0,0,0,0,0,0,0,0,0,0,1,0,1,0,0,0,0,0,0,0,0,0,0,0,1,0,0,,,kc1,traditional_file
0,record_515,record_515,.,,Unknown,49.0,9.0,5.0,9.0,130.0,644.05,0.05,18.28,35.23,11773.96,0.21,654.11,42.0,2.0,3.0,0.0,15.0,16.0,91.0,39.0,17.0,1,1,0,0,0,0,0,0,0,0,0,0,0,0,1,0,1,0,0,0,0,0,0,0,0,0,0,0,1,0,0,,,kc1,traditional_file
0,record_516,record_516,.,,Unknown,13.0,2.0,1.0,2.0,32.0,130.8,0.16,6.22,21.02,813.86,0.04,45.21,7.0,0.0,0.0,0.0,8.0,9.0,18.0,14.0,3.0,1,1,0,0,0,0,0,0,0,0,0,0,0,0,1,0,1,0,0,0,0,0,0,0,0,0,0,0,1,0,0,,,kc1,traditional_file
0,record_517,record_517,.,,Unknown,14.0,1.0,1.0,1.0,21.0,84.0,0.33,3.0,28.0,252.0,0.03,14.0,8.0,0.0,1.0,0.0,6.0,10.0,11.0,10.0,1.0,1,1,0,0,0,0,0,0,0,0,0,0,0,0,1,0,1,0,0,0,0,0,0,0,0,0,0,0,1,0,0,,,kc1,traditional_file
0,record_518,record_518,.,,Unknown,4.0,1.0,1.0,1.0,7.0,19.65,0.4,2.5,7.86,49.13,0.01,2.73,2.0,0.0,0.0,0.0,5.0,2.0,5.0,2.0,1.0,1,1,0,0,0,0,0,0,0,0,0,0,0,0,1,0,1,0,0,0,0,0,0,0,0,0,0,0,1,0,0,,,kc1,traditional_file
0,record_519,record_519,.,,Unknown,2.0,1.0,1.0,1.0,5.0,11.61,0.5,2.0,5.8,23.22,0.0,1.29,0.0,0.0,0.0,0.0,4.0,1.0,4.0,1.0,1.0,1,1,0,0,0,0,0,0,0,0,0,0,0,0,1,0,1,0,0,0,0,0,0,0,0,0,0,0,1,0,0,,,kc1,traditional_file
0,record_520,record_520,.,,Unknown,2.0,1.0,1.0,1.0,5.0,11.61,0.5,2.0,5.8,23.22,0.0,1.29,0.0,0.0,0.0,0.0,4.0,1.0,4.0,1.0,1.0,1,1,0,0,0,0,0,0,0,0,0,0,0,0,1,0,1,0,0,0,0,0,0,0,0,0,0,0,1,0,0,,,kc1,traditional_file
0,record_521,record_521,.,,Unknown,2.0,1.0,1.0,1.0,5.0,11.61,0.67,1.5,7.74,17.41,0.0,0.97,0.0,0.0,0.0,0.0,3.0,2.0,3.0,2.0,1.0,1,1,0,0,0,0,0,0,0,0,0,0,0,0,1,0,1,0,0,0,0,0,0,0,0,0,0,0,1,0,0,,,kc1,traditional_file
0,record_522,record_522,.,,Unknown,6.0,1.0,1.0,1.0,10.0,20.0,0.22,4.5,4.44,90.0,0.01,5.0,4.0,0.0,0.0,0.0,3.0,1.0,7.0,3.0,1.0,1,1,0,0,0,0,0,0,0,0,0,0,0,0,1,0,1,0,0,0,0,0,0,0,0,0,0,0,1,0,0,,,kc1,traditional_file
0,record_523,record_523,.,,Unknown,2.0,1.0,1.0,1.0,4.0,8.0,0.67,1.5,5.33,12.0,0.0,0.67,0.0,0.0,0.0,0.0,3.0,1.0,3.0,1.0,1.0,1,1,0,0,0,0,0,0,0,0,0,0,0,0,1,0,1,0,0,0,0,0,0,0,0,0,0,0,1,0,0,,,kc1,traditional_file
0,record_524,record_524,.,,Unknown,2.0,1.0,1.0,1.0,4.0,8.0,0.67,1.5,5.33,12.0,0.0,0.67,0.0,0.0,0.0,0.0,3.0,1.0,3.0,1.0,1.0,1,1,0,0,0,0,0,0,0,0,0,0,0,0,1,0,1,0,0,0,0,0,0,0,0,0,0,0,1,0,0,,,kc1,traditional_file
0,record_525,record_525,.,,Unknown,2.0,1.0,1.0,1.0,5.0,11.61,0.67,1.5,7.74,17.41,0.0,0.97,0.0,0.0,0.0,0.0,3.0,2.0,3.0,2.0,1.0,1,1,0,0,0,0,0,0,0,0,0,0,0,0,1,0,1,0,0,0,0,0,0,0,0,0,0,0,1,0,0,,,kc1,traditional_file
0,record_526,record_526,.,,Unknown,2.0,1.0,1.0,1.0,5.0,11.61,0.67,1.5,7.74,17.41,0.0,0.97,0.0,0.0,0.0,0.0,3.0,2.0,3.0,2.0,1.0,1,1,0,0,0,0,0,0,0,0,0,0,0,0,1,0,1,0,0,0,0,0,0,0,0,0,0,0,1,0,0,,,kc1,traditional_file
0,record_527,record_527,.,,Unknown,28.0,4.0,1.0,1.0,60.0,278.63,0.08,12.46,22.36,3472.18,0.09,192.9,22.0,0.0,1.0,0.0,12.0,13.0,33.0,27.0,7.0,1,1,0,0,0,0,0,0,0,0,0,0,0,0,1,0,1,0,0,0,0,0,0,0,0,0,0,0,1,0,0,,,kc1,traditional_file
0,record_528,record_528,.,,Unknown,28.0,4.0,1.0,1.0,60.0,278.63,0.08,12.46,22.36,3472.18,0.09,192.9,22.0,0.0,1.0,0.0,12.0,13.0,33.0,27.0,7.0,1,1,0,0,0,0,0,0,0,0,0,0,0,0,1,0,1,0,0,0,0,0,0,0,0,0,0,0,1,0,0,,,kc1,traditional_file
0,record_529,record_529,.,,Unknown,23.0,3.0,1.0,3.0,55.0,241.58,0.1,9.9,24.4,2391.62,0.08,132.87,18.0,2.0,1.0,0.0,11.0,10.0,37.0,18.0,5.0,1,1,0,0,0,0,0,0,0,0,0,0,0,0,1,0,1,0,0,0,0,0,0,0,0,0,0,0,1,0,0,,,kc1,traditional_file
0,record_530,record_530,.,,Unknown,4.0,1.0,1.0,1.0,7.0,18.09,0.67,1.5,12.06,27.14,0.01,1.51,0.0,0.0,0.0,0.0,3.0,3.0,4.0,3.0,1.0,1,1,0,0,0,0,0,0,0,0,0,0,0,0,1,0,1,0,0,0,0,0,0,0,0,0,0,0,1,0,0,,,kc1,traditional_file
0,record_531,record_531,.,,Unknown,4.0,1.0,1.0,1.0,7.0,18.09,0.67,1.5,12.06,27.14,0.01,1.51,0.0,0.0,0.0,0.0,3.0,3.0,4.0,3.0,1.0,1,1,0,0,0,0,0,0,0,0,0,0,0,0,1,0,1,0,0,0,0,0,0,0,0,0,0,0,1,0,0,,,kc1,traditional_file
0,record_532,record_532,.,,Unknown,4.0,1.0,1.0,1.0,2.0,2.0,0.0,0.0,0.0,0.0,0.0,0.0,0.0,0.0,0.0,0.0,2.0,0.0,2.0,0.0,1.0,1,1,0,0,0,0,0,0,0,0,0,0,0,0,1,0,1,0,0,0,0,0,0,0,0,0,0,0,1,0,0,,,kc1,traditional_file
0,record_533,record_533,.,,Unknown,35.0,2.0,1.0,1.0,141.0,734.53,0.1,9.81,74.84,7209.3,0.24,400.52,31.0,0.0,2.0,0.0,10.0,27.0,88.0,53.0,3.0,1,1,0,0,0,0,0,0,0,0,0,0,0,0,1,0,1,0,0,0,0,0,0,0,0,0,0,0,1,0,0,,,kc1,traditional_file
0,record_534,record_534,.,,Unknown,4.0,1.0,1.0,1.0,4.0,8.0,0.67,1.5,5.33,12.0,0.0,0.67,0.0,0.0,0.0,0.0,3.0,1.0,3.0,1.0,1.0,1,1,0,0,0,0,0,0,0,0,0,0,0,0,1,0,1,0,0,0,0,0,0,0,0,0,0,0,1,0,0,,,kc1,traditional_file
0,record_535,record_535,.,,Unknown,4.0,1.0,1.0,1.0,7.0,18.09,0.67,1.5,12.06,27.14,0.01,1.51,0.0,0.0,0.0,0.0,3.0,3.0,4.0,3.0,1.0,1,1,0,0,0,0,0,0,0,0,0,0,0,0,1,0,1,0,0,0,0,0,0,0,0,0,0,0,1,0,0,,,kc1,traditional_file
0,record_536,record_536,.,,Unknown,4.0,1.0,1.0,1.0,7.0,18.09,0.67,1.5,12.06,27.14,0.01,1.51,0.0,0.0,0.0,0.0,3.0,3.0,4.0,3.0,1.0,1,1,0,0,0,0,0,0,0,0,0,0,0,0,1,0,1,0,0,0,0,0,0,0,0,0,0,0,1,0,0,,,kc1,traditional_file
0,record_537,record_537,.,,Unknown,4.0,1.0,1.0,1.0,9.0,28.53,0.29,3.5,8.15,99.85,0.01,5.55,2.0,0.0,0.0,0.0,7.0,2.0,7.0,2.0,1.0,1,1,0,0,0,0,0,0,0,0,0,0,0,0,1,0,1,0,0,0,0,0,0,0,0,0,0,0,1,0,0,,,kc1,traditional_file
0,record_538,record_538,.,,Unknown,47.0,3.0,1.0,3.0,94.0,478.22,0.09,11.76,40.66,5624.8,0.16,312.49,33.0,7.0,4.0,0.0,13.0,21.0,56.0,38.0,5.0,1,1,0,0,0,0,0,0,0,0,0,0,0,0,1,0,1,0,0,0,0,0,0,0,0,0,0,0,1,0,0,,,kc1,traditional_file
0,record_539,record_539,.,,Unknown,4.0,1.0,1.0,1.0,8.0,24.0,0.4,2.5,9.6,60.0,0.01,3.33,2.0,0.0,0.0,0.0,5.0,3.0,5.0,3.0,1.0,1,1,0,0,0,0,0,0,0,0,0,0,0,0,1,0,1,0,0,0,0,0,0,0,0,0,0,0,1,0,0,,,kc1,traditional_file
0,record_540,record_540,.,,Unknown,41.0,5.0,3.0,5.0,99.0,490.47,0.09,10.74,45.68,5266.05,0.16,292.56,37.0,1.0,1.0,0.0,12.0,19.0,65.0,34.0,8.0,1,1,0,0,0,0,0,0,0,0,0,0,0,0,1,0,1,0,0,0,0,0,0,0,0,0,0,0,1,0,0,,,kc1,traditional_file
0,record_541,record_541,.,,Unknown,41.0,5.0,3.0,5.0,132.0,682.43,0.08,12.15,56.16,8293.01,0.23,460.72,37.0,1.0,1.0,0.0,13.0,23.0,89.0,43.0,8.0,1,1,0,0,0,0,0,0,0,0,0,0,0,0,1,0,1,0,0,0,0,0,0,0,0,0,0,0,1,0,0,,,kc1,traditional_file
0,record_542,record_542,.,,Unknown,53.0,5.0,3.0,5.0,174.0,982.03,0.08,12.0,81.84,11784.37,0.33,654.69,49.0,0.0,2.0,0.0,15.0,35.0,118.0,56.0,8.0,1,1,0,0,0,0,0,0,0,0,0,0,0,0,1,0,1,0,0,0,0,0,0,0,0,0,0,0,1,0,0,,,kc1,traditional_file
0,record_543,record_543,.,,Unknown,15.0,4.0,3.0,4.0,49.0,218.51,0.06,16.63,13.14,3632.76,0.07,201.82,12.0,0.0,1.0,0.0,14.0,8.0,30.0,19.0,7.0,1,1,0,0,0,0,0,0,0,0,0,0,0,0,1,0,1,0,0,0,0,0,0,0,0,0,0,0,1,0,0,,,kc1,traditional_file
0,record_544,record_544,.,,Unknown,14.0,2.0,1.0,2.0,42.0,178.41,0.09,11.0,16.21,1962.54,0.06,109.03,10.0,0.0,1.0,0.0,11.0,8.0,26.0,16.0,3.0,1,1,0,0,0,0,0,0,0,0,0,0,0,0,1,0,1,0,0,0,0,0,0,0,0,0,0,0,1,0,0,,,kc1,traditional_file
0,record_545,record_545,.,,Unknown,82.0,9.0,1.0,9.0,191.0,1072.41,0.06,15.76,68.06,16898.58,0.36,938.81,74.0,0.0,3.0,0.0,16.0,33.0,126.0,65.0,16.0,1,1,0,0,0,0,0,0,0,0,0,0,0,0,1,0,1,0,0,0,0,0,0,0,0,0,0,0,1,0,0,,,kc1,traditional_file
0,record_546,record_546,.,,Unknown,41.0,5.0,3.0,5.0,100.0,504.44,0.09,11.05,45.65,5574.06,0.17,309.67,38.0,1.0,0.0,0.0,13.0,20.0,66.0,34.0,8.0,1,1,0,0,0,0,0,0,0,0,0,0,0,0,1,0,1,0,0,0,0,0,0,0,0,0,0,0,1,0,0,,,kc1,traditional_file
0,record_547,record_547,.,,Unknown,60.0,6.0,1.0,5.0,156.0,818.68,0.06,16.37,49.98,13409.92,0.27,745.0,50.0,4.0,4.0,0.0,13.0,25.0,93.0,63.0,11.0,1,1,0,0,0,0,0,0,0,0,0,0,0,0,1,0,1,0,0,0,0,0,0,0,0,0,0,0,1,0,0,,,kc1,traditional_file
0,record_548,record_548,.,,Unknown,12.0,1.0,1.0,1.0,19.0,72.34,0.21,4.67,15.5,337.59,0.02,18.75,6.0,2.0,2.0,0.0,8.0,6.0,12.0,7.0,1.0,1,1,0,0,0,0,0,0,0,0,0,0,0,0,1,0,1,0,0,0,0,0,0,0,0,0,0,0,1,0,0,,,kc1,traditional_file
0,record_549,record_549,.,,Unknown,11.0,3.0,1.0,3.0,26.0,93.21,0.16,6.3,14.8,587.22,0.03,32.61,8.0,0.0,1.0,0.0,7.0,5.0,17.0,9.0,5.0,1,1,0,0,0,0,0,0,0,0,0,0,0,0,1,0,1,0,0,0,0,0,0,0,0,0,0,0,1,0,0,,,kc1,traditional_file
0,record_550,record_550,.,,Unknown,68.0,7.0,1.0,7.0,165.0,945.11,0.06,16.46,57.43,15553.76,0.32,864.1,58.0,1.0,4.0,0.0,18.0,35.0,101.0,64.0,12.0,1,1,0,0,0,0,0,0,0,0,0,0,0,0,1,0,1,0,0,0,0,0,0,0,0,0,0,0,1,0,0,,,kc1,traditional_file
0,record_551,record_551,.,,Unknown,11.0,1.0,1.0,1.0,22.0,76.11,0.3,3.33,22.83,253.69,0.03,14.09,6.0,1.0,2.0,0.0,5.0,6.0,14.0,8.0,1.0,1,1,0,0,0,0,0,0,0,0,0,0,0,0,1,0,1,0,0,0,0,0,0,0,0,0,0,0,1,0,0,,,kc1,traditional_file
0,record_552,record_552,.,,Unknown,60.0,11.0,5.0,11.0,155.0,795.04,0.05,18.38,43.27,14608.84,0.27,811.6,50.0,4.0,4.0,0.0,15.0,20.0,106.0,49.0,21.0,1,1,0,0,0,0,0,0,0,0,0,0,0,0,1,0,1,0,0,0,0,0,0,0,0,0,0,0,1,0,0,,,kc1,traditional_file
0,record_553,record_553,.,,Unknown,24.0,4.0,1.0,4.0,68.0,303.24,0.12,8.29,36.6,2512.57,0.1,139.59,19.0,0.0,0.0,0.0,8.0,14.0,39.0,29.0,7.0,1,1,0,0,0,0,0,0,0,0,0,0,0,0,1,0,1,0,0,0,0,0,0,0,0,0,0,0,1,0,0,,,kc1,traditional_file
0,record_554,record_554,.,,Unknown,51.0,13.0,8.0,13.0,138.0,713.45,0.05,20.13,35.44,14362.87,0.24,797.94,44.0,3.0,2.0,0.0,17.0,19.0,93.0,45.0,25.0,1,1,0,0,0,0,0,0,0,0,0,0,0,0,1,0,1,0,0,0,0,0,0,0,0,0,0,0,1,0,0,,,kc1,traditional_file
0,record_555,record_555,.,,Unknown,12.0,2.0,1.0,2.0,32.0,130.8,0.16,6.22,21.02,813.86,0.04,45.21,7.0,0.0,0.0,0.0,8.0,9.0,18.0,14.0,3.0,1,1,0,0,0,0,0,0,0,0,0,0,0,0,1,0,1,0,0,0,0,0,0,0,0,0,0,0,1,0,0,,,kc1,traditional_file
0,record_556,record_556,.,,Unknown,13.0,1.0,1.0,1.0,19.0,74.23,0.33,3.0,24.74,222.69,0.02,12.37,7.0,0.0,1.0,0.0,6.0,9.0,10.0,9.0,1.0,1,1,0,0,0,0,0,0,0,0,0,0,0,0,1,0,1,0,0,0,0,0,0,0,0,0,0,0,1,0,0,,,kc1,traditional_file
0,record_557,record_557,.,,Unknown,4.0,1.0,1.0,1.0,7.0,19.65,0.4,2.5,7.86,49.13,0.01,2.73,2.0,0.0,0.0,0.0,5.0,2.0,5.0,2.0,1.0,1,1,0,0,0,0,0,0,0,0,0,0,0,0,1,0,1,0,0,0,0,0,0,0,0,0,0,0,1,0,0,,,kc1,traditional_file
0,record_558,record_558,.,,Unknown,16.0,2.0,1.0,2.0,32.0,133.44,0.18,5.6,23.83,747.25,0.04,41.51,11.0,0.0,1.0,0.0,8.0,10.0,18.0,14.0,3.0,1,1,0,0,0,0,0,0,0,0,0,0,0,0,1,0,1,0,0,0,0,0,0,0,0,0,0,0,1,0,0,,,kc1,traditional_file
0,record_559,record_559,.,,Unknown,4.0,1.0,1.0,1.0,7.0,19.65,0.4,2.5,7.86,49.13,0.01,2.73,2.0,0.0,0.0,0.0,5.0,2.0,5.0,2.0,1.0,1,1,0,0,0,0,0,0,0,0,0,0,0,0,1,0,1,0,0,0,0,0,0,0,0,0,0,0,1,0,0,,,kc1,traditional_file
0,record_560,record_560,.,,Unknown,12.0,2.0,1.0,2.0,32.0,130.8,0.16,6.22,21.02,813.86,0.04,45.21,7.0,0.0,0.0,0.0,8.0,9.0,18.0,14.0,3.0,1,1,0,0,0,0,0,0,0,0,0,0,0,0,1,0,1,0,0,0,0,0,0,0,0,0,0,0,1,0,0,,,kc1,traditional_file
0,record_561,record_561,.,,Unknown,51.0,13.0,8.0,13.0,138.0,713.45,0.05,20.13,35.44,14362.87,0.24,797.94,44.0,3.0,2.0,0.0,17.0,19.0,93.0,45.0,25.0,1,1,0,0,0,0,0,0,0,0,0,0,0,0,1,0,1,0,0,0,0,0,0,0,0,0,0,0,1,0,0,,,kc1,traditional_file
0,record_562,record_562,.,,Unknown,13.0,1.0,1.0,1.0,19.0,74.23,0.33,3.0,24.74,222.69,0.02,12.37,7.0,0.0,1.0,0.0,6.0,9.0,10.0,9.0,1.0,1,1,0,0,0,0,0,0,0,0,0,0,0,0,1,0,1,0,0,0,0,0,0,0,0,0,0,0,1,0,0,,,kc1,traditional_file
0,record_563,record_563,.,,Unknown,4.0,1.0,1.0,1.0,7.0,19.65,0.4,2.5,7.86,49.13,0.01,2.73,2.0,0.0,0.0,0.0,5.0,2.0,5.0,2.0,1.0,1,1,0,0,0,0,0,0,0,0,0,0,0,0,1,0,1,0,0,0,0,0,0,0,0,0,0,0,1,0,0,,,kc1,traditional_file
0,record_564,record_564,.,,Unknown,24.0,3.0,3.0,3.0,49.0,221.65,0.23,4.38,50.66,969.74,0.07,53.87,20.0,0.0,2.0,0.0,7.0,16.0,29.0,20.0,5.0,1,1,0,0,0,0,0,0,0,0,0,0,0,0,1,0,1,0,0,0,0,0,0,0,0,0,0,0,1,0,0,,,kc1,traditional_file
0,record_565,record_565,.,,Unknown,54.0,18.0,11.0,18.0,150.0,781.42,0.07,13.44,58.14,10502.26,0.26,583.46,49.0,1.0,2.0,0.0,12.0,25.0,94.0,56.0,35.0,1,1,0,0,0,0,0,0,0,0,0,0,0,0,1,0,1,0,0,0,0,0,0,0,0,0,0,0,1,0,0,,,kc1,traditional_file
0,record_566,record_566,.,,Unknown,13.0,2.0,1.0,2.0,29.0,120.93,0.15,6.87,17.59,831.38,0.04,46.19,10.0,0.0,1.0,0.0,10.0,8.0,18.0,11.0,3.0,1,1,0,0,0,0,0,0,0,0,0,0,0,0,1,0,1,0,0,0,0,0,0,0,0,0,0,0,1,0,0,,,kc1,traditional_file
0,record_567,record_567,.,,Unknown,7.0,1.0,1.0,1.0,14.0,50.19,0.33,3.0,16.73,150.57,0.02,8.36,3.0,0.0,0.0,0.0,6.0,6.0,8.0,6.0,1.0,1,1,0,0,0,0,0,0,0,0,0,0,0,0,1,0,1,0,0,0,0,0,0,0,0,0,0,0,1,0,0,,,kc1,traditional_file
0,record_568,record_568,.,,Unknown,8.0,1.0,1.0,1.0,14.0,50.19,0.33,3.0,16.73,150.57,0.02,8.36,4.0,0.0,1.0,0.0,6.0,6.0,8.0,6.0,1.0,1,1,0,0,0,0,0,0,0,0,0,0,0,0,1,0,1,0,0,0,0,0,0,0,0,0,0,0,1,0,0,,,kc1,traditional_file
0,record_569,record_569,.,,Unknown,25.0,4.0,1.0,4.0,77.0,361.93,0.09,11.73,30.85,4246.69,0.12,235.93,20.0,0.0,0.0,0.0,11.0,15.0,45.0,32.0,7.0,1,1,0,0,0,0,0,0,0,0,0,0,0,0,1,0,1,0,0,0,0,0,0,0,0,0,0,0,1,0,0,,,kc1,traditional_file
0,record_570,record_570,.,,Unknown,7.0,1.0,1.0,1.0,14.0,50.19,0.33,3.0,16.73,150.57,0.02,8.36,3.0,0.0,0.0,0.0,6.0,6.0,8.0,6.0,1.0,1,1,0,0,0,0,0,0,0,0,0,0,0,0,1,0,1,0,0,0,0,0,0,0,0,0,0,0,1,0,0,,,kc1,traditional_file
0,record_571,record_571,.,,Unknown,53.0,7.0,3.0,7.0,181.0,963.27,0.05,21.67,44.46,20870.83,0.32,1159.49,44.0,0.0,4.0,0.0,16.0,24.0,116.0,65.0,13.0,1,1,0,0,0,0,0,0,0,0,0,0,0,0,1,0,1,0,0,0,0,0,0,0,0,0,0,0,1,0,0,,,kc1,traditional_file
0,record_572,record_572,.,,Unknown,64.0,12.0,5.0,12.0,171.0,890.82,0.05,19.09,46.66,17006.5,0.3,944.81,53.0,4.0,5.0,0.0,15.0,22.0,115.0,56.0,23.0,1,1,0,0,0,0,0,0,0,0,0,0,0,0,1,0,1,0,0,0,0,0,0,0,0,0,0,0,1,0,0,,,kc1,traditional_file
0,record_573,record_573,.,,Unknown,18.0,1.0,1.0,1.0,40.0,166.8,0.18,5.41,30.84,902.22,0.06,50.12,9.0,0.0,4.0,0.0,7.0,11.0,23.0,17.0,1.0,1,1,0,0,0,0,0,0,0,0,0,0,0,0,1,0,1,0,0,0,0,0,0,0,0,0,0,0,1,0,0,,,kc1,traditional_file
0,record_574,record_574,.,,Unknown,5.0,1.0,1.0,1.0,9.0,28.53,0.33,3.0,9.51,85.59,0.01,4.75,2.0,0.0,0.0,0.0,6.0,3.0,6.0,3.0,1.0,1,1,0,0,0,0,0,0,0,0,0,0,0,0,1,0,1,0,0,0,0,0,0,0,0,0,0,0,1,0,0,,,kc1,traditional_file
0,record_575,record_575,.,,Unknown,13.0,2.0,1.0,2.0,32.0,130.8,0.16,6.22,21.02,813.86,0.04,45.21,7.0,0.0,0.0,0.0,8.0,9.0,18.0,14.0,3.0,1,1,0,0,0,0,0,0,0,0,0,0,0,0,1,0,1,0,0,0,0,0,0,0,0,0,0,0,1,0,0,,,kc1,traditional_file
0,record_576,record_576,.,,Unknown,15.0,1.0,1.0,1.0,21.0,84.0,0.33,3.0,28.0,252.0,0.03,14.0,8.0,0.0,1.0,0.0,6.0,10.0,11.0,10.0,1.0,1,1,0,0,0,0,0,0,0,0,0,0,0,0,1,0,1,0,0,0,0,0,0,0,0,0,0,0,1,0,0,,,kc1,traditional_file
0,record_577,record_577,.,,Unknown,4.0,1.0,1.0,1.0,7.0,19.65,0.4,2.5,7.86,49.13,0.01,2.73,2.0,0.0,0.0,0.0,5.0,2.0,5.0,2.0,1.0,1,1,0,0,0,0,0,0,0,0,0,0,0,0,1,0,1,0,0,0,0,0,0,0,0,0,0,0,1,0,0,,,kc1,traditional_file
0,record_578,record_578,.,,Unknown,23.0,2.0,1.0,2.0,44.0,199.04,0.15,6.54,30.44,1301.39,0.07,72.3,19.0,0.0,0.0,0.0,10.0,13.0,27.0,17.0,3.0,1,1,0,0,0,0,0,0,0,0,0,0,0,0,1,0,1,0,0,0,0,0,0,0,0,0,0,0,1,0,0,,,kc1,traditional_file
0,record_579,record_579,.,,Unknown,4.0,1.0,1.0,1.0,5.0,11.61,0.67,1.5,7.74,17.41,0.0,0.97,2.0,0.0,0.0,0.0,3.0,2.0,3.0,2.0,1.0,1,1,0,0,0,0,0,0,0,0,0,0,0,0,1,0,1,0,0,0,0,0,0,0,0,0,0,0,1,0,0,,,kc1,traditional_file
0,record_580,record_580,.,,Unknown,4.0,1.0,1.0,1.0,5.0,11.61,0.67,1.5,7.74,17.41,0.0,0.97,2.0,0.0,0.0,0.0,3.0,2.0,3.0,2.0,1.0,1,1,0,0,0,0,0,0,0,0,0,0,0,0,1,0,1,0,0,0,0,0,0,0,0,0,0,0,1,0,0,,,kc1,traditional_file
0,record_581,record_581,.,,Unknown,48.0,6.0,3.0,6.0,133.0,682.19,0.06,16.67,40.93,11369.91,0.23,631.66,41.0,3.0,2.0,0.0,14.0,21.0,83.0,50.0,11.0,1,1,0,0,0,0,0,0,0,0,0,0,0,0,1,0,1,0,0,0,0,0,0,0,0,0,0,0,1,0,0,,,kc1,traditional_file
0,record_582,record_582,.,,Unknown,24.0,3.0,3.0,3.0,69.0,312.13,0.15,6.56,47.56,2048.33,0.1,113.8,19.0,0.0,3.0,0.0,7.0,16.0,39.0,30.0,5.0,1,1,0,0,0,0,0,0,0,0,0,0,0,0,1,0,1,0,0,0,0,0,0,0,0,0,0,0,1,0,0,,,kc1,traditional_file
0,record_583,record_583,.,,Unknown,15.0,1.0,1.0,1.0,47.0,223.48,0.4,2.5,89.39,558.7,0.07,31.04,12.0,0.0,1.0,0.0,5.0,22.0,25.0,22.0,1.0,1,1,0,0,0,0,0,0,0,0,0,0,0,0,1,0,1,0,0,0,0,0,0,0,0,0,0,0,1,0,0,,,kc1,traditional_file
0,record_584,record_584,.,,Unknown,39.0,5.0,3.0,5.0,86.0,430.0,0.09,11.67,36.86,5016.67,0.14,278.7,33.0,1.0,1.0,0.0,14.0,18.0,56.0,30.0,8.0,1,1,0,0,0,0,0,0,0,0,0,0,0,0,1,0,1,0,0,0,0,0,0,0,0,0,0,0,1,0,0,,,kc1,traditional_file
0,record_585,record_585,.,,Unknown,63.0,8.0,1.0,7.0,145.0,805.42,0.06,15.52,51.9,12497.82,0.27,694.32,57.0,0.0,0.0,0.0,18.0,29.0,95.0,50.0,14.0,1,1,0,0,0,0,0,0,0,0,0,0,0,0,1,0,1,0,0,0,0,0,0,0,0,0,0,0,1,0,0,,,kc1,traditional_file
0,record_586,record_586,.,,Unknown,23.0,2.0,1.0,2.0,58.0,265.93,0.14,6.9,38.54,1834.9,0.09,101.94,16.0,1.0,3.0,0.0,9.0,15.0,35.0,23.0,3.0,1,1,0,0,0,0,0,0,0,0,0,0,0,0,1,0,1,0,0,0,0,0,0,0,0,0,0,0,1,0,0,,,kc1,traditional_file
0,record_587,record_587,.,,Unknown,17.0,1.0,1.0,1.0,40.0,175.69,0.17,6.0,29.28,1054.16,0.06,58.56,9.0,1.0,3.0,0.0,9.0,12.0,24.0,16.0,1.0,1,1,0,0,0,0,0,0,0,0,0,0,0,0,1,0,1,0,0,0,0,0,0,0,0,0,0,0,1,0,0,,,kc1,traditional_file
0,record_588,record_588,.,,Unknown,34.0,3.0,1.0,3.0,80.0,380.39,0.11,8.82,43.11,3356.39,0.13,186.47,28.0,1.0,2.0,0.0,10.0,17.0,50.0,30.0,5.0,1,1,0,0,0,0,0,0,0,0,0,0,0,0,1,0,1,0,0,0,0,0,0,0,0,0,0,0,1,0,0,,,kc1,traditional_file
0,record_589,record_589,.,,Unknown,26.0,2.0,1.0,2.0,63.0,296.13,0.11,8.8,33.65,2605.92,0.1,144.77,19.0,1.0,2.0,0.0,11.0,15.0,39.0,24.0,3.0,1,1,0,0,0,0,0,0,0,0,0,0,0,0,1,0,1,0,0,0,0,0,0,0,0,0,0,0,1,0,0,,,kc1,traditional_file
0,record_590,record_590,.,,Unknown,22.0,2.0,1.0,2.0,56.0,253.32,0.14,7.07,35.82,1791.33,0.08,99.52,16.0,1.0,2.0,0.0,9.0,14.0,34.0,22.0,3.0,1,1,0,0,0,0,0,0,0,0,0,0,0,0,1,0,1,0,0,0,0,0,0,0,0,0,0,0,1,0,0,,,kc1,traditional_file
0,record_591,record_591,.,,Unknown,31.0,3.0,1.0,3.0,79.0,379.78,0.1,9.71,39.13,3686.11,0.13,204.78,25.0,1.0,2.0,0.0,11.0,17.0,49.0,30.0,5.0,1,1,0,0,0,0,0,0,0,0,0,0,0,0,1,0,1,0,0,0,0,0,0,0,0,0,0,0,1,0,0,,,kc1,traditional_file
0,record_592,record_592,.,,Unknown,23.0,2.0,1.0,2.0,56.0,253.32,0.14,7.07,35.82,1791.33,0.08,99.52,16.0,1.0,3.0,0.0,9.0,14.0,34.0,22.0,3.0,1,1,0,0,0,0,0,0,0,0,0,0,0,0,1,0,1,0,0,0,0,0,0,0,0,0,0,0,1,0,0,,,kc1,traditional_file
0,record_593,record_593,.,,Unknown,24.0,2.0,1.0,2.0,56.0,263.22,0.12,8.07,32.63,2123.35,0.09,117.96,16.0,1.0,3.0,0.0,11.0,15.0,34.0,22.0,3.0,1,1,0,0,0,0,0,0,0,0,0,0,0,0,1,0,1,0,0,0,0,0,0,0,0,0,0,0,1,0,0,,,kc1,traditional_file
0,record_594,record_594,.,,Unknown,16.0,1.0,1.0,1.0,40.0,175.69,0.17,6.0,29.28,1054.16,0.06,58.56,9.0,1.0,2.0,0.0,9.0,12.0,24.0,16.0,1.0,1,1,0,0,0,0,0,0,0,0,0,0,0,0,1,0,1,0,0,0,0,0,0,0,0,0,0,0,1,0,0,,,kc1,traditional_file
0,record_595,record_595,.,,Unknown,23.0,2.0,1.0,2.0,58.0,265.93,0.14,6.9,38.54,1834.9,0.09,101.94,16.0,1.0,3.0,0.0,9.0,15.0,35.0,23.0,3.0,1,1,0,0,0,0,0,0,0,0,0,0,0,0,1,0,1,0,0,0,0,0,0,0,0,0,0,0,1,0,0,,,kc1,traditional_file
0,record_596,record_596,.,,Unknown,16.0,1.0,1.0,1.0,40.0,175.69,0.17,6.0,29.28,1054.16,0.06,58.56,9.0,1.0,2.0,0.0,9.0,12.0,24.0,16.0,1.0,1,1,0,0,0,0,0,0,0,0,0,0,0,0,1,0,1,0,0,0,0,0,0,0,0,0,0,0,1,0,0,,,kc1,traditional_file
0,record_597,record_597,.,,Unknown,16.0,1.0,1.0,1.0,40.0,175.69,0.17,6.0,29.28,1054.16,0.06,58.56,9.0,1.0,2.0,0.0,9.0,12.0,24.0,16.0,1.0,1,1,0,0,0,0,0,0,0,0,0,0,0,0,1,0,1,0,0,0,0,0,0,0,0,0,0,0,1,0,0,,,kc1,traditional_file
0,record_598,record_598,.,,Unknown,16.0,1.0,1.0,1.0,40.0,175.69,0.17,6.0,29.28,1054.16,0.06,58.56,9.0,1.0,2.0,0.0,9.0,12.0,24.0,16.0,1.0,1,1,0,0,0,0,0,0,0,0,0,0,0,0,1,0,1,0,0,0,0,0,0,0,0,0,0,0,1,0,0,,,kc1,traditional_file
0,record_599,record_599,.,,Unknown,23.0,1.0,1.0,1.0,62.0,294.8,0.15,6.5,45.35,1916.22,0.1,106.46,13.0,1.0,3.0,0.0,9.0,18.0,36.0,26.0,1.0,1,1,0,0,0,0,0,0,0,0,0,0,0,0,1,0,1,0,0,0,0,0,0,0,0,0,0,0,1,0,0,,,kc1,traditional_file
0,record_600,record_600,.,,Unknown,23.0,2.0,1.0,2.0,58.0,265.93,0.14,6.9,38.54,1834.9,0.09,101.94,16.0,1.0,3.0,0.0,9.0,15.0,35.0,23.0,3.0,1,1,0,0,0,0,0,0,0,0,0,0,0,0,1,0,1,0,0,0,0,0,0,0,0,0,0,0,1,0,0,,,kc1,traditional_file
0,record_601,record_601,.,,Unknown,16.0,1.0,1.0,1.0,40.0,175.69,0.17,6.0,29.28,1054.16,0.06,58.56,9.0,1.0,2.0,0.0,9.0,12.0,24.0,16.0,1.0,1,1,0,0,0,0,0,0,0,0,0,0,0,0,1,0,1,0,0,0,0,0,0,0,0,0,0,0,1,0,0,,,kc1,traditional_file
0,record_602,record_602,.,,Unknown,23.0,2.0,1.0,2.0,56.0,253.32,0.14,7.07,35.82,1791.33,0.08,99.52,16.0,1.0,3.0,0.0,9.0,14.0,34.0,22.0,3.0,1,1,0,0,0,0,0,0,0,0,0,0,0,0,1,0,1,0,0,0,0,0,0,0,0,0,0,0,1,0,0,,,kc1,traditional_file
0,record_603,record_603,.,,Unknown,16.0,1.0,1.0,1.0,40.0,175.69,0.17,6.0,29.28,1054.16,0.06,58.56,9.0,1.0,2.0,0.0,9.0,12.0,24.0,16.0,1.0,1,1,0,0,0,0,0,0,0,0,0,0,0,0,1,0,1,0,0,0,0,0,0,0,0,0,0,0,1,0,0,,,kc1,traditional_file
0,record_604,record_604,.,,Unknown,18.0,1.0,1.0,1.0,54.0,250.77,0.16,6.19,40.53,1551.63,0.08,86.2,11.0,1.0,2.0,0.0,9.0,16.0,32.0,22.0,1.0,1,1,0,0,0,0,0,0,0,0,0,0,0,0,1,0,1,0,0,0,0,0,0,0,0,0,0,0,1,0,0,,,kc1,traditional_file
0,record_605,record_605,.,,Unknown,18.0,1.0,1.0,1.0,54.0,250.77,0.16,6.19,40.53,1551.63,0.08,86.2,11.0,1.0,2.0,0.0,9.0,16.0,32.0,22.0,1.0,1,1,0,0,0,0,0,0,0,0,0,0,0,0,1,0,1,0,0,0,0,0,0,0,0,0,0,0,1,0,0,,,kc1,traditional_file
0,record_606,record_606,.,,Unknown,27.0,2.0,1.0,2.0,61.0,279.68,0.14,7.2,38.84,2013.72,0.09,111.87,20.0,1.0,3.0,0.0,9.0,15.0,37.0,24.0,3.0,1,1,0,0,0,0,0,0,0,0,0,0,0,0,1,0,1,0,0,0,0,0,0,0,0,0,0,0,1,0,0,,,kc1,traditional_file
0,record_607,record_607,.,,Unknown,18.0,1.0,1.0,1.0,42.0,184.48,0.16,6.38,28.94,1176.04,0.06,65.34,10.0,1.0,3.0,0.0,9.0,12.0,25.0,17.0,1.0,1,1,0,0,0,0,0,0,0,0,0,0,0,0,1,0,1,0,0,0,0,0,0,0,0,0,0,0,1,0,0,,,kc1,traditional_file
0,record_608,record_608,.,,Unknown,18.0,1.0,1.0,1.0,54.0,250.77,0.16,6.19,40.53,1551.63,0.08,86.2,11.0,1.0,2.0,0.0,9.0,16.0,32.0,22.0,1.0,1,1,0,0,0,0,0,0,0,0,0,0,0,0,1,0,1,0,0,0,0,0,0,0,0,0,0,0,1,0,0,,,kc1,traditional_file
0,record_609,record_609,.,,Unknown,127.0,25.0,7.0,22.0,396.0,2309.82,0.03,38.21,60.45,88254.54,0.77,4903.03,108.0,7.0,9.0,0.0,21.0,36.0,265.0,131.0,49.0,1,1,0,0,0,0,0,0,0,0,0,0,0,0,1,0,1,0,0,0,0,0,0,0,0,0,0,0,1,0,0,,,kc1,traditional_file
0,record_610,record_610,.,,Unknown,25.0,5.0,5.0,4.0,51.0,227.43,0.09,10.8,21.06,2456.25,0.08,136.46,19.0,2.0,2.0,0.0,12.0,10.0,33.0,18.0,9.0,1,1,0,0,0,0,0,0,0,0,0,0,0,0,1,0,1,0,0,0,0,0,0,0,0,0,0,0,1,0,0,,,kc1,traditional_file
0,record_611,record_611,.,,Unknown,48.0,4.0,1.0,4.0,121.0,568.75,0.07,13.93,40.82,7924.63,0.19,440.26,39.0,0.0,6.0,0.0,11.0,15.0,83.0,38.0,7.0,1,1,0,0,0,0,0,0,0,0,0,0,0,0,1,0,1,0,0,0,0,0,0,0,0,0,0,0,1,0,0,,,kc1,traditional_file
0,record_612,record_612,.,,Unknown,6.0,2.0,1.0,1.0,14.0,50.19,0.24,4.2,11.95,210.8,0.02,11.71,4.0,0.0,0.0,0.0,7.0,5.0,8.0,6.0,3.0,1,1,0,0,0,0,0,0,0,0,0,0,0,0,1,0,1,0,0,0,0,0,0,0,0,0,0,0,1,0,0,,,kc1,traditional_file
0,record_613,record_613,.,,Unknown,60.0,2.0,1.0,2.0,156.0,909.93,0.18,5.47,166.37,4976.76,0.3,276.49,57.0,0.0,1.0,0.0,8.0,49.0,89.0,67.0,3.0,1,1,0,0,0,0,0,0,0,0,0,0,0,0,1,0,1,0,0,0,0,0,0,0,0,0,0,0,1,0,0,,,kc1,traditional_file
0,record_614,record_614,.,,Unknown,22.0,2.0,1.0,2.0,35.0,148.68,0.16,6.3,23.6,936.67,0.05,52.04,15.0,0.0,3.0,0.0,9.0,10.0,21.0,14.0,3.0,1,1,0,0,0,0,0,0,0,0,0,0,0,0,1,0,1,0,0,0,0,0,0,0,0,0,0,0,1,0,0,,,kc1,traditional_file
0,record_615,record_615,.,,Unknown,22.0,2.0,1.0,2.0,35.0,148.68,0.16,6.3,23.6,936.67,0.05,52.04,15.0,0.0,3.0,0.0,9.0,10.0,21.0,14.0,3.0,1,1,0,0,0,0,0,0,0,0,0,0,0,0,1,0,1,0,0,0,0,0,0,0,0,0,0,0,1,0,0,,,kc1,traditional_file
0,record_616,record_616,.,,Unknown,20.0,2.0,1.0,2.0,30.0,125.1,0.17,6.0,20.85,750.59,0.04,41.7,13.0,0.0,3.0,0.0,9.0,9.0,18.0,12.0,3.0,1,1,0,0,0,0,0,0,0,0,0,0,0,0,1,0,1,0,0,0,0,0,0,0,0,0,0,0,1,0,0,,,kc1,traditional_file
0,record_617,record_617,.,,Unknown,21.0,3.0,1.0,3.0,55.0,241.58,0.09,11.55,20.92,2790.22,0.08,155.01,12.0,3.0,4.0,0.0,11.0,10.0,34.0,21.0,5.0,1,1,0,0,0,0,0,0,0,0,0,0,0,0,1,0,1,0,0,0,0,0,0,0,0,0,0,0,1,0,0,,,kc1,traditional_file
0,record_618,record_618,.,,Unknown,31.0,6.0,5.0,6.0,95.0,456.7,0.07,14.63,31.23,6679.22,0.15,371.07,26.0,0.0,0.0,0.0,12.0,16.0,56.0,39.0,11.0,1,1,0,0,0,0,0,0,0,0,0,0,0,0,1,0,1,0,0,0,0,0,0,0,0,0,0,0,1,0,0,,,kc1,traditional_file
0,record_619,record_619,.,,Unknown,52.0,7.0,3.0,7.0,174.0,919.66,0.05,19.69,46.71,18105.81,0.31,1005.88,44.0,0.0,3.0,0.0,15.0,24.0,111.0,63.0,13.0,1,1,0,0,0,0,0,0,0,0,0,0,0,0,1,0,1,0,0,0,0,0,0,0,0,0,0,0,1,0,0,,,kc1,traditional_file
0,record_620,record_620,.,,Unknown,6.0,1.0,1.0,1.0,11.0,36.54,0.33,3.0,12.18,109.62,0.01,6.09,3.0,0.0,0.0,0.0,6.0,4.0,7.0,4.0,1.0,1,1,0,0,0,0,0,0,0,0,0,0,0,0,1,0,1,0,0,0,0,0,0,0,0,0,0,0,1,0,0,,,kc1,traditional_file
0,record_621,record_621,.,,Unknown,5.0,1.0,1.0,1.0,9.0,28.53,0.33,3.0,9.51,85.59,0.01,4.75,2.0,0.0,0.0,0.0,6.0,3.0,6.0,3.0,1.0,1,1,0,0,0,0,0,0,0,0,0,0,0,0,1,0,1,0,0,0,0,0,0,0,0,0,0,0,1,0,0,,,kc1,traditional_file
0,record_622,record_622,.,,Unknown,7.0,1.0,1.0,1.0,14.0,50.19,0.33,3.0,16.73,150.57,0.02,8.36,3.0,0.0,0.0,0.0,6.0,6.0,8.0,6.0,1.0,1,1,0,0,0,0,0,0,0,0,0,0,0,0,1,0,1,0,0,0,0,0,0,0,0,0,0,0,1,0,0,,,kc1,traditional_file
0,record_623,record_623,.,,Unknown,18.0,1.0,1.0,1.0,41.0,174.17,0.19,5.25,33.17,914.37,0.06,50.8,10.0,0.0,4.0,0.0,7.0,12.0,23.0,18.0,1.0,1,1,0,0,0,0,0,0,0,0,0,0,0,0,1,0,1,0,0,0,0,0,0,0,0,0,0,0,1,0,0,,,kc1,traditional_file
0,record_624,record_624,.,,Unknown,13.0,2.0,1.0,2.0,32.0,130.8,0.16,6.22,21.02,813.86,0.04,45.21,7.0,0.0,0.0,0.0,8.0,9.0,18.0,14.0,3.0,1,1,0,0,0,0,0,0,0,0,0,0,0,0,1,0,1,0,0,0,0,0,0,0,0,0,0,0,1,0,0,,,kc1,traditional_file
0,record_625,record_625,.,,Unknown,51.0,13.0,8.0,13.0,138.0,713.45,0.05,20.13,35.44,14362.87,0.24,797.94,44.0,3.0,2.0,0.0,17.0,19.0,93.0,45.0,25.0,1,1,0,0,0,0,0,0,0,0,0,0,0,0,1,0,1,0,0,0,0,0,0,0,0,0,0,0,1,0,0,,,kc1,traditional_file
0,record_626,record_626,.,,Unknown,15.0,1.0,1.0,1.0,21.0,84.0,0.33,3.0,28.0,252.0,0.03,14.0,8.0,0.0,1.0,0.0,6.0,10.0,11.0,10.0,1.0,1,1,0,0,0,0,0,0,0,0,0,0,0,0,1,0,1,0,0,0,0,0,0,0,0,0,0,0,1,0,0,,,kc1,traditional_file
0,record_627,record_627,.,,Unknown,4.0,1.0,1.0,1.0,7.0,19.65,0.4,2.5,7.86,49.13,0.01,2.73,2.0,0.0,0.0,0.0,5.0,2.0,5.0,2.0,1.0,1,1,0,0,0,0,0,0,0,0,0,0,0,0,1,0,1,0,0,0,0,0,0,0,0,0,0,0,1,0,0,,,kc1,traditional_file
0,record_628,record_628,.,,Unknown,12.0,2.0,1.0,2.0,32.0,130.8,0.16,6.22,21.02,813.86,0.04,45.21,6.0,0.0,0.0,0.0,8.0,9.0,18.0,14.0,3.0,1,1,0,0,0,0,0,0,0,0,0,0,0,0,1,0,1,0,0,0,0,0,0,0,0,0,0,0,1,0,0,,,kc1,traditional_file
0,record_629,record_629,.,,Unknown,15.0,1.0,1.0,1.0,21.0,84.0,0.33,3.0,28.0,252.0,0.03,14.0,8.0,0.0,1.0,0.0,6.0,10.0,11.0,10.0,1.0,1,1,0,0,0,0,0,0,0,0,0,0,0,0,1,0,1,0,0,0,0,0,0,0,0,0,0,0,1,0,0,,,kc1,traditional_file
0,record_630,record_630,.,,Unknown,4.0,1.0,1.0,1.0,7.0,19.65,0.4,2.5,7.86,49.13,0.01,2.73,2.0,0.0,0.0,0.0,5.0,2.0,5.0,2.0,1.0,1,1,0,0,0,0,0,0,0,0,0,0,0,0,1,0,1,0,0,0,0,0,0,0,0,0,0,0,1,0,0,,,kc1,traditional_file
0,record_631,record_631,.,,Unknown,13.0,2.0,1.0,2.0,32.0,130.8,0.16,6.22,21.02,813.86,0.04,45.21,7.0,0.0,0.0,0.0,8.0,9.0,18.0,14.0,3.0,1,1,0,0,0,0,0,0,0,0,0,0,0,0,1,0,1,0,0,0,0,0,0,0,0,0,0,0,1,0,0,,,kc1,traditional_file
0,record_632,record_632,.,,Unknown,51.0,13.0,8.0,13.0,138.0,713.45,0.05,20.13,35.44,14362.87,0.24,797.94,44.0,3.0,2.0,0.0,17.0,19.0,93.0,45.0,25.0,1,1,0,0,0,0,0,0,0,0,0,0,0,0,1,0,1,0,0,0,0,0,0,0,0,0,0,0,1,0,0,,,kc1,traditional_file
0,record_633,record_633,.,,Unknown,15.0,1.0,1.0,1.0,21.0,84.0,0.33,3.0,28.0,252.0,0.03,14.0,8.0,0.0,1.0,0.0,6.0,10.0,11.0,10.0,1.0,1,1,0,0,0,0,0,0,0,0,0,0,0,0,1,0,1,0,0,0,0,0,0,0,0,0,0,0,1,0,0,,,kc1,traditional_file
0,record_634,record_634,.,,Unknown,4.0,1.0,1.0,1.0,7.0,19.65,0.4,2.5,7.86,49.13,0.01,2.73,2.0,0.0,0.0,0.0,5.0,2.0,5.0,2.0,1.0,1,1,0,0,0,0,0,0,0,0,0,0,0,0,1,0,1,0,0,0,0,0,0,0,0,0,0,0,1,0,0,,,kc1,traditional_file
0,record_635,record_635,.,,Unknown,112.0,12.0,7.0,12.0,280.0,1647.14,0.04,25.9,63.6,42656.7,0.55,2369.82,97.0,7.0,6.0,0.0,20.0,39.0,179.0,101.0,23.0,1,1,0,0,0,0,0,0,0,0,0,0,0,0,1,0,1,0,0,0,0,0,0,0,0,0,0,0,1,0,0,,,kc1,traditional_file
0,record_636,record_636,.,,Unknown,33.0,4.0,1.0,4.0,114.0,602.54,0.08,12.04,50.04,7254.53,0.2,403.03,27.0,0.0,4.0,0.0,14.0,25.0,71.0,43.0,7.0,1,1,0,0,0,0,0,0,0,0,0,0,0,0,1,0,1,0,0,0,0,0,0,0,0,0,0,0,1,0,0,,,kc1,traditional_file
0,record_637,record_637,.,,Unknown,33.0,4.0,1.0,4.0,106.0,548.01,0.09,11.02,49.72,6040.05,0.18,335.56,26.0,0.0,5.0,0.0,13.0,23.0,67.0,39.0,7.0,1,1,0,0,0,0,0,0,0,0,0,0,0,0,1,0,1,0,0,0,0,0,0,0,0,0,0,0,1,0,0,,,kc1,traditional_file
0,record_638,record_638,.,,Unknown,38.0,4.0,3.0,4.0,124.0,630.85,0.07,13.62,46.32,8591.51,0.21,477.31,33.0,0.0,2.0,0.0,13.0,21.0,80.0,44.0,7.0,1,1,0,0,0,0,0,0,0,0,0,0,0,0,1,0,1,0,0,0,0,0,0,0,0,0,0,0,1,0,0,,,kc1,traditional_file
0,record_639,record_639,.,,Unknown,34.0,3.0,1.0,3.0,99.0,485.78,0.1,10.42,46.62,5062.36,0.16,281.24,29.0,0.0,1.0,0.0,11.0,19.0,63.0,36.0,5.0,1,1,0,0,0,0,0,0,0,0,0,0,0,0,1,0,1,0,0,0,0,0,0,0,0,0,0,0,1,0,0,,,kc1,traditional_file
0,record_640,record_640,.,,Unknown,9.0,1.0,1.0,1.0,23.0,87.57,0.22,4.5,19.46,394.06,0.03,21.89,5.0,1.0,0.0,0.0,7.0,7.0,14.0,9.0,1.0,1,1,0,0,0,0,0,0,0,0,0,0,0,0,1,0,1,0,0,0,0,0,0,0,0,0,0,0,1,0,0,,,kc1,traditional_file
0,record_641,record_641,.,,Unknown,34.0,5.0,4.0,5.0,105.0,499.26,0.06,16.71,29.87,8344.83,0.17,463.6,28.0,0.0,4.0,0.0,13.0,14.0,69.0,36.0,9.0,1,1,0,0,0,0,0,0,0,0,0,0,0,0,1,0,1,0,0,0,0,0,0,0,0,0,0,0,1,0,0,,,kc1,traditional_file
0,record_642,record_642,.,,Unknown,24.0,2.0,1.0,2.0,70.0,336.51,0.11,8.74,38.52,2939.56,0.11,163.31,18.0,0.0,1.0,0.0,11.0,17.0,43.0,27.0,3.0,1,1,0,0,0,0,0,0,0,0,0,0,0,0,1,0,1,0,0,0,0,0,0,0,0,0,0,0,1,0,0,,,kc1,traditional_file
0,record_643,record_643,.,,Unknown,29.0,3.0,1.0,3.0,64.0,300.83,0.11,9.17,32.82,2757.59,0.1,153.2,24.0,0.0,1.0,0.0,11.0,15.0,39.0,25.0,5.0,1,1,0,0,0,0,0,0,0,0,0,0,0,0,1,0,1,0,0,0,0,0,0,0,0,0,0,0,1,0,0,,,kc1,traditional_file
0,record_644,record_644,.,,Unknown,17.0,2.0,1.0,2.0,36.0,144.0,0.12,8.33,17.28,1200.0,0.05,66.67,14.0,0.0,1.0,0.0,10.0,6.0,26.0,10.0,3.0,1,1,0,0,0,0,0,0,0,0,0,0,0,0,1,0,1,0,0,0,0,0,0,0,0,0,0,0,1,0,0,,,kc1,traditional_file
0,record_645,record_645,.,,Unknown,3.0,1.0,1.0,1.0,1.0,0.0,0.0,0.0,0.0,0.0,0.0,0.0,1.0,0.0,0.0,0.0,1.0,0.0,1.0,0.0,1.0,1,1,0,0,0,0,0,0,0,0,0,0,0,0,1,0,1,0,0,0,0,0,0,0,0,0,0,0,1,0,0,,,kc1,traditional_file
0,record_646,record_646,.,,Unknown,3.0,1.0,1.0,1.0,1.0,0.0,0.0,0.0,0.0,0.0,0.0,0.0,1.0,0.0,0.0,0.0,1.0,0.0,1.0,0.0,1.0,1,1,0,0,0,0,0,0,0,0,0,0,0,0,1,0,1,0,0,0,0,0,0,0,0,0,0,0,1,0,0,,,kc1,traditional_file
0,record_647,record_647,.,,Unknown,3.0,1.0,1.0,1.0,1.0,0.0,0.0,0.0,0.0,0.0,0.0,0.0,1.0,0.0,0.0,0.0,1.0,0.0,1.0,0.0,1.0,1,1,0,0,0,0,0,0,0,0,0,0,0,0,1,0,1,0,0,0,0,0,0,0,0,0,0,0,1,0,0,,,kc1,traditional_file
0,record_648,record_648,.,,Unknown,3.0,1.0,1.0,1.0,1.0,0.0,0.0,0.0,0.0,0.0,0.0,0.0,1.0,0.0,0.0,0.0,1.0,0.0,1.0,0.0,1.0,1,1,0,0,0,0,0,0,0,0,0,0,0,0,1,0,1,0,0,0,0,0,0,0,0,0,0,0,1,0,0,,,kc1,traditional_file
0,record_649,record_649,.,,Unknown,3.0,1.0,1.0,1.0,1.0,0.0,0.0,0.0,0.0,0.0,0.0,0.0,1.0,0.0,0.0,0.0,1.0,0.0,1.0,0.0,1.0,1,1,0,0,0,0,0,0,0,0,0,0,0,0,1,0,1,0,0,0,0,0,0,0,0,0,0,0,1,0,0,,,kc1,traditional_file
0,record_650,record_650,.,,Unknown,12.0,1.0,1.0,1.0,33.0,132.0,0.2,5.06,26.11,667.33,0.04,37.07,8.0,0.0,1.0,0.0,7.0,9.0,20.0,13.0,1.0,1,1,0,0,0,0,0,0,0,0,0,0,0,0,1,0,1,0,0,0,0,0,0,0,0,0,0,0,1,0,0,,,kc1,traditional_file
0,record_651,record_651,.,,Unknown,20.0,1.0,1.0,1.0,76.0,369.21,0.17,5.9,62.53,2180.08,0.12,121.12,14.0,0.0,0.0,0.0,8.0,21.0,45.0,31.0,1.0,1,1,0,0,0,0,0,0,0,0,0,0,0,0,1,0,1,0,0,0,0,0,0,0,0,0,0,0,1,0,0,,,kc1,traditional_file
0,record_652,record_652,.,,Unknown,5.0,1.0,1.0,1.0,9.0,28.53,0.33,3.0,9.51,85.59,0.01,4.75,2.0,0.0,0.0,0.0,6.0,3.0,6.0,3.0,1.0,1,1,0,0,0,0,0,0,0,0,0,0,0,0,1,0,1,0,0,0,0,0,0,0,0,0,0,0,1,0,0,,,kc1,traditional_file
0,record_653,record_653,.,,Unknown,28.0,2.0,1.0,2.0,77.0,385.0,0.12,8.64,44.55,3327.5,0.13,184.86,22.0,0.0,4.0,0.0,11.0,21.0,44.0,33.0,3.0,1,1,0,0,0,0,0,0,0,0,0,0,0,0,1,0,1,0,0,0,0,0,0,0,0,0,0,0,1,0,0,,,kc1,traditional_file
0,record_654,record_654,.,,Unknown,18.0,1.0,1.0,1.0,31.0,131.69,0.31,3.23,40.76,425.45,0.04,23.64,10.0,0.0,2.0,0.0,6.0,13.0,17.0,14.0,1.0,1,1,0,0,0,0,0,0,0,0,0,0,0,0,1,0,1,0,0,0,0,0,0,0,0,0,0,0,1,0,0,,,kc1,traditional_file
0,record_655,record_655,.,,Unknown,10.0,1.0,1.0,1.0,17.0,58.81,0.34,2.92,20.16,171.53,0.02,9.53,5.0,0.0,2.0,0.0,5.0,6.0,10.0,7.0,1.0,1,1,0,0,0,0,0,0,0,0,0,0,0,0,1,0,1,0,0,0,0,0,0,0,0,0,0,0,1,0,0,,,kc1,traditional_file
0,record_656,record_656,.,,Unknown,8.0,1.0,1.0,1.0,20.0,71.7,0.25,4.0,17.92,286.8,0.02,15.93,6.0,0.0,0.0,0.0,6.0,6.0,12.0,8.0,1.0,1,1,0,0,0,0,0,0,0,0,0,0,0,0,1,0,1,0,0,0,0,0,0,0,0,0,0,0,1,0,0,,,kc1,traditional_file
0,record_657,record_657,.,,Unknown,5.0,1.0,1.0,1.0,9.0,28.53,0.33,3.0,9.51,85.59,0.01,4.75,2.0,0.0,0.0,0.0,6.0,3.0,6.0,3.0,1.0,1,1,0,0,0,0,0,0,0,0,0,0,0,0,1,0,1,0,0,0,0,0,0,0,0,0,0,0,1,0,0,,,kc1,traditional_file
0,record_658,record_658,.,,Unknown,32.0,3.0,1.0,3.0,115.0,620.12,0.11,9.4,65.97,5829.1,0.21,323.84,20.0,0.0,3.0,0.0,12.0,30.0,68.0,47.0,5.0,1,1,0,0,0,0,0,0,0,0,0,0,0,0,1,0,1,0,0,0,0,0,0,0,0,0,0,0,1,0,0,,,kc1,traditional_file
0,record_659,record_659,.,,Unknown,23.0,1.0,1.0,1.0,37.0,165.0,0.31,3.19,51.76,525.93,0.05,29.22,13.0,0.0,2.0,0.0,6.0,16.0,20.0,17.0,1.0,1,1,0,0,0,0,0,0,0,0,0,0,0,0,1,0,1,0,0,0,0,0,0,0,0,0,0,0,1,0,0,,,kc1,traditional_file
0,record_660,record_660,.,,Unknown,23.0,1.0,1.0,1.0,38.0,171.9,0.27,3.72,46.22,639.24,0.06,35.51,13.0,0.0,2.0,0.0,7.0,16.0,21.0,17.0,1.0,1,1,0,0,0,0,0,0,0,0,0,0,0,0,1,0,1,0,0,0,0,0,0,0,0,0,0,0,1,0,0,,,kc1,traditional_file
0,record_661,record_661,.,,Unknown,31.0,4.0,1.0,4.0,85.0,421.11,0.11,9.47,44.45,3989.43,0.14,221.64,25.0,0.0,1.0,0.0,12.0,19.0,55.0,30.0,7.0,1,1,0,0,0,0,0,0,0,0,0,0,0,0,1,0,1,0,0,0,0,0,0,0,0,0,0,0,1,0,0,,,kc1,traditional_file
0,record_662,record_662,.,,Unknown,40.0,4.0,1.0,4.0,122.0,630.73,0.08,13.0,48.52,8199.5,0.21,455.53,35.0,0.0,3.0,0.0,13.0,23.0,76.0,46.0,7.0,1,1,0,0,0,0,0,0,0,0,0,0,0,0,1,0,1,0,0,0,0,0,0,0,0,0,0,0,1,0,0,,,kc1,traditional_file
0,record_663,record_663,.,,Unknown,5.0,1.0,1.0,1.0,9.0,28.53,0.33,3.0,9.51,85.59,0.01,4.75,2.0,0.0,0.0,0.0,6.0,3.0,6.0,3.0,1.0,1,1,0,0,0,0,0,0,0,0,0,0,0,0,1,0,1,0,0,0,0,0,0,0,0,0,0,0,1,0,0,,,kc1,traditional_file
0,record_664,record_664,.,,Unknown,16.0,1.0,1.0,1.0,62.0,287.92,0.17,5.88,48.95,1693.64,0.1,94.09,12.0,0.0,0.0,0.0,8.0,17.0,37.0,25.0,1.0,1,1,0,0,0,0,0,0,0,0,0,0,0,0,1,0,1,0,0,0,0,0,0,0,0,0,0,0,1,0,0,,,kc1,traditional_file
0,record_665,record_665,.,,Unknown,28.0,5.0,1.0,4.0,93.0,498.25,0.07,14.87,33.51,7408.8,0.17,411.6,24.0,0.0,2.0,0.0,18.0,23.0,55.0,38.0,9.0,1,1,0,0,0,0,0,0,0,0,0,0,0,0,1,0,1,0,0,0,0,0,0,0,0,0,0,0,1,0,0,,,kc1,traditional_file
0,record_666,record_666,.,,Unknown,14.0,1.0,1.0,1.0,27.0,110.36,0.31,3.27,33.72,361.18,0.04,20.07,8.0,0.0,2.0,0.0,6.0,11.0,15.0,12.0,1.0,1,1,0,0,0,0,0,0,0,0,0,0,0,0,1,0,1,0,0,0,0,0,0,0,0,0,0,0,1,0,0,,,kc1,traditional_file
0,record_667,record_667,.,,Unknown,30.0,4.0,1.0,4.0,74.0,359.49,0.1,9.53,37.72,3425.73,0.12,190.32,24.0,0.0,2.0,0.0,12.0,17.0,47.0,27.0,7.0,1,1,0,0,0,0,0,0,0,0,0,0,0,0,1,0,1,0,0,0,0,0,0,0,0,0,0,0,1,0,0,,,kc1,traditional_file
0,record_668,record_668,.,,Unknown,24.0,3.0,1.0,3.0,50.0,232.19,0.14,7.07,32.84,1641.93,0.08,91.22,21.0,0.0,0.0,0.0,11.0,14.0,32.0,18.0,5.0,1,1,0,0,0,0,0,0,0,0,0,0,0,0,1,0,1,0,0,0,0,0,0,0,0,0,0,0,1,0,0,,,kc1,traditional_file
0,record_669,record_669,.,,Unknown,9.0,1.0,1.0,1.0,9.0,28.53,0.5,2.0,14.26,57.06,0.01,3.17,6.0,0.0,0.0,0.0,4.0,5.0,4.0,5.0,1.0,1,1,0,0,0,0,0,0,0,0,0,0,0,0,1,0,1,0,0,0,0,0,0,0,0,0,0,0,1,0,0,,,kc1,traditional_file
0,record_670,record_670,.,,Unknown,3.0,1.0,1.0,1.0,4.0,8.0,1.0,1.0,8.0,8.0,0.0,0.44,2.0,0.0,0.0,0.0,2.0,2.0,2.0,2.0,1.0,1,1,0,0,0,0,0,0,0,0,0,0,0,0,1,0,1,0,0,0,0,0,0,0,0,0,0,0,1,0,0,,,kc1,traditional_file
0,record_671,record_671,.,,Unknown,3.0,1.0,1.0,1.0,4.0,8.0,1.0,1.0,8.0,8.0,0.0,0.44,2.0,0.0,0.0,0.0,2.0,2.0,2.0,2.0,1.0,1,1,0,0,0,0,0,0,0,0,0,0,0,0,1,0,1,0,0,0,0,0,0,0,0,0,0,0,1,0,0,,,kc1,traditional_file
0,record_672,record_672,.,,Unknown,8.0,1.0,1.0,1.0,4.0,8.0,2.0,0.5,16.0,4.0,0.0,0.22,5.0,0.0,0.0,0.0,1.0,3.0,1.0,3.0,1.0,1,1,0,0,0,0,0,0,0,0,0,0,0,0,1,0,1,0,0,0,0,0,0,0,0,0,0,0,1,0,0,,,kc1,traditional_file
0,record_673,record_673,.,,Unknown,8.0,1.0,1.0,1.0,4.0,8.0,2.0,0.5,16.0,4.0,0.0,0.22,5.0,0.0,0.0,0.0,1.0,3.0,1.0,3.0,1.0,1,1,0,0,0,0,0,0,0,0,0,0,0,0,1,0,1,0,0,0,0,0,0,0,0,0,0,0,1,0,0,,,kc1,traditional_file
0,record_674,record_674,.,,Unknown,37.0,4.0,1.0,4.0,186.0,1027.38,0.13,7.78,132.09,7990.75,0.34,443.93,35.0,0.0,0.0,0.0,10.0,36.0,130.0,56.0,6.0,1,1,0,0,0,0,0,0,0,0,0,0,0,0,1,0,1,0,0,0,0,0,0,0,0,0,0,0,1,0,0,,,kc1,traditional_file
0,record_675,record_675,.,,Unknown,15.0,2.0,1.0,2.0,60.0,278.63,0.18,5.41,51.49,1507.89,0.09,83.77,13.0,0.0,0.0,0.0,8.0,17.0,37.0,23.0,3.0,1,1,0,0,0,0,0,0,0,0,0,0,0,0,1,0,1,0,0,0,0,0,0,0,0,0,0,0,1,0,0,,,kc1,traditional_file
0,record_676,record_676,.,,Unknown,5.0,1.0,1.0,1.0,9.0,28.53,0.33,3.0,9.51,85.59,0.01,4.75,2.0,0.0,0.0,0.0,6.0,3.0,6.0,3.0,1.0,1,1,0,0,0,0,0,0,0,0,0,0,0,0,1,0,1,0,0,0,0,0,0,0,0,0,0,0,1,0,0,,,kc1,traditional_file
0,record_677,record_677,.,,Unknown,8.0,1.0,1.0,1.0,20.0,71.7,0.25,4.0,17.92,286.8,0.02,15.93,6.0,0.0,0.0,0.0,6.0,6.0,12.0,8.0,1.0,1,1,0,0,0,0,0,0,0,0,0,0,0,0,1,0,1,0,0,0,0,0,0,0,0,0,0,0,1,0,0,,,kc1,traditional_file
0,record_678,record_678,.,,Unknown,25.0,1.0,1.0,1.0,100.0,516.99,0.15,6.67,77.55,3446.62,0.17,191.48,17.0,0.0,0.0,0.0,9.0,27.0,60.0,40.0,1.0,1,1,0,0,0,0,0,0,0,0,0,0,0,0,1,0,1,0,0,0,0,0,0,0,0,0,0,0,1,0,0,,,kc1,traditional_file
0,record_679,record_679,.,,Unknown,22.0,1.0,1.0,1.0,35.0,153.73,0.31,3.2,48.04,491.94,0.05,27.33,12.0,0.0,2.0,0.0,6.0,15.0,19.0,16.0,1.0,1,1,0,0,0,0,0,0,0,0,0,0,0,0,1,0,1,0,0,0,0,0,0,0,0,0,0,0,1,0,0,,,kc1,traditional_file
0,record_680,record_680,.,,Unknown,32.0,4.0,1.0,4.0,85.0,421.11,0.11,9.47,44.45,3989.43,0.14,221.64,25.0,0.0,2.0,0.0,12.0,19.0,55.0,30.0,7.0,1,1,0,0,0,0,0,0,0,0,0,0,0,0,1,0,1,0,0,0,0,0,0,0,0,0,0,0,1,0,0,,,kc1,traditional_file
0,record_681,record_681,.,,Unknown,1.0,1.0,1.0,1.0,4.0,8.0,0.67,1.5,5.33,12.0,0.0,0.67,0.0,0.0,0.0,0.0,3.0,1.0,3.0,1.0,1.0,1,1,0,0,0,0,0,0,0,0,0,0,0,0,1,0,1,0,0,0,0,0,0,0,0,0,0,0,1,0,0,,,kc1,traditional_file
0,record_682,record_682,.,,Unknown,18.0,2.0,1.0,2.0,43.0,197.15,0.11,9.45,20.85,1864.0,0.07,103.56,15.0,0.0,1.0,0.0,13.0,11.0,27.0,16.0,3.0,1,1,0,0,0,0,0,0,0,0,0,0,0,0,1,0,1,0,0,0,0,0,0,0,0,0,0,0,1,0,0,,,kc1,traditional_file
0,record_683,record_683,.,,Unknown,1.0,1.0,1.0,1.0,4.0,8.0,0.67,1.5,5.33,12.0,0.0,0.67,0.0,0.0,0.0,0.0,3.0,1.0,3.0,1.0,1.0,1,1,0,0,0,0,0,0,0,0,0,0,0,0,1,0,1,0,0,0,0,0,0,0,0,0,0,0,1,0,0,,,kc1,traditional_file
0,record_684,record_684,.,,Unknown,1.0,1.0,1.0,1.0,4.0,8.0,0.67,1.5,5.33,12.0,0.0,0.67,0.0,0.0,0.0,0.0,3.0,1.0,3.0,1.0,1.0,1,1,0,0,0,0,0,0,0,0,0,0,0,0,1,0,1,0,0,0,0,0,0,0,0,0,0,0,1,0,0,,,kc1,traditional_file
0,record_685,record_685,.,,Unknown,1.0,1.0,1.0,1.0,4.0,8.0,0.67,1.5,5.33,12.0,0.0,0.67,0.0,0.0,0.0,0.0,3.0,1.0,3.0,1.0,1.0,1,1,0,0,0,0,0,0,0,0,0,0,0,0,1,0,1,0,0,0,0,0,0,0,0,0,0,0,1,0,0,,,kc1,traditional_file
0,record_686,record_686,.,,Unknown,1.0,1.0,1.0,1.0,4.0,8.0,0.67,1.5,5.33,12.0,0.0,0.67,0.0,0.0,0.0,0.0,3.0,1.0,3.0,1.0,1.0,1,1,0,0,0,0,0,0,0,0,0,0,0,0,1,0,1,0,0,0,0,0,0,0,0,0,0,0,1,0,0,,,kc1,traditional_file
0,record_687,record_687,.,,Unknown,1.0,1.0,1.0,1.0,4.0,8.0,0.67,1.5,5.33,12.0,0.0,0.67,0.0,0.0,0.0,0.0,3.0,1.0,3.0,1.0,1.0,1,1,0,0,0,0,0,0,0,0,0,0,0,0,1,0,1,0,0,0,0,0,0,0,0,0,0,0,1,0,0,,,kc1,traditional_file
0,record_688,record_688,.,,Unknown,1.0,1.0,1.0,1.0,4.0,8.0,0.67,1.5,5.33,12.0,0.0,0.67,0.0,0.0,0.0,0.0,3.0,1.0,3.0,1.0,1.0,1,1,0,0,0,0,0,0,0,0,0,0,0,0,1,0,1,0,0,0,0,0,0,0,0,0,0,0,1,0,0,,,kc1,traditional_file
0,record_689,record_689,.,,Unknown,1.0,1.0,1.0,1.0,4.0,8.0,0.67,1.5,5.33,12.0,0.0,0.67,0.0,0.0,0.0,0.0,3.0,1.0,3.0,1.0,1.0,1,1,0,0,0,0,0,0,0,0,0,0,0,0,1,0,1,0,0,0,0,0,0,0,0,0,0,0,1,0,0,,,kc1,traditional_file
0,record_690,record_690,.,,Unknown,1.0,1.0,1.0,1.0,4.0,8.0,0.67,1.5,5.33,12.0,0.0,0.67,0.0,0.0,0.0,0.0,3.0,1.0,3.0,1.0,1.0,1,1,0,0,0,0,0,0,0,0,0,0,0,0,1,0,1,0,0,0,0,0,0,0,0,0,0,0,1,0,0,,,kc1,traditional_file
0,record_691,record_691,.,,Unknown,16.0,3.0,1.0,3.0,59.0,266.89,0.12,8.08,33.04,2155.65,0.09,119.76,13.0,0.0,0.0,0.0,10.0,13.0,38.0,21.0,5.0,1,1,0,0,0,0,0,0,0,0,0,0,0,0,1,0,1,0,0,0,0,0,0,0,0,0,0,0,1,0,0,,,kc1,traditional_file
0,record_692,record_692,.,,Unknown,4.0,1.0,1.0,1.0,4.0,8.0,0.67,1.5,5.33,12.0,0.0,0.67,2.0,0.0,0.0,0.0,3.0,1.0,3.0,1.0,1.0,1,1,0,0,0,0,0,0,0,0,0,0,0,0,1,0,1,0,0,0,0,0,0,0,0,0,0,0,1,0,0,,,kc1,traditional_file
0,record_693,record_693,.,,Unknown,4.0,1.0,1.0,1.0,4.0,8.0,0.67,1.5,5.33,12.0,0.0,0.67,2.0,0.0,0.0,0.0,3.0,1.0,3.0,1.0,1.0,1,1,0,0,0,0,0,0,0,0,0,0,0,0,1,0,1,0,0,0,0,0,0,0,0,0,0,0,1,0,0,,,kc1,traditional_file
0,record_694,record_694,.,,Unknown,1.0,1.0,1.0,1.0,4.0,8.0,0.67,1.5,5.33,12.0,0.0,0.67,0.0,0.0,0.0,0.0,3.0,1.0,3.0,1.0,1.0,1,1,0,0,0,0,0,0,0,0,0,0,0,0,1,0,1,0,0,0,0,0,0,0,0,0,0,0,1,0,0,,,kc1,traditional_file
0,record_695,record_695,.,,Unknown,19.0,4.0,1.0,4.0,52.0,224.74,0.06,16.71,13.45,3756.37,0.07,208.69,15.0,0.0,2.0,0.0,13.0,7.0,34.0,18.0,7.0,1,1,0,0,0,0,0,0,0,0,0,0,0,0,1,0,1,0,0,0,0,0,0,0,0,0,0,0,1,0,0,,,kc1,traditional_file
0,record_696,record_696,.,,Unknown,19.0,4.0,1.0,4.0,62.0,280.46,0.07,14.95,18.76,4192.89,0.09,232.94,17.0,0.0,0.0,0.0,13.0,10.0,39.0,23.0,7.0,1,1,0,0,0,0,0,0,0,0,0,0,0,0,1,0,1,0,0,0,0,0,0,0,0,0,0,0,1,0,0,,,kc1,traditional_file
0,record_697,record_697,.,,Unknown,1.0,1.0,1.0,1.0,4.0,8.0,0.67,1.5,5.33,12.0,0.0,0.67,0.0,0.0,0.0,0.0,3.0,1.0,3.0,1.0,1.0,1,1,0,0,0,0,0,0,0,0,0,0,0,0,1,0,1,0,0,0,0,0,0,0,0,0,0,0,1,0,0,,,kc1,traditional_file
0,record_698,record_698,.,,Unknown,1.0,1.0,1.0,1.0,4.0,8.0,0.67,1.5,5.33,12.0,0.0,0.67,0.0,0.0,0.0,0.0,3.0,1.0,3.0,1.0,1.0,1,1,0,0,0,0,0,0,0,0,0,0,0,0,1,0,1,0,0,0,0,0,0,0,0,0,0,0,1,0,0,,,kc1,traditional_file
0,record_699,record_699,.,,Unknown,1.0,1.0,1.0,1.0,4.0,8.0,0.67,1.5,5.33,12.0,0.0,0.67,0.0,0.0,0.0,0.0,3.0,1.0,3.0,1.0,1.0,1,1,0,0,0,0,0,0,0,0,0,0,0,0,1,0,1,0,0,0,0,0,0,0,0,0,0,0,1,0,0,,,kc1,traditional_file
0,record_700,record_700,.,,Unknown,1.0,1.0,1.0,1.0,4.0,8.0,0.67,1.5,5.33,12.0,0.0,0.67,0.0,0.0,0.0,0.0,3.0,1.0,3.0,1.0,1.0,1,1,0,0,0,0,0,0,0,0,0,0,0,0,1,0,1,0,0,0,0,0,0,0,0,0,0,0,1,0,0,,,kc1,traditional_file
0,record_701,record_701,.,,Unknown,1.0,1.0,1.0,1.0,4.0,8.0,0.67,1.5,5.33,12.0,0.0,0.67,0.0,0.0,0.0,0.0,3.0,1.0,3.0,1.0,1.0,1,1,0,0,0,0,0,0,0,0,0,0,0,0,1,0,1,0,0,0,0,0,0,0,0,0,0,0,1,0,0,,,kc1,traditional_file
0,record_702,record_702,.,,Unknown,1.0,1.0,1.0,1.0,4.0,8.0,0.67,1.5,5.33,12.0,0.0,0.67,0.0,0.0,0.0,0.0,3.0,1.0,3.0,1.0,1.0,1,1,0,0,0,0,0,0,0,0,0,0,0,0,1,0,1,0,0,0,0,0,0,0,0,0,0,0,1,0,0,,,kc1,traditional_file
0,record_703,record_703,.,,Unknown,9.0,1.0,1.0,1.0,20.0,76.15,0.21,4.67,16.32,355.35,0.03,19.74,6.0,0.0,0.0,0.0,8.0,6.0,13.0,7.0,1.0,1,1,0,0,0,0,0,0,0,0,0,0,0,0,1,0,1,0,0,0,0,0,0,0,0,0,0,0,1,0,0,,,kc1,traditional_file
0,record_704,record_704,.,,Unknown,1.0,1.0,1.0,1.0,4.0,8.0,0.67,1.5,5.33,12.0,0.0,0.67,0.0,0.0,0.0,0.0,3.0,1.0,3.0,1.0,1.0,1,1,0,0,0,0,0,0,0,0,0,0,0,0,1,0,1,0,0,0,0,0,0,0,0,0,0,0,1,0,0,,,kc1,traditional_file
0,record_705,record_705,.,,Unknown,1.0,1.0,1.0,1.0,4.0,8.0,0.67,1.5,5.33,12.0,0.0,0.67,0.0,0.0,0.0,0.0,3.0,1.0,3.0,1.0,1.0,1,1,0,0,0,0,0,0,0,0,0,0,0,0,1,0,1,0,0,0,0,0,0,0,0,0,0,0,1,0,0,,,kc1,traditional_file
0,record_706,record_706,.,,Unknown,4.0,1.0,1.0,1.0,4.0,8.0,0.67,1.5,5.33,12.0,0.0,0.67,2.0,0.0,0.0,0.0,3.0,1.0,3.0,1.0,1.0,1,1,0,0,0,0,0,0,0,0,0,0,0,0,1,0,1,0,0,0,0,0,0,0,0,0,0,0,1,0,0,,,kc1,traditional_file
0,record_707,record_707,.,,Unknown,1.0,1.0,1.0,1.0,4.0,8.0,0.67,1.5,5.33,12.0,0.0,0.67,0.0,0.0,0.0,0.0,3.0,1.0,3.0,1.0,1.0,1,1,0,0,0,0,0,0,0,0,0,0,0,0,1,0,1,0,0,0,0,0,0,0,0,0,0,0,1,0,0,,,kc1,traditional_file
0,record_708,record_708,.,,Unknown,12.0,1.0,1.0,1.0,34.0,141.78,0.19,5.2,27.26,737.24,0.05,40.96,8.0,0.0,0.0,0.0,8.0,10.0,21.0,13.0,1.0,1,1,0,0,0,0,0,0,0,0,0,0,0,0,1,0,1,0,0,0,0,0,0,0,0,0,0,0,1,0,0,,,kc1,traditional_file
0,record_709,record_709,.,,Unknown,12.0,1.0,1.0,1.0,27.0,110.36,0.31,3.27,33.72,361.18,0.04,20.07,6.0,0.0,2.0,0.0,6.0,11.0,15.0,12.0,1.0,1,1,0,0,0,0,0,0,0,0,0,0,0,0,1,0,1,0,0,0,0,0,0,0,0,0,0,0,1,0,0,,,kc1,traditional_file
0,record_710,record_710,.,,Unknown,12.0,1.0,1.0,1.0,34.0,141.78,0.19,5.2,27.26,737.24,0.05,40.96,8.0,0.0,0.0,0.0,8.0,10.0,21.0,13.0,1.0,1,1,0,0,0,0,0,0,0,0,0,0,0,0,1,0,1,0,0,0,0,0,0,0,0,0,0,0,1,0,0,,,kc1,traditional_file
0,record_711,record_711,.,,Unknown,12.0,1.0,1.0,1.0,27.0,110.36,0.31,3.27,33.72,361.18,0.04,20.07,6.0,0.0,2.0,0.0,6.0,11.0,15.0,12.0,1.0,1,1,0,0,0,0,0,0,0,0,0,0,0,0,1,0,1,0,0,0,0,0,0,0,0,0,0,0,1,0,0,,,kc1,traditional_file
0,record_712,record_712,.,,Unknown,5.0,1.0,1.0,1.0,9.0,28.53,0.33,3.0,9.51,85.59,0.01,4.75,2.0,0.0,0.0,0.0,6.0,3.0,6.0,3.0,1.0,1,1,0,0,0,0,0,0,0,0,0,0,0,0,1,0,1,0,0,0,0,0,0,0,0,0,0,0,1,0,0,,,kc1,traditional_file
0,record_713,record_713,.,,Unknown,20.0,1.0,1.0,1.0,33.0,142.62,0.31,3.21,44.37,458.43,0.05,25.47,11.0,0.0,2.0,0.0,6.0,14.0,18.0,15.0,1.0,1,1,0,0,0,0,0,0,0,0,0,0,0,0,1,0,1,0,0,0,0,0,0,0,0,0,0,0,1,0,0,,,kc1,traditional_file
0,record_714,record_714,.,,Unknown,10.0,1.0,1.0,1.0,17.0,58.81,0.34,2.92,20.16,171.53,0.02,9.53,5.0,0.0,2.0,0.0,5.0,6.0,10.0,7.0,1.0,1,1,0,0,0,0,0,0,0,0,0,0,0,0,1,0,1,0,0,0,0,0,0,0,0,0,0,0,1,0,0,,,kc1,traditional_file
0,record_715,record_715,.,,Unknown,28.0,4.0,1.0,1.0,59.0,270.51,0.09,11.42,23.68,3090.09,0.09,171.67,22.0,0.0,1.0,0.0,11.0,13.0,32.0,27.0,7.0,1,1,0,0,0,0,0,0,0,0,0,0,0,0,1,0,1,0,0,0,0,0,0,0,0,0,0,0,1,0,0,,,kc1,traditional_file
0,record_716,record_716,.,,Unknown,55.0,6.0,3.0,4.0,174.0,1066.5,0.04,25.33,42.1,27017.88,0.36,1500.99,43.0,0.0,8.0,1.0,28.0,42.0,98.0,76.0,11.0,1,1,0,0,0,0,0,0,0,0,0,0,0,0,1,0,1,0,0,0,0,0,0,0,0,0,0,0,1,0,0,,,kc1,traditional_file
0,record_717,record_717,.,,Unknown,5.0,1.0,1.0,1.0,4.0,8.0,0.67,1.5,5.33,12.0,0.0,0.67,2.0,1.0,0.0,0.0,3.0,1.0,3.0,1.0,1.0,1,1,0,0,0,0,0,0,0,0,0,0,0,0,1,0,1,0,0,0,0,0,0,0,0,0,0,0,1,0,0,,,kc1,traditional_file
0,record_718,record_718,.,,Unknown,2.0,1.0,1.0,1.0,4.0,8.0,0.67,1.5,5.33,12.0,0.0,0.67,0.0,0.0,0.0,0.0,3.0,1.0,3.0,1.0,1.0,1,1,0,0,0,0,0,0,0,0,0,0,0,0,1,0,1,0,0,0,0,0,0,0,0,0,0,0,1,0,0,,,kc1,traditional_file
0,record_719,record_719,.,,Unknown,12.0,2.0,1.0,2.0,27.0,114.69,0.15,6.87,16.68,788.52,0.04,43.81,8.0,0.0,1.0,0.0,11.0,8.0,17.0,10.0,3.0,1,1,0,0,0,0,0,0,0,0,0,0,0,0,1,0,1,0,0,0,0,0,0,0,0,0,0,0,1,0,0,,,kc1,traditional_file
0,record_720,record_720,.,,Unknown,12.0,1.0,1.0,1.0,39.0,159.41,0.2,4.9,32.53,781.11,0.05,43.4,8.0,0.0,1.0,0.0,7.0,10.0,25.0,14.0,1.0,1,1,0,0,0,0,0,0,0,0,0,0,0,0,1,0,1,0,0,0,0,0,0,0,0,0,0,0,1,0,0,,,kc1,traditional_file
0,record_721,record_721,.,,Unknown,12.0,1.0,1.0,1.0,27.0,110.36,0.31,3.27,33.72,361.18,0.04,20.07,6.0,0.0,2.0,0.0,6.0,11.0,15.0,12.0,1.0,1,1,0,0,0,0,0,0,0,0,0,0,0,0,1,0,1,0,0,0,0,0,0,0,0,0,0,0,1,0,0,,,kc1,traditional_file
0,record_722,record_722,.,,Unknown,15.0,1.0,1.0,1.0,50.0,222.97,0.18,5.43,41.07,1210.42,0.07,67.25,11.0,0.0,0.0,0.0,8.0,14.0,31.0,19.0,1.0,1,1,0,0,0,0,0,0,0,0,0,0,0,0,1,0,1,0,0,0,0,0,0,0,0,0,0,0,1,0,0,,,kc1,traditional_file
0,record_723,record_723,.,,Unknown,12.0,2.0,1.0,2.0,25.0,95.18,0.15,6.67,14.28,634.56,0.03,35.25,8.0,0.0,0.0,0.0,8.0,6.0,15.0,10.0,3.0,1,1,0,0,0,0,0,0,0,0,0,0,0,0,1,0,1,0,0,0,0,0,0,0,0,0,0,0,1,0,0,,,kc1,traditional_file
0,record_724,record_724,.,,Unknown,6.0,1.0,1.0,1.0,13.0,44.97,0.33,3.0,14.99,134.92,0.01,7.5,4.0,0.0,0.0,0.0,6.0,5.0,8.0,5.0,1.0,1,1,0,0,0,0,0,0,0,0,0,0,0,0,1,0,1,0,0,0,0,0,0,0,0,0,0,0,1,0,0,,,kc1,traditional_file
0,record_725,record_725,.,,Unknown,14.0,2.0,1.0,2.0,35.0,156.08,0.16,6.25,24.97,975.5,0.05,54.19,11.0,0.0,1.0,0.0,10.0,12.0,20.0,15.0,3.0,1,1,0,0,0,0,0,0,0,0,0,0,0,0,1,0,1,0,0,0,0,0,0,0,0,0,0,0,1,0,0,,,kc1,traditional_file
0,record_726,record_726,.,,Unknown,23.0,5.0,1.0,5.0,76.0,372.92,0.07,14.5,25.72,5407.39,0.12,300.41,20.0,0.0,1.0,0.0,15.0,15.0,47.0,29.0,9.0,1,1,0,0,0,0,0,0,0,0,0,0,0,0,1,0,1,0,0,0,0,0,0,0,0,0,0,0,1,0,0,,,kc1,traditional_file
0,record_727,record_727,.,,Unknown,5.0,1.0,1.0,1.0,9.0,28.53,0.33,3.0,9.51,85.59,0.01,4.75,2.0,0.0,0.0,0.0,6.0,3.0,6.0,3.0,1.0,1,1,0,0,0,0,0,0,0,0,0,0,0,0,1,0,1,0,0,0,0,0,0,0,0,0,0,0,1,0,0,,,kc1,traditional_file
0,record_728,record_728,.,,Unknown,18.0,1.0,1.0,1.0,69.0,328.09,0.17,5.89,55.66,1933.99,0.11,107.44,13.0,0.0,0.0,0.0,8.0,19.0,41.0,28.0,1.0,1,1,0,0,0,0,0,0,0,0,0,0,0,0,1,0,1,0,0,0,0,0,0,0,0,0,0,0,1,0,0,,,kc1,traditional_file
0,record_729,record_729,.,,Unknown,16.0,1.0,1.0,1.0,29.0,120.93,0.31,3.25,37.21,393.02,0.04,21.83,9.0,0.0,2.0,0.0,6.0,12.0,16.0,13.0,1.0,1,1,0,0,0,0,0,0,0,0,0,0,0,0,1,0,1,0,0,0,0,0,0,0,0,0,0,0,1,0,0,,,kc1,traditional_file
0,record_730,record_730,.,,Unknown,10.0,1.0,1.0,1.0,17.0,58.81,0.34,2.92,20.16,171.53,0.02,9.53,5.0,0.0,2.0,0.0,5.0,6.0,10.0,7.0,1.0,1,1,0,0,0,0,0,0,0,0,0,0,0,0,1,0,1,0,0,0,0,0,0,0,0,0,0,0,1,0,0,,,kc1,traditional_file
0,record_731,record_731,.,,Unknown,8.0,1.0,1.0,1.0,16.0,55.35,0.23,4.38,12.65,242.16,0.02,13.45,5.0,0.0,1.0,0.0,7.0,4.0,11.0,5.0,1.0,1,1,0,0,0,0,0,0,0,0,0,0,0,0,1,0,1,0,0,0,0,0,0,0,0,0,0,0,1,0,0,,,kc1,traditional_file
0,record_732,record_732,.,,Unknown,5.0,1.0,1.0,1.0,9.0,28.53,0.33,3.0,9.51,85.59,0.01,4.75,2.0,0.0,0.0,0.0,6.0,3.0,6.0,3.0,1.0,1,1,0,0,0,0,0,0,0,0,0,0,0,0,1,0,1,0,0,0,0,0,0,0,0,0,0,0,1,0,0,,,kc1,traditional_file
0,record_733,record_733,.,,Unknown,16.0,1.0,1.0,1.0,62.0,287.92,0.17,5.88,48.95,1693.64,0.1,94.09,12.0,0.0,0.0,0.0,8.0,17.0,37.0,25.0,1.0,1,1,0,0,0,0,0,0,0,0,0,0,0,0,1,0,1,0,0,0,0,0,0,0,0,0,0,0,1,0,0,,,kc1,traditional_file
0,record_734,record_734,.,,Unknown,14.0,1.0,1.0,1.0,27.0,110.36,0.31,3.27,33.72,361.18,0.04,20.07,8.0,0.0,2.0,0.0,6.0,11.0,15.0,12.0,1.0,1,1,0,0,0,0,0,0,0,0,0,0,0,0,1,0,1,0,0,0,0,0,0,0,0,0,0,0,1,0,0,,,kc1,traditional_file
0,record_735,record_735,.,,Unknown,10.0,1.0,1.0,1.0,17.0,58.81,0.34,2.92,20.16,171.53,0.02,9.53,5.0,0.0,2.0,0.0,5.0,6.0,10.0,7.0,1.0,1,1,0,0,0,0,0,0,0,0,0,0,0,0,1,0,1,0,0,0,0,0,0,0,0,0,0,0,1,0,0,,,kc1,traditional_file
0,record_736,record_736,.,,Unknown,38.0,4.0,3.0,4.0,80.0,384.59,0.07,14.5,26.52,5576.53,0.13,309.81,29.0,1.0,6.0,0.0,14.0,14.0,51.0,29.0,7.0,1,1,0,0,0,0,0,0,0,0,0,0,0,0,1,0,1,0,0,0,0,0,0,0,0,0,0,0,1,0,0,,,kc1,traditional_file
0,record_737,record_737,.,,Unknown,18.0,1.0,1.0,1.0,64.0,300.83,0.18,5.56,54.15,1671.27,0.1,92.85,13.0,0.0,0.0,0.0,8.0,18.0,39.0,25.0,1.0,1,1,0,0,0,0,0,0,0,0,0,0,0,0,1,0,1,0,0,0,0,0,0,0,0,0,0,0,1,0,0,,,kc1,traditional_file
0,record_738,record_738,.,,Unknown,13.0,1.0,1.0,1.0,29.0,120.93,0.31,3.25,37.21,393.02,0.04,21.83,6.0,0.0,2.0,0.0,6.0,12.0,16.0,13.0,1.0,1,1,0,0,0,0,0,0,0,0,0,0,0,0,1,0,1,0,0,0,0,0,0,0,0,0,0,0,1,0,0,,,kc1,traditional_file
0,record_739,record_739,.,,Unknown,15.0,1.0,1.0,1.0,48.0,214.05,0.18,5.43,39.43,1162.0,0.07,64.56,10.0,0.0,0.0,0.0,8.0,14.0,29.0,19.0,1.0,1,1,0,0,0,0,0,0,0,0,0,0,0,0,1,0,1,0,0,0,0,0,0,0,0,0,0,0,1,0,0,,,kc1,traditional_file
0,record_740,record_740,.,,Unknown,16.0,1.0,1.0,1.0,29.0,120.93,0.31,3.25,37.21,393.02,0.04,21.83,9.0,0.0,2.0,0.0,6.0,12.0,16.0,13.0,1.0,1,1,0,0,0,0,0,0,0,0,0,0,0,0,1,0,1,0,0,0,0,0,0,0,0,0,0,0,1,0,0,,,kc1,traditional_file
0,record_741,record_741,.,,Unknown,14.0,1.0,1.0,1.0,23.0,92.0,0.25,4.0,23.0,368.0,0.03,20.44,8.0,0.0,2.0,0.0,8.0,8.0,15.0,8.0,1.0,1,1,0,0,0,0,0,0,0,0,0,0,0,0,1,0,1,0,0,0,0,0,0,0,0,0,0,0,1,0,0,,,kc1,traditional_file
0,record_742,record_742,.,,Unknown,14.0,3.0,1.0,3.0,29.0,103.96,0.16,6.3,16.5,654.97,0.03,36.39,12.0,0.0,0.0,0.0,7.0,5.0,20.0,9.0,5.0,1,1,0,0,0,0,0,0,0,0,0,0,0,0,1,0,1,0,0,0,0,0,0,0,0,0,0,0,1,0,0,,,kc1,traditional_file
0,record_743,record_743,.,,Unknown,10.0,1.0,1.0,1.0,30.0,117.21,0.21,4.81,24.35,564.06,0.04,31.34,6.0,0.0,1.0,0.0,7.0,8.0,19.0,11.0,1.0,1,1,0,0,0,0,0,0,0,0,0,0,0,0,1,0,1,0,0,0,0,0,0,0,0,0,0,0,1,0,0,,,kc1,traditional_file
0,record_744,record_744,.,,Unknown,13.0,1.0,1.0,1.0,35.0,143.06,0.17,5.78,24.76,826.58,0.05,45.92,8.0,0.0,1.0,0.0,8.0,9.0,22.0,13.0,1.0,1,1,0,0,0,0,0,0,0,0,0,0,0,0,1,0,1,0,0,0,0,0,0,0,0,0,0,0,1,0,0,,,kc1,traditional_file
0,record_745,record_745,.,,Unknown,11.0,1.0,1.0,1.0,27.0,102.8,0.2,5.0,20.56,513.99,0.03,28.56,7.0,0.0,1.0,0.0,7.0,7.0,17.0,10.0,1.0,1,1,0,0,0,0,0,0,0,0,0,0,0,0,1,0,1,0,0,0,0,0,0,0,0,0,0,0,1,0,0,,,kc1,traditional_file
0,record_746,record_746,.,,Unknown,7.0,2.0,1.0,2.0,10.0,30.0,0.22,4.5,6.67,135.0,0.01,7.5,5.0,0.0,0.0,0.0,6.0,2.0,7.0,3.0,3.0,1,1,0,0,0,0,0,0,0,0,0,0,0,0,1,0,1,0,0,0,0,0,0,0,0,0,0,0,1,0,0,,,kc1,traditional_file
0,record_747,record_747,.,,Unknown,4.0,1.0,1.0,1.0,4.0,8.0,0.67,1.5,5.33,12.0,0.0,0.67,2.0,0.0,0.0,0.0,3.0,1.0,3.0,1.0,1.0,1,1,0,0,0,0,0,0,0,0,0,0,0,0,1,0,1,0,0,0,0,0,0,0,0,0,0,0,1,0,0,,,kc1,traditional_file
0,record_748,record_748,.,,Unknown,3.0,1.0,1.0,1.0,1.0,0.0,0.0,0.0,0.0,0.0,0.0,0.0,1.0,0.0,0.0,0.0,1.0,0.0,1.0,0.0,1.0,1,1,0,0,0,0,0,0,0,0,0,0,0,0,1,0,1,0,0,0,0,0,0,0,0,0,0,0,1,0,0,,,kc1,traditional_file
0,record_749,record_749,.,,Unknown,4.0,1.0,1.0,1.0,9.0,27.0,0.5,2.0,13.5,54.0,0.01,3.0,2.0,0.0,0.0,0.0,4.0,4.0,5.0,4.0,1.0,1,1,0,0,0,0,0,0,0,0,0,0,0,0,1,0,1,0,0,0,0,0,0,0,0,0,0,0,1,0,0,,,kc1,traditional_file
0,record_750,record_750,.,,Unknown,4.0,1.0,1.0,1.0,9.0,27.0,0.5,2.0,13.5,54.0,0.01,3.0,2.0,0.0,0.0,0.0,4.0,4.0,5.0,4.0,1.0,1,1,0,0,0,0,0,0,0,0,0,0,0,0,1,0,1,0,0,0,0,0,0,0,0,0,0,0,1,0,0,,,kc1,traditional_file
0,record_751,record_751,.,,Unknown,4.0,1.0,1.0,1.0,7.0,19.65,0.5,2.0,9.83,39.3,0.01,2.18,2.0,0.0,0.0,0.0,4.0,3.0,4.0,3.0,1.0,1,1,0,0,0,0,0,0,0,0,0,0,0,0,1,0,1,0,0,0,0,0,0,0,0,0,0,0,1,0,0,,,kc1,traditional_file
0,record_752,record_752,.,,Unknown,4.0,1.0,1.0,1.0,9.0,27.0,0.5,2.0,13.5,54.0,0.01,3.0,2.0,0.0,0.0,0.0,4.0,4.0,5.0,4.0,1.0,1,1,0,0,0,0,0,0,0,0,0,0,0,0,1,0,1,0,0,0,0,0,0,0,0,0,0,0,1,0,0,,,kc1,traditional_file
0,record_753,record_753,.,,Unknown,7.0,1.0,1.0,1.0,25.0,95.18,0.24,4.13,23.07,392.63,0.03,21.81,4.0,0.0,0.0,0.0,6.0,8.0,14.0,11.0,1.0,1,1,0,0,0,0,0,0,0,0,0,0,0,0,1,0,1,0,0,0,0,0,0,0,0,0,0,0,1,0,0,,,kc1,traditional_file
0,record_754,record_754,.,,Unknown,4.0,1.0,1.0,1.0,9.0,27.0,0.5,2.0,13.5,54.0,0.01,3.0,2.0,0.0,0.0,0.0,4.0,4.0,5.0,4.0,1.0,1,1,0,0,0,0,0,0,0,0,0,0,0,0,1,0,1,0,0,0,0,0,0,0,0,0,0,0,1,0,0,,,kc1,traditional_file
0,record_755,record_755,.,,Unknown,8.0,1.0,1.0,1.0,27.0,102.8,0.24,4.13,24.92,424.04,0.03,23.56,5.0,0.0,0.0,0.0,6.0,8.0,16.0,11.0,1.0,1,1,0,0,0,0,0,0,0,0,0,0,0,0,1,0,1,0,0,0,0,0,0,0,0,0,0,0,1,0,0,,,kc1,traditional_file
0,record_756,record_756,.,,Unknown,8.0,1.0,1.0,1.0,28.0,106.61,0.22,4.5,23.69,479.73,0.04,26.65,5.0,0.0,0.0,0.0,6.0,8.0,16.0,12.0,1.0,1,1,0,0,0,0,0,0,0,0,0,0,0,0,1,0,1,0,0,0,0,0,0,0,0,0,0,0,1,0,0,,,kc1,traditional_file
0,record_757,record_757,.,,Unknown,8.0,1.0,1.0,1.0,28.0,106.61,0.22,4.5,23.69,479.73,0.04,26.65,5.0,0.0,0.0,0.0,6.0,8.0,16.0,12.0,1.0,1,1,0,0,0,0,0,0,0,0,0,0,0,0,1,0,1,0,0,0,0,0,0,0,0,0,0,0,1,0,0,,,kc1,traditional_file
0,record_758,record_758,.,,Unknown,45.0,6.0,1.0,6.0,89.0,427.85,0.05,20.67,20.7,8842.33,0.14,491.24,37.0,3.0,3.0,0.0,16.0,12.0,58.0,31.0,11.0,1,1,0,0,0,0,0,0,0,0,0,0,0,0,1,0,1,0,0,0,0,0,0,0,0,0,0,0,1,0,0,,,kc1,traditional_file
0,record_759,record_759,.,,Unknown,19.0,2.0,1.0,2.0,41.0,190.4,0.18,5.67,33.6,1078.92,0.06,59.94,11.0,1.0,2.0,0.0,10.0,15.0,24.0,17.0,3.0,1,1,0,0,0,0,0,0,0,0,0,0,0,0,1,0,1,0,0,0,0,0,0,0,0,0,0,0,1,0,0,,,kc1,traditional_file
0,record_760,record_760,.,,Unknown,7.0,2.0,1.0,2.0,13.0,44.97,0.29,3.5,12.85,157.4,0.01,8.74,5.0,0.0,0.0,0.0,7.0,4.0,9.0,4.0,3.0,1,1,0,0,0,0,0,0,0,0,0,0,0,0,1,0,1,0,0,0,0,0,0,0,0,0,0,0,1,0,0,,,kc1,traditional_file
0,record_761,record_761,.,,Unknown,7.0,2.0,1.0,2.0,12.0,39.86,0.33,3.0,13.29,119.59,0.01,6.64,5.0,0.0,0.0,0.0,6.0,4.0,8.0,4.0,3.0,1,1,0,0,0,0,0,0,0,0,0,0,0,0,1,0,1,0,0,0,0,0,0,0,0,0,0,0,1,0,0,,,kc1,traditional_file
0,record_762,record_762,.,,Unknown,7.0,2.0,1.0,2.0,13.0,44.97,0.29,3.5,12.85,157.4,0.01,8.74,5.0,0.0,0.0,0.0,7.0,4.0,9.0,4.0,3.0,1,1,0,0,0,0,0,0,0,0,0,0,0,0,1,0,1,0,0,0,0,0,0,0,0,0,0,0,1,0,0,,,kc1,traditional_file
0,record_763,record_763,.,,Unknown,7.0,2.0,1.0,2.0,12.0,39.86,0.33,3.0,13.29,119.59,0.01,6.64,5.0,0.0,0.0,0.0,6.0,4.0,8.0,4.0,3.0,1,1,0,0,0,0,0,0,0,0,0,0,0,0,1,0,1,0,0,0,0,0,0,0,0,0,0,0,1,0,0,,,kc1,traditional_file
0,record_764,record_764,.,,Unknown,73.0,12.0,1.0,9.0,130.0,741.06,0.05,19.71,37.59,14609.41,0.25,811.63,53.0,8.0,10.0,0.0,24.0,28.0,84.0,46.0,17.0,1,1,0,0,0,0,0,0,0,0,0,0,0,0,1,0,1,0,0,0,0,0,0,0,0,0,0,0,1,0,0,,,kc1,traditional_file
0,record_765,record_765,.,,Unknown,7.0,2.0,1.0,2.0,13.0,44.97,0.29,3.5,12.85,157.4,0.01,8.74,5.0,0.0,0.0,0.0,7.0,4.0,9.0,4.0,3.0,1,1,0,0,0,0,0,0,0,0,0,0,0,0,1,0,1,0,0,0,0,0,0,0,0,0,0,0,1,0,0,,,kc1,traditional_file
0,record_766,record_766,.,,Unknown,4.0,1.0,1.0,1.0,5.0,11.61,0.67,1.5,7.74,17.41,0.0,0.97,2.0,0.0,0.0,0.0,3.0,2.0,3.0,2.0,1.0,1,1,0,0,0,0,0,0,0,0,0,0,0,0,1,0,1,0,0,0,0,0,0,0,0,0,0,0,1,0,0,,,kc1,traditional_file
0,record_767,record_767,.,,Unknown,11.0,3.0,1.0,2.0,24.0,96.0,0.13,7.5,12.8,720.0,0.03,40.0,8.0,0.0,1.0,0.0,10.0,6.0,15.0,9.0,5.0,1,1,0,0,0,0,0,0,0,0,0,0,0,0,1,0,1,0,0,0,0,0,0,0,0,0,0,0,1,0,0,,,kc1,traditional_file
0,record_768,record_768,.,,Unknown,9.0,3.0,1.0,3.0,25.0,95.18,0.1,10.0,9.52,951.84,0.03,52.88,7.0,0.0,0.0,0.0,10.0,4.0,17.0,8.0,5.0,1,1,0,0,0,0,0,0,0,0,0,0,0,0,1,0,1,0,0,0,0,0,0,0,0,0,0,0,1,0,0,,,kc1,traditional_file
0,record_769,record_769,.,,Unknown,38.0,9.0,1.0,2.0,68.0,315.78,0.07,15.27,20.68,4822.86,0.11,267.94,30.0,1.0,5.0,0.0,14.0,11.0,44.0,24.0,14.0,1,1,0,0,0,0,0,0,0,0,0,0,0,0,1,0,1,0,0,0,0,0,0,0,0,0,0,0,1,0,0,,,kc1,traditional_file
0,record_770,record_770,.,,Unknown,6.0,1.0,1.0,1.0,13.0,41.21,0.42,2.4,17.17,98.9,0.01,5.49,4.0,0.0,0.0,0.0,4.0,5.0,7.0,6.0,1.0,1,1,0,0,0,0,0,0,0,0,0,0,0,0,1,0,1,0,0,0,0,0,0,0,0,0,0,0,1,0,0,,,kc1,traditional_file
0,record_771,record_771,.,,Unknown,6.0,1.0,1.0,1.0,13.0,39.0,0.56,1.8,21.67,70.2,0.01,3.9,4.0,0.0,0.0,0.0,3.0,5.0,7.0,6.0,1.0,1,1,0,0,0,0,0,0,0,0,0,0,0,0,1,0,1,0,0,0,0,0,0,0,0,0,0,0,1,0,0,,,kc1,traditional_file
0,record_772,record_772,.,,Unknown,31.0,4.0,1.0,4.0,90.0,450.0,0.06,16.32,27.57,7345.59,0.15,408.09,24.0,3.0,2.0,0.0,15.0,17.0,53.0,37.0,7.0,1,1,0,0,0,0,0,0,0,0,0,0,0,0,1,0,1,0,0,0,0,0,0,0,0,0,0,0,1,0,0,,,kc1,traditional_file
0,record_773,record_773,.,,Unknown,5.0,1.0,1.0,1.0,10.0,30.0,0.4,2.5,12.0,75.0,0.01,4.17,2.0,0.0,0.0,1.0,5.0,3.0,7.0,3.0,1.0,1,1,0,0,0,0,0,0,0,0,0,0,0,0,1,0,1,0,0,0,0,0,0,0,0,0,0,0,1,0,0,,,kc1,traditional_file
0,record_774,record_774,.,,Unknown,5.0,1.0,1.0,1.0,9.0,27.0,0.33,3.0,9.0,81.0,0.01,4.5,2.0,0.0,0.0,1.0,6.0,2.0,7.0,2.0,1.0,1,1,0,0,0,0,0,0,0,0,0,0,0,0,1,0,1,0,0,0,0,0,0,0,0,0,0,0,1,0,0,,,kc1,traditional_file
0,record_775,record_775,.,,Unknown,5.0,1.0,1.0,1.0,9.0,27.0,0.33,3.0,9.0,81.0,0.01,4.5,3.0,0.0,0.0,0.0,6.0,2.0,7.0,2.0,1.0,1,1,0,0,0,0,0,0,0,0,0,0,0,0,1,0,1,0,0,0,0,0,0,0,0,0,0,0,1,0,0,,,kc1,traditional_file
0,record_776,record_776,.,,Unknown,5.0,1.0,1.0,1.0,9.0,27.0,0.33,3.0,9.0,81.0,0.01,4.5,2.0,0.0,0.0,1.0,6.0,2.0,7.0,2.0,1.0,1,1,0,0,0,0,0,0,0,0,0,0,0,0,1,0,1,0,0,0,0,0,0,0,0,0,0,0,1,0,0,,,kc1,traditional_file
0,record_777,record_777,.,,Unknown,6.0,1.0,1.0,1.0,13.0,43.19,0.33,3.0,14.4,129.56,0.01,7.2,3.0,0.0,0.0,1.0,6.0,4.0,9.0,4.0,1.0,1,1,0,0,0,0,0,0,0,0,0,0,0,0,1,0,1,0,0,0,0,0,0,0,0,0,0,0,1,0,0,,,kc1,traditional_file
0,record_778,record_778,.,,Unknown,5.0,1.0,1.0,1.0,9.0,27.0,0.33,3.0,9.0,81.0,0.01,4.5,2.0,0.0,0.0,1.0,6.0,2.0,7.0,2.0,1.0,1,1,0,0,0,0,0,0,0,0,0,0,0,0,1,0,1,0,0,0,0,0,0,0,0,0,0,0,1,0,0,,,kc1,traditional_file
0,record_779,record_779,.,,Unknown,5.0,1.0,1.0,1.0,9.0,27.0,0.33,3.0,9.0,81.0,0.01,4.5,2.0,0.0,0.0,1.0,6.0,2.0,7.0,2.0,1.0,1,1,0,0,0,0,0,0,0,0,0,0,0,0,1,0,1,0,0,0,0,0,0,0,0,0,0,0,1,0,0,,,kc1,traditional_file
0,record_780,record_780,.,,Unknown,5.0,1.0,1.0,1.0,8.0,22.46,0.5,2.0,11.23,44.92,0.01,2.5,3.0,0.0,0.0,0.0,4.0,3.0,5.0,3.0,1.0,1,1,0,0,0,0,0,0,0,0,0,0,0,0,1,0,1,0,0,0,0,0,0,0,0,0,0,0,1,0,0,,,kc1,traditional_file
0,record_781,record_781,.,,Unknown,5.0,1.0,1.0,1.0,9.0,27.0,0.33,3.0,9.0,81.0,0.01,4.5,2.0,0.0,0.0,1.0,6.0,2.0,7.0,2.0,1.0,1,1,0,0,0,0,0,0,0,0,0,0,0,0,1,0,1,0,0,0,0,0,0,0,0,0,0,0,1,0,0,,,kc1,traditional_file
0,record_782,record_782,.,,Unknown,17.0,3.0,1.0,3.0,43.0,188.87,0.12,8.67,21.79,1636.87,0.06,90.94,15.0,0.0,0.0,0.0,12.0,9.0,30.0,13.0,5.0,1,1,0,0,0,0,0,0,0,0,0,0,0,0,1,0,1,0,0,0,0,0,0,0,0,0,0,0,1,0,0,,,kc1,traditional_file
0,record_783,record_783,.,,Unknown,29.0,4.0,1.0,3.0,69.0,316.36,0.05,18.2,17.38,5757.8,0.11,319.88,25.0,2.0,0.0,0.0,14.0,10.0,43.0,26.0,7.0,1,1,0,0,0,0,0,0,0,0,0,0,0,0,1,0,1,0,0,0,0,0,0,0,0,0,0,0,1,0,0,,,kc1,traditional_file
0,record_784,record_784,.,,Unknown,15.0,2.0,1.0,1.0,26.0,104.0,0.13,7.5,13.87,780.0,0.03,43.33,12.0,0.0,1.0,0.0,10.0,6.0,17.0,9.0,3.0,1,1,0,0,0,0,0,0,0,0,0,0,0,0,1,0,1,0,0,0,0,0,0,0,0,0,0,0,1,0,0,,,kc1,traditional_file
0,record_785,record_785,.,,Unknown,2.0,1.0,1.0,1.0,5.0,11.61,0.5,2.0,5.8,23.22,0.0,1.29,0.0,0.0,0.0,0.0,4.0,1.0,4.0,1.0,1.0,1,1,0,0,0,0,0,0,0,0,0,0,0,0,1,0,1,0,0,0,0,0,0,0,0,0,0,0,1,0,0,,,kc1,traditional_file
0,record_786,record_786,.,,Unknown,2.0,1.0,1.0,1.0,4.0,8.0,0.67,1.5,5.33,12.0,0.0,0.67,0.0,0.0,0.0,0.0,3.0,1.0,3.0,1.0,1.0,1,1,0,0,0,0,0,0,0,0,0,0,0,0,1,0,1,0,0,0,0,0,0,0,0,0,0,0,1,0,0,,,kc1,traditional_file
0,record_787,record_787,.,,Unknown,1.0,1.0,1.0,1.0,4.0,8.0,0.67,1.5,5.33,12.0,0.0,0.67,0.0,0.0,0.0,0.0,3.0,1.0,3.0,1.0,1.0,1,1,0,0,0,0,0,0,0,0,0,0,0,0,1,0,1,0,0,0,0,0,0,0,0,0,0,0,1,0,0,,,kc1,traditional_file
0,record_788,record_788,.,,Unknown,4.0,1.0,1.0,1.0,9.0,27.0,0.33,3.0,9.0,81.0,0.01,4.5,2.0,0.0,0.0,0.0,6.0,2.0,7.0,2.0,1.0,1,1,0,0,0,0,0,0,0,0,0,0,0,0,1,0,1,0,0,0,0,0,0,0,0,0,0,0,1,0,0,,,kc1,traditional_file
0,record_789,record_789,.,,Unknown,2.0,1.0,1.0,1.0,4.0,8.0,0.67,1.5,5.33,12.0,0.0,0.67,0.0,0.0,0.0,0.0,3.0,1.0,3.0,1.0,1.0,1,1,0,0,0,0,0,0,0,0,0,0,0,0,1,0,1,0,0,0,0,0,0,0,0,0,0,0,1,0,0,,,kc1,traditional_file
0,record_790,record_790,.,,Unknown,1.0,1.0,1.0,1.0,4.0,8.0,0.67,1.5,5.33,12.0,0.0,0.67,0.0,0.0,0.0,0.0,3.0,1.0,3.0,1.0,1.0,1,1,0,0,0,0,0,0,0,0,0,0,0,0,1,0,1,0,0,0,0,0,0,0,0,0,0,0,1,0,0,,,kc1,traditional_file
0,record_791,record_791,.,,Unknown,1.0,1.0,1.0,1.0,4.0,8.0,0.67,1.5,5.33,12.0,0.0,0.67,0.0,0.0,0.0,0.0,3.0,1.0,3.0,1.0,1.0,1,1,0,0,0,0,0,0,0,0,0,0,0,0,1,0,1,0,0,0,0,0,0,0,0,0,0,0,1,0,0,,,kc1,traditional_file
0,record_792,record_792,.,,Unknown,2.0,1.0,1.0,1.0,4.0,8.0,0.67,1.5,5.33,12.0,0.0,0.67,0.0,0.0,0.0,0.0,3.0,1.0,3.0,1.0,1.0,1,1,0,0,0,0,0,0,0,0,0,0,0,0,1,0,1,0,0,0,0,0,0,0,0,0,0,0,1,0,0,,,kc1,traditional_file
0,record_793,record_793,.,,Unknown,4.0,1.0,1.0,1.0,4.0,8.0,0.67,1.5,5.33,12.0,0.0,0.67,2.0,0.0,0.0,0.0,3.0,1.0,3.0,1.0,1.0,1,1,0,0,0,0,0,0,0,0,0,0,0,0,1,0,1,0,0,0,0,0,0,0,0,0,0,0,1,0,0,,,kc1,traditional_file
0,record_794,record_794,.,,Unknown,2.0,1.0,1.0,1.0,4.0,8.0,0.67,1.5,5.33,12.0,0.0,0.67,0.0,0.0,0.0,0.0,3.0,1.0,3.0,1.0,1.0,1,1,0,0,0,0,0,0,0,0,0,0,0,0,1,0,1,0,0,0,0,0,0,0,0,0,0,0,1,0,0,,,kc1,traditional_file
0,record_795,record_795,.,,Unknown,4.0,1.0,1.0,1.0,9.0,28.53,0.29,3.5,8.15,99.85,0.01,5.55,2.0,0.0,0.0,0.0,7.0,2.0,7.0,2.0,1.0,1,1,0,0,0,0,0,0,0,0,0,0,0,0,1,0,1,0,0,0,0,0,0,0,0,0,0,0,1,0,0,,,kc1,traditional_file
0,record_796,record_796,.,,Unknown,5.0,1.0,1.0,1.0,9.0,27.0,0.4,2.5,10.8,67.5,0.01,3.75,3.0,0.0,0.0,0.0,5.0,3.0,6.0,3.0,1.0,1,1,0,0,0,0,0,0,0,0,0,0,0,0,1,0,1,0,0,0,0,0,0,0,0,0,0,0,1,0,0,,,kc1,traditional_file
0,record_797,record_797,.,,Unknown,5.0,1.0,1.0,1.0,9.0,25.27,0.67,1.5,16.84,37.9,0.01,2.11,3.0,0.0,0.0,0.0,3.0,4.0,5.0,4.0,1.0,1,1,0,0,0,0,0,0,0,0,0,0,0,0,1,0,1,0,0,0,0,0,0,0,0,0,0,0,1,0,0,,,kc1,traditional_file
0,record_798,record_798,.,,Unknown,79.0,7.0,4.0,5.0,146.0,851.6,0.04,22.5,37.85,19161.04,0.28,1064.5,56.0,16.0,5.0,0.0,27.0,30.0,96.0,50.0,13.0,1,1,0,0,0,0,0,0,0,0,0,0,0,0,1,0,1,0,0,0,0,0,0,0,0,0,0,0,1,0,0,,,kc1,traditional_file
0,record_799,record_799,.,,Unknown,1.0,1.0,1.0,1.0,4.0,8.0,0.67,1.5,5.33,12.0,0.0,0.67,0.0,0.0,0.0,0.0,3.0,1.0,3.0,1.0,1.0,1,1,0,0,0,0,0,0,0,0,0,0,0,0,1,0,1,0,0,0,0,0,0,0,0,0,0,0,1,0,0,,,kc1,traditional_file
0,record_800,record_800,.,,Unknown,4.0,1.0,1.0,1.0,7.0,19.65,0.4,2.5,7.86,49.13,0.01,2.73,2.0,0.0,0.0,0.0,5.0,2.0,5.0,2.0,1.0,1,1,0,0,0,0,0,0,0,0,0,0,0,0,1,0,1,0,0,0,0,0,0,0,0,0,0,0,1,0,0,,,kc1,traditional_file
0,record_801,record_801,.,,Unknown,4.0,1.0,1.0,1.0,6.0,15.51,0.4,2.5,6.2,38.77,0.01,2.15,2.0,0.0,0.0,0.0,5.0,1.0,5.0,1.0,1.0,1,1,0,0,0,0,0,0,0,0,0,0,0,0,1,0,1,0,0,0,0,0,0,0,0,0,0,0,1,0,0,,,kc1,traditional_file
0,record_802,record_802,.,,Unknown,4.0,1.0,1.0,1.0,7.0,19.65,0.4,2.5,7.86,49.13,0.01,2.73,2.0,0.0,0.0,0.0,5.0,2.0,5.0,2.0,1.0,1,1,0,0,0,0,0,0,0,0,0,0,0,0,1,0,1,0,0,0,0,0,0,0,0,0,0,0,1,0,0,,,kc1,traditional_file
0,record_803,record_803,.,,Unknown,4.0,1.0,1.0,1.0,7.0,19.65,0.4,2.5,7.86,49.13,0.01,2.73,2.0,0.0,0.0,0.0,5.0,2.0,5.0,2.0,1.0,1,1,0,0,0,0,0,0,0,0,0,0,0,0,1,0,1,0,0,0,0,0,0,0,0,0,0,0,1,0,0,,,kc1,traditional_file
0,record_804,record_804,.,,Unknown,1.0,1.0,1.0,1.0,4.0,8.0,0.67,1.5,5.33,12.0,0.0,0.67,0.0,0.0,0.0,0.0,3.0,1.0,3.0,1.0,1.0,1,1,0,0,0,0,0,0,0,0,0,0,0,0,1,0,1,0,0,0,0,0,0,0,0,0,0,0,1,0,0,,,kc1,traditional_file
0,record_805,record_805,.,,Unknown,4.0,1.0,1.0,1.0,7.0,19.65,0.4,2.5,7.86,49.13,0.01,2.73,2.0,0.0,0.0,0.0,5.0,2.0,5.0,2.0,1.0,1,1,0,0,0,0,0,0,0,0,0,0,0,0,1,0,1,0,0,0,0,0,0,0,0,0,0,0,1,0,0,,,kc1,traditional_file
0,record_806,record_806,.,,Unknown,4.0,1.0,1.0,1.0,7.0,19.65,0.4,2.5,7.86,49.13,0.01,2.73,2.0,0.0,0.0,0.0,5.0,2.0,5.0,2.0,1.0,1,1,0,0,0,0,0,0,0,0,0,0,0,0,1,0,1,0,0,0,0,0,0,0,0,0,0,0,1,0,0,,,kc1,traditional_file
0,record_807,record_807,.,,Unknown,4.0,1.0,1.0,1.0,7.0,19.65,0.4,2.5,7.86,49.13,0.01,2.73,2.0,0.0,0.0,0.0,5.0,2.0,5.0,2.0,1.0,1,1,0,0,0,0,0,0,0,0,0,0,0,0,1,0,1,0,0,0,0,0,0,0,0,0,0,0,1,0,0,,,kc1,traditional_file
0,record_808,record_808,.,,Unknown,4.0,1.0,1.0,1.0,7.0,19.65,0.4,2.5,7.86,49.13,0.01,2.73,2.0,0.0,0.0,0.0,5.0,2.0,5.0,2.0,1.0,1,1,0,0,0,0,0,0,0,0,0,0,0,0,1,0,1,0,0,0,0,0,0,0,0,0,0,0,1,0,0,,,kc1,traditional_file
0,record_809,record_809,.,,Unknown,6.0,1.0,1.0,1.0,13.0,39.0,0.24,4.17,9.36,162.5,0.01,9.03,3.0,0.0,0.0,0.0,5.0,3.0,8.0,5.0,1.0,1,1,0,0,0,0,0,0,0,0,0,0,0,0,1,0,1,0,0,0,0,0,0,0,0,0,0,0,1,0,0,,,kc1,traditional_file
0,record_810,record_810,.,,Unknown,6.0,1.0,1.0,1.0,13.0,39.0,0.24,4.17,9.36,162.5,0.01,9.03,3.0,0.0,0.0,0.0,5.0,3.0,8.0,5.0,1.0,1,1,0,0,0,0,0,0,0,0,0,0,0,0,1,0,1,0,0,0,0,0,0,0,0,0,0,0,1,0,0,,,kc1,traditional_file
0,record_811,record_811,.,,Unknown,6.0,1.0,1.0,1.0,13.0,39.0,0.24,4.17,9.36,162.5,0.01,9.03,3.0,0.0,0.0,0.0,5.0,3.0,8.0,5.0,1.0,1,1,0,0,0,0,0,0,0,0,0,0,0,0,1,0,1,0,0,0,0,0,0,0,0,0,0,0,1,0,0,,,kc1,traditional_file
0,record_812,record_812,.,,Unknown,6.0,1.0,1.0,1.0,13.0,39.0,0.24,4.17,9.36,162.5,0.01,9.03,3.0,0.0,0.0,0.0,5.0,3.0,8.0,5.0,1.0,1,1,0,0,0,0,0,0,0,0,0,0,0,0,1,0,1,0,0,0,0,0,0,0,0,0,0,0,1,0,0,,,kc1,traditional_file
0,record_813,record_813,.,,Unknown,7.0,2.0,1.0,2.0,16.0,55.35,0.15,6.67,8.3,369.01,0.02,20.5,5.0,0.0,0.0,0.0,8.0,3.0,11.0,5.0,3.0,1,1,0,0,0,0,0,0,0,0,0,0,0,0,1,0,1,0,0,0,0,0,0,0,0,0,0,0,1,0,0,,,kc1,traditional_file
0,record_814,record_814,.,,Unknown,12.0,2.0,1.0,2.0,18.0,66.61,0.29,3.5,19.03,233.13,0.02,12.95,7.0,3.0,0.0,0.0,7.0,6.0,12.0,6.0,3.0,1,1,0,0,0,0,0,0,0,0,0,0,0,0,1,0,1,0,0,0,0,0,0,0,0,0,0,0,1,0,0,,,kc1,traditional_file
0,record_815,record_815,.,,Unknown,23.0,5.0,1.0,2.0,50.0,212.4,0.05,21.0,10.11,4460.32,0.07,247.8,14.0,0.0,2.0,5.0,14.0,5.0,35.0,15.0,9.0,1,1,0,0,0,0,0,0,0,0,0,0,0,0,1,0,1,0,0,0,0,0,0,0,0,0,0,0,1,0,0,,,kc1,traditional_file
0,record_816,record_816,.,,Unknown,13.0,2.0,1.0,2.0,22.0,83.76,0.21,4.67,17.95,390.89,0.03,21.72,8.0,3.0,0.0,0.0,8.0,6.0,15.0,7.0,3.0,1,1,0,0,0,0,0,0,0,0,0,0,0,0,1,0,1,0,0,0,0,0,0,0,0,0,0,0,1,0,0,,,kc1,traditional_file
0,record_817,record_817,.,,Unknown,41.0,7.0,1.0,1.0,78.0,352.84,0.08,13.22,26.69,4665.3,0.12,259.18,28.0,3.0,8.0,0.0,14.0,9.0,61.0,17.0,8.0,1,1,0,0,0,0,0,0,0,0,0,0,0,0,1,0,1,0,0,0,0,0,0,0,0,0,0,0,1,0,0,,,kc1,traditional_file
0,record_818,record_818,.,,Unknown,10.0,2.0,1.0,2.0,18.0,66.61,0.29,3.5,19.03,233.13,0.02,12.95,5.0,1.0,0.0,2.0,7.0,6.0,12.0,6.0,3.0,1,1,0,0,0,0,0,0,0,0,0,0,0,0,1,0,1,0,0,0,0,0,0,0,0,0,0,0,1,0,0,,,kc1,traditional_file
0,record_819,record_819,.,,Unknown,10.0,2.0,1.0,2.0,18.0,66.61,0.29,3.5,19.03,233.13,0.02,12.95,5.0,1.0,0.0,2.0,7.0,6.0,12.0,6.0,3.0,1,1,0,0,0,0,0,0,0,0,0,0,0,0,1,0,1,0,0,0,0,0,0,0,0,0,0,0,1,0,0,,,kc1,traditional_file
0,record_820,record_820,.,,Unknown,10.0,2.0,1.0,2.0,17.0,60.94,0.33,3.0,20.31,182.83,0.02,10.16,5.0,1.0,0.0,2.0,6.0,6.0,11.0,6.0,3.0,1,1,0,0,0,0,0,0,0,0,0,0,0,0,1,0,1,0,0,0,0,0,0,0,0,0,0,0,1,0,0,,,kc1,traditional_file
0,record_821,record_821,.,,Unknown,10.0,2.0,1.0,2.0,17.0,60.94,0.33,3.0,20.31,182.83,0.02,10.16,6.0,1.0,0.0,1.0,6.0,6.0,11.0,6.0,3.0,1,1,0,0,0,0,0,0,0,0,0,0,0,0,1,0,1,0,0,0,0,0,0,0,0,0,0,0,1,0,0,,,kc1,traditional_file
0,record_822,record_822,.,,Unknown,6.0,1.0,1.0,1.0,6.0,15.51,0.5,2.0,7.75,31.02,0.01,1.72,2.0,2.0,0.0,0.0,4.0,2.0,4.0,2.0,1.0,1,1,0,0,0,0,0,0,0,0,0,0,0,0,1,0,1,0,0,0,0,0,0,0,0,0,0,0,1,0,0,,,kc1,traditional_file
0,record_823,record_823,.,,Unknown,4.0,1.0,1.0,1.0,6.0,15.51,0.5,2.0,7.75,31.02,0.01,1.72,2.0,0.0,0.0,0.0,4.0,2.0,4.0,2.0,1.0,1,1,0,0,0,0,0,0,0,0,0,0,0,0,1,0,1,0,0,0,0,0,0,0,0,0,0,0,1,0,0,,,kc1,traditional_file
0,record_824,record_824,.,,Unknown,14.0,2.0,1.0,2.0,31.0,121.11,0.13,7.5,16.14,908.35,0.04,50.46,11.0,0.0,1.0,0.0,9.0,6.0,21.0,10.0,3.0,1,1,0,0,0,0,0,0,0,0,0,0,0,0,1,0,1,0,0,0,0,0,0,0,0,0,0,0,1,0,0,,,kc1,traditional_file
0,record_825,record_825,.,,Unknown,4.0,1.0,1.0,1.0,4.0,8.0,0.67,1.5,5.33,12.0,0.0,0.67,2.0,0.0,0.0,0.0,3.0,1.0,3.0,1.0,1.0,1,1,0,0,0,0,0,0,0,0,0,0,0,0,1,0,1,0,0,0,0,0,0,0,0,0,0,0,1,0,0,,,kc1,traditional_file
0,record_826,record_826,.,,Unknown,4.0,1.0,1.0,1.0,4.0,8.0,0.67,1.5,5.33,12.0,0.0,0.67,2.0,0.0,0.0,0.0,3.0,1.0,3.0,1.0,1.0,1,1,0,0,0,0,0,0,0,0,0,0,0,0,1,0,1,0,0,0,0,0,0,0,0,0,0,0,1,0,0,,,kc1,traditional_file
0,record_827,record_827,.,,Unknown,4.0,1.0,1.0,1.0,5.0,11.61,0.67,1.5,7.74,17.41,0.0,0.97,2.0,0.0,0.0,0.0,3.0,2.0,3.0,2.0,1.0,1,1,0,0,0,0,0,0,0,0,0,0,0,0,1,0,1,0,0,0,0,0,0,0,0,0,0,0,1,0,0,,,kc1,traditional_file
0,record_828,record_828,.,,Unknown,7.0,2.0,1.0,2.0,10.0,30.0,0.22,4.5,6.67,135.0,0.01,7.5,5.0,0.0,0.0,0.0,6.0,2.0,7.0,3.0,3.0,1,1,0,0,0,0,0,0,0,0,0,0,0,0,1,0,1,0,0,0,0,0,0,0,0,0,0,0,1,0,0,,,kc1,traditional_file
0,record_829,record_829,.,,Unknown,1.0,1.0,1.0,1.0,5.0,11.61,0.67,1.5,7.74,17.41,0.0,0.97,0.0,0.0,0.0,0.0,3.0,2.0,3.0,2.0,1.0,1,1,0,0,0,0,0,0,0,0,0,0,0,0,1,0,1,0,0,0,0,0,0,0,0,0,0,0,1,0,0,,,kc1,traditional_file
0,record_830,record_830,.,,Unknown,8.0,2.0,1.0,2.0,14.0,48.43,0.23,4.38,11.07,211.89,0.02,11.77,6.0,0.0,0.0,0.0,7.0,4.0,9.0,5.0,3.0,1,1,0,0,0,0,0,0,0,0,0,0,0,0,1,0,1,0,0,0,0,0,0,0,0,0,0,0,1,0,0,,,kc1,traditional_file
0,record_831,record_831,.,,Unknown,4.0,1.0,1.0,1.0,4.0,8.0,0.67,1.5,5.33,12.0,0.0,0.67,2.0,0.0,0.0,0.0,3.0,1.0,3.0,1.0,1.0,1,1,0,0,0,0,0,0,0,0,0,0,0,0,1,0,1,0,0,0,0,0,0,0,0,0,0,0,1,0,0,,,kc1,traditional_file
0,record_832,record_832,.,,Unknown,40.0,4.0,1.0,4.0,61.0,279.68,0.12,8.21,34.05,2297.39,0.09,127.63,23.0,11.0,4.0,0.0,10.0,14.0,38.0,23.0,7.0,1,1,0,0,0,0,0,0,0,0,0,0,0,0,1,0,1,0,0,0,0,0,0,0,0,0,0,0,1,0,0,,,kc1,traditional_file
0,record_833,record_833,.,,Unknown,1.0,1.0,1.0,1.0,1.0,0.0,0.0,0.0,0.0,0.0,0.0,0.0,0.0,0.0,0.0,0.0,1.0,0.0,1.0,0.0,1.0,1,1,0,0,0,0,0,0,0,0,0,0,0,0,1,0,1,0,0,0,0,0,0,0,0,0,0,0,1,0,0,,,kc1,traditional_file
0,record_834,record_834,.,,Unknown,37.0,4.0,1.0,4.0,71.0,344.92,0.08,12.13,28.43,4184.99,0.11,232.5,28.0,1.0,6.0,0.0,14.0,15.0,45.0,26.0,6.0,1,1,0,0,0,0,0,0,0,0,0,0,0,0,1,0,1,0,0,0,0,0,0,0,0,0,0,0,1,0,0,,,kc1,traditional_file
0,record_835,record_835,.,,Unknown,3.0,1.0,1.0,1.0,1.0,0.0,0.0,0.0,0.0,0.0,0.0,0.0,1.0,0.0,0.0,0.0,1.0,0.0,1.0,0.0,1.0,1,1,0,0,0,0,0,0,0,0,0,0,0,0,1,0,1,0,0,0,0,0,0,0,0,0,0,0,1,0,0,,,kc1,traditional_file
0,record_836,record_836,.,,Unknown,143.0,17.0,1.0,6.0,345.0,2046.1,0.04,26.47,77.31,54152.01,0.68,3008.45,98.0,19.0,21.0,3.0,17.0,44.0,208.0,137.0,33.0,1,1,0,0,0,0,0,0,0,0,0,0,0,0,1,0,1,0,0,0,0,0,0,0,0,0,0,0,1,0,0,,,kc1,traditional_file
0,record_837,record_837,.,,Unknown,6.0,1.0,1.0,1.0,7.0,18.09,1.0,1.0,18.09,18.09,0.01,1.01,3.0,0.0,0.0,0.0,2.0,4.0,3.0,4.0,1.0,1,1,0,0,0,0,0,0,0,0,0,0,0,0,1,0,1,0,0,0,0,0,0,0,0,0,0,0,1,0,0,,,kc1,traditional_file
0,record_838,record_838,.,,Unknown,5.0,1.0,1.0,1.0,3.0,4.75,2.0,0.5,9.51,2.38,0.0,0.13,3.0,0.0,0.0,0.0,1.0,2.0,1.0,2.0,1.0,1,1,0,0,0,0,0,0,0,0,0,0,0,0,1,0,1,0,0,0,0,0,0,0,0,0,0,0,1,0,0,,,kc1,traditional_file
0,record_839,record_839,.,,Unknown,3.0,1.0,1.0,1.0,1.0,0.0,0.0,0.0,0.0,0.0,0.0,0.0,1.0,0.0,0.0,0.0,1.0,0.0,1.0,0.0,1.0,1,1,0,0,0,0,0,0,0,0,0,0,0,0,1,0,1,0,0,0,0,0,0,0,0,0,0,0,1,0,0,,,kc1,traditional_file
0,record_840,record_840,.,,Unknown,107.0,18.0,11.0,12.0,213.0,1236.97,0.03,31.05,39.84,38405.82,0.41,2133.66,80.0,19.0,0.0,4.0,25.0,31.0,136.0,77.0,35.0,1,1,0,0,0,0,0,0,0,0,0,0,0,0,1,0,1,0,0,0,0,0,0,0,0,0,0,0,1,0,0,,,kc1,traditional_file
0,record_841,record_841,.,,Unknown,4.0,1.0,1.0,1.0,4.0,8.0,0.67,1.5,5.33,12.0,0.0,0.67,2.0,0.0,0.0,0.0,3.0,1.0,3.0,1.0,1.0,1,1,0,0,0,0,0,0,0,0,0,0,0,0,1,0,1,0,0,0,0,0,0,0,0,0,0,0,1,0,0,,,kc1,traditional_file
0,record_842,record_842,.,,Unknown,4.0,1.0,1.0,1.0,4.0,8.0,0.67,1.5,5.33,12.0,0.0,0.67,2.0,0.0,0.0,0.0,3.0,1.0,3.0,1.0,1.0,1,1,0,0,0,0,0,0,0,0,0,0,0,0,1,0,1,0,0,0,0,0,0,0,0,0,0,0,1,0,0,,,kc1,traditional_file
0,record_843,record_843,.,,Unknown,4.0,1.0,1.0,1.0,4.0,8.0,0.67,1.5,5.33,12.0,0.0,0.67,2.0,0.0,0.0,0.0,3.0,1.0,3.0,1.0,1.0,1,1,0,0,0,0,0,0,0,0,0,0,0,0,1,0,1,0,0,0,0,0,0,0,0,0,0,0,1,0,0,,,kc1,traditional_file
0,record_844,record_844,.,,Unknown,4.0,1.0,1.0,1.0,4.0,8.0,0.67,1.5,5.33,12.0,0.0,0.67,2.0,0.0,0.0,0.0,3.0,1.0,3.0,1.0,1.0,1,1,0,0,0,0,0,0,0,0,0,0,0,0,1,0,1,0,0,0,0,0,0,0,0,0,0,0,1,0,0,,,kc1,traditional_file
0,record_845,record_845,.,,Unknown,4.0,1.0,1.0,1.0,4.0,8.0,0.67,1.5,5.33,12.0,0.0,0.67,2.0,0.0,0.0,0.0,3.0,1.0,3.0,1.0,1.0,1,1,0,0,0,0,0,0,0,0,0,0,0,0,1,0,1,0,0,0,0,0,0,0,0,0,0,0,1,0,0,,,kc1,traditional_file
0,record_846,record_846,.,,Unknown,53.0,3.0,1.0,2.0,89.0,460.12,0.11,9.0,51.12,4141.1,0.15,230.06,28.0,10.0,13.0,0.0,12.0,24.0,53.0,36.0,5.0,1,1,0,0,0,0,0,0,0,0,0,0,0,0,1,0,1,0,0,0,0,0,0,0,0,0,0,0,1,0,0,,,kc1,traditional_file
0,record_847,record_847,.,,Unknown,34.0,5.0,1.0,3.0,77.0,374.06,0.09,10.94,34.19,4092.71,0.12,227.37,27.0,2.0,3.0,0.0,12.0,17.0,46.0,31.0,9.0,1,1,0,0,0,0,0,0,0,0,0,0,0,0,1,0,1,0,0,0,0,0,0,0,0,0,0,0,1,0,0,,,kc1,traditional_file
0,record_848,record_848,.,,Unknown,4.0,1.0,1.0,1.0,4.0,8.0,0.67,1.5,5.33,12.0,0.0,0.67,2.0,0.0,0.0,0.0,3.0,1.0,3.0,1.0,1.0,1,1,0,0,0,0,0,0,0,0,0,0,0,0,1,0,1,0,0,0,0,0,0,0,0,0,0,0,1,0,0,,,kc1,traditional_file
0,record_849,record_849,.,,Unknown,4.0,1.0,1.0,1.0,4.0,8.0,0.67,1.5,5.33,12.0,0.0,0.67,2.0,0.0,0.0,0.0,3.0,1.0,3.0,1.0,1.0,1,1,0,0,0,0,0,0,0,0,0,0,0,0,1,0,1,0,0,0,0,0,0,0,0,0,0,0,1,0,0,,,kc1,traditional_file
0,record_850,record_850,.,,Unknown,4.0,1.0,1.0,1.0,5.0,11.61,0.5,2.0,5.8,23.22,0.0,1.29,2.0,0.0,0.0,0.0,4.0,1.0,4.0,1.0,1.0,1,1,0,0,0,0,0,0,0,0,0,0,0,0,1,0,1,0,0,0,0,0,0,0,0,0,0,0,1,0,0,,,kc1,traditional_file
0,record_851,record_851,.,,Unknown,1.0,1.0,1.0,1.0,4.0,8.0,0.67,1.5,5.33,12.0,0.0,0.67,0.0,0.0,0.0,0.0,3.0,1.0,3.0,1.0,1.0,1,1,0,0,0,0,0,0,0,0,0,0,0,0,1,0,1,0,0,0,0,0,0,0,0,0,0,0,1,0,0,,,kc1,traditional_file
0,record_852,record_852,.,,Unknown,39.0,3.0,1.0,3.0,104.0,494.51,0.07,14.4,34.34,7120.92,0.16,395.61,29.0,2.0,4.0,0.0,12.0,15.0,68.0,36.0,5.0,1,1,0,0,0,0,0,0,0,0,0,0,0,0,1,0,1,0,0,0,0,0,0,0,0,0,0,0,1,0,0,,,kc1,traditional_file
0,record_853,record_853,.,,Unknown,52.0,5.0,3.0,5.0,88.0,418.43,0.08,12.4,33.74,5188.53,0.14,288.25,33.0,9.0,8.0,0.0,12.0,15.0,57.0,31.0,9.0,1,1,0,0,0,0,0,0,0,0,0,0,0,0,1,0,1,0,0,0,0,0,0,0,0,0,0,0,1,0,0,,,kc1,traditional_file
0,record_854,record_854,.,,Unknown,20.0,4.0,1.0,1.0,44.0,176.0,0.09,11.57,15.21,2036.57,0.06,113.14,15.0,0.0,3.0,0.0,9.0,7.0,26.0,18.0,7.0,1,1,0,0,0,0,0,0,0,0,0,0,0,0,1,0,1,0,0,0,0,0,0,0,0,0,0,0,1,0,0,,,kc1,traditional_file
0,record_855,record_855,.,,Unknown,25.0,4.0,1.0,3.0,63.0,296.13,0.11,8.8,33.65,2605.92,0.1,144.77,18.0,2.0,3.0,0.0,11.0,15.0,39.0,24.0,7.0,1,1,0,0,0,0,0,0,0,0,0,0,0,0,1,0,1,0,0,0,0,0,0,0,0,0,0,0,1,0,0,,,kc1,traditional_file
0,record_856,record_856,.,,Unknown,28.0,4.0,1.0,3.0,63.0,296.13,0.11,8.8,33.65,2605.92,0.1,144.77,18.0,2.0,6.0,0.0,11.0,15.0,39.0,24.0,7.0,1,1,0,0,0,0,0,0,0,0,0,0,0,0,1,0,1,0,0,0,0,0,0,0,0,0,0,0,1,0,0,,,kc1,traditional_file
0,record_857,record_857,.,,Unknown,28.0,4.0,1.0,3.0,63.0,296.13,0.11,8.8,33.65,2605.92,0.1,144.77,18.0,2.0,6.0,0.0,11.0,15.0,39.0,24.0,7.0,1,1,0,0,0,0,0,0,0,0,0,0,0,0,1,0,1,0,0,0,0,0,0,0,0,0,0,0,1,0,0,,,kc1,traditional_file
0,record_858,record_858,.,,Unknown,5.0,1.0,1.0,1.0,4.0,8.0,0.67,1.5,5.33,12.0,0.0,0.67,3.0,0.0,0.0,0.0,3.0,1.0,3.0,1.0,1.0,1,1,0,0,0,0,0,0,0,0,0,0,0,0,1,0,1,0,0,0,0,0,0,0,0,0,0,0,1,0,0,,,kc1,traditional_file
0,record_859,record_859,.,,Unknown,3.0,1.0,1.0,1.0,1.0,0.0,0.0,0.0,0.0,0.0,0.0,0.0,1.0,0.0,0.0,0.0,1.0,0.0,1.0,0.0,1.0,1,1,0,0,0,0,0,0,0,0,0,0,0,0,1,0,1,0,0,0,0,0,0,0,0,0,0,0,1,0,0,,,kc1,traditional_file
0,record_860,record_860,.,,Unknown,3.0,1.0,1.0,1.0,1.0,0.0,0.0,0.0,0.0,0.0,0.0,0.0,1.0,0.0,0.0,0.0,1.0,0.0,1.0,0.0,1.0,1,1,0,0,0,0,0,0,0,0,0,0,0,0,1,0,1,0,0,0,0,0,0,0,0,0,0,0,1,0,0,,,kc1,traditional_file
0,record_861,record_861,.,,Unknown,3.0,1.0,1.0,1.0,1.0,0.0,0.0,0.0,0.0,0.0,0.0,0.0,1.0,0.0,0.0,0.0,1.0,0.0,1.0,0.0,1.0,1,1,0,0,0,0,0,0,0,0,0,0,0,0,1,0,1,0,0,0,0,0,0,0,0,0,0,0,1,0,0,,,kc1,traditional_file
0,record_862,record_862,.,,Unknown,3.0,1.0,1.0,1.0,1.0,0.0,0.0,0.0,0.0,0.0,0.0,0.0,1.0,0.0,0.0,0.0,1.0,0.0,1.0,0.0,1.0,1,1,0,0,0,0,0,0,0,0,0,0,0,0,1,0,1,0,0,0,0,0,0,0,0,0,0,0,1,0,0,,,kc1,traditional_file
0,record_863,record_863,.,,Unknown,1.0,1.0,1.0,1.0,1.0,0.0,0.0,0.0,0.0,0.0,0.0,0.0,0.0,0.0,0.0,0.0,1.0,0.0,1.0,0.0,1.0,1,1,0,0,0,0,0,0,0,0,0,0,0,0,1,0,1,0,0,0,0,0,0,0,0,0,0,0,1,0,0,,,kc1,traditional_file
0,record_864,record_864,.,,Unknown,32.0,4.0,3.0,3.0,105.0,554.97,0.09,11.5,48.26,6382.12,0.18,354.56,30.0,0.0,0.0,0.0,13.0,26.0,59.0,46.0,7.0,1,1,0,0,0,0,0,0,0,0,0,0,0,0,1,0,1,0,0,0,0,0,0,0,0,0,0,0,1,0,0,,,kc1,traditional_file
0,record_865,record_865,.,,Unknown,13.0,2.0,1.0,1.0,40.0,183.4,0.1,10.05,18.26,1842.32,0.06,102.35,9.0,0.0,1.0,0.0,13.0,11.0,23.0,17.0,3.0,1,1,0,0,0,0,0,0,0,0,0,0,0,0,1,0,1,0,0,0,0,0,0,0,0,0,0,0,1,0,0,,,kc1,traditional_file
0,record_866,record_866,.,,Unknown,73.0,7.0,1.0,7.0,167.0,917.14,0.07,13.81,66.4,12667.99,0.31,703.78,57.0,3.0,7.0,0.0,13.0,32.0,99.0,68.0,13.0,1,1,0,0,0,0,0,0,0,0,0,0,0,0,1,0,1,0,0,0,0,0,0,0,0,0,0,0,1,0,0,,,kc1,traditional_file
0,record_867,record_867,.,,Unknown,16.0,2.0,1.0,2.0,20.0,69.19,0.19,5.25,13.18,363.24,0.02,20.18,9.0,0.0,1.0,0.0,7.0,4.0,14.0,6.0,3.0,1,1,0,0,0,0,0,0,0,0,0,0,0,0,1,0,1,0,0,0,0,0,0,0,0,0,0,0,1,0,0,,,kc1,traditional_file
0,record_868,record_868,.,,Unknown,2.0,1.0,1.0,1.0,12.0,39.86,0.21,4.67,8.54,186.03,0.01,10.33,0.0,0.0,0.0,0.0,7.0,3.0,8.0,4.0,1.0,1,1,0,0,0,0,0,0,0,0,0,0,0,0,1,0,1,0,0,0,0,0,0,0,0,0,0,0,1,0,0,,,kc1,traditional_file
0,record_869,record_869,.,,Unknown,283.0,34.0,26.0,29.0,1106.0,7918.82,0.02,41.02,193.06,324803.51,2.64,18044.64,251.0,6.0,13.0,11.0,23.0,120.0,678.0,428.0,67.0,1,1,0,0,0,0,0,0,0,0,0,0,0,0,1,0,1,0,0,0,0,0,0,0,0,0,0,0,1,0,0,,,kc1,traditional_file
0,record_870,record_870,.,,Unknown,18.0,3.0,1.0,2.0,26.0,101.58,0.14,7.0,14.51,711.05,0.03,39.5,10.0,1.0,2.0,3.0,10.0,5.0,19.0,7.0,4.0,1,1,0,0,0,0,0,0,0,0,0,0,0,0,1,0,1,0,0,0,0,0,0,0,0,0,0,0,1,0,0,,,kc1,traditional_file
0,record_871,record_871,.,,Unknown,4.0,1.0,1.0,1.0,1.0,0.0,0.0,0.0,0.0,0.0,0.0,0.0,1.0,0.0,1.0,0.0,1.0,0.0,1.0,0.0,1.0,1,1,0,0,0,0,0,0,0,0,0,0,0,0,1,0,1,0,0,0,0,0,0,0,0,0,0,0,1,0,0,,,kc1,traditional_file
0,record_872,record_872,.,,Unknown,4.0,1.0,1.0,1.0,6.0,15.51,0.0,0.0,0.0,0.0,0.01,0.0,2.0,0.0,0.0,0.0,6.0,0.0,6.0,0.0,1.0,1,1,0,0,0,0,0,0,0,0,0,0,0,0,1,0,1,0,0,0,0,0,0,0,0,0,0,0,1,0,0,,,kc1,traditional_file
0,record_873,record_873,.,,Unknown,21.0,2.0,1.0,2.0,41.0,185.47,0.14,7.33,25.29,1360.08,0.06,75.56,15.0,0.0,3.0,0.0,11.0,12.0,25.0,16.0,3.0,1,1,0,0,0,0,0,0,0,0,0,0,0,0,1,0,1,0,0,0,0,0,0,0,0,0,0,0,1,0,0,,,kc1,traditional_file
0,record_874,record_874,.,,Unknown,1.0,1.0,1.0,1.0,4.0,6.34,0.0,0.0,0.0,0.0,0.0,0.0,0.0,0.0,0.0,0.0,0.0,3.0,0.0,4.0,1.0,1,1,0,0,0,0,0,0,0,0,0,0,0,0,1,0,1,0,0,0,0,0,0,0,0,0,0,0,1,0,0,,,kc1,traditional_file
0,record_875,record_875,.,,Unknown,9.0,1.0,1.0,1.0,5.0,11.61,2.0,0.5,23.22,5.8,0.0,0.32,6.0,0.0,0.0,0.0,1.0,4.0,1.0,4.0,1.0,1,1,0,0,0,0,0,0,0,0,0,0,0,0,1,0,1,0,0,0,0,0,0,0,0,0,0,0,1,0,0,,,kc1,traditional_file
0,record_876,record_876,.,,Unknown,4.0,1.0,1.0,1.0,1.0,0.0,0.0,0.0,0.0,0.0,0.0,0.0,1.0,0.0,1.0,0.0,1.0,0.0,1.0,0.0,1.0,1,1,0,0,0,0,0,0,0,0,0,0,0,0,1,0,1,0,0,0,0,0,0,0,0,0,0,0,1,0,0,,,kc1,traditional_file
0,record_877,record_877,.,,Unknown,3.0,1.0,1.0,1.0,1.0,0.0,0.0,0.0,0.0,0.0,0.0,0.0,1.0,0.0,0.0,0.0,1.0,0.0,1.0,0.0,1.0,1,1,0,0,0,0,0,0,0,0,0,0,0,0,1,0,1,0,0,0,0,0,0,0,0,0,0,0,1,0,0,,,kc1,traditional_file
0,record_878,record_878,.,,Unknown,1.0,1.0,1.0,1.0,0.0,0.0,0.0,0.0,0.0,0.0,0.0,0.0,0.0,0.0,0.0,0.0,0.0,0.0,0.0,0.0,1.0,1,1,0,0,0,0,0,0,0,0,0,0,0,0,1,0,1,0,0,0,0,0,0,0,0,0,0,0,1,0,0,,,kc1,traditional_file
0,record_879,record_879,.,,Unknown,3.0,1.0,1.0,1.0,1.0,0.0,0.0,0.0,0.0,0.0,0.0,0.0,1.0,0.0,0.0,0.0,1.0,0.0,1.0,0.0,1.0,1,1,0,0,0,0,0,0,0,0,0,0,0,0,1,0,1,0,0,0,0,0,0,0,0,0,0,0,1,0,0,,,kc1,traditional_file
0,record_880,record_880,.,,Unknown,10.0,2.0,1.0,2.0,37.0,157.17,0.14,7.2,21.83,1131.65,0.05,62.87,7.0,0.0,1.0,0.0,9.0,10.0,21.0,16.0,3.0,1,1,0,0,0,0,0,0,0,0,0,0,0,0,1,0,1,0,0,0,0,0,0,0,0,0,0,0,1,0,0,,,kc1,traditional_file
0,record_881,record_881,.,,Unknown,9.0,2.0,1.0,1.0,36.0,160.54,0.08,12.25,13.11,1966.61,0.05,109.26,7.0,0.0,0.0,0.0,14.0,8.0,22.0,14.0,3.0,1,1,0,0,0,0,0,0,0,0,0,0,0,0,1,0,1,0,0,0,0,0,0,0,0,0,0,0,1,0,0,,,kc1,traditional_file
0,record_882,record_882,.,,Unknown,2.0,1.0,1.0,1.0,5.0,11.61,0.67,1.5,7.74,17.41,0.0,0.97,0.0,0.0,0.0,0.0,3.0,2.0,3.0,2.0,1.0,1,1,0,0,0,0,0,0,0,0,0,0,0,0,1,0,1,0,0,0,0,0,0,0,0,0,0,0,1,0,0,,,kc1,traditional_file
0,record_883,record_883,.,,Unknown,2.0,1.0,1.0,1.0,5.0,11.61,0.67,1.5,7.74,17.41,0.0,0.97,0.0,0.0,0.0,0.0,3.0,2.0,3.0,2.0,1.0,1,1,0,0,0,0,0,0,0,0,0,0,0,0,1,0,1,0,0,0,0,0,0,0,0,0,0,0,1,0,0,,,kc1,traditional_file
0,record_884,record_884,.,,Unknown,2.0,1.0,1.0,1.0,5.0,11.61,0.67,1.5,7.74,17.41,0.0,0.97,0.0,0.0,0.0,0.0,3.0,2.0,3.0,2.0,1.0,1,1,0,0,0,0,0,0,0,0,0,0,0,0,1,0,1,0,0,0,0,0,0,0,0,0,0,0,1,0,0,,,kc1,traditional_file
0,record_885,record_885,.,,Unknown,2.0,1.0,1.0,1.0,4.0,8.0,0.67,1.5,5.33,12.0,0.0,0.67,0.0,0.0,0.0,0.0,3.0,1.0,3.0,1.0,1.0,1,1,0,0,0,0,0,0,0,0,0,0,0,0,1,0,1,0,0,0,0,0,0,0,0,0,0,0,1,0,0,,,kc1,traditional_file
0,record_886,record_886,.,,Unknown,2.0,1.0,1.0,1.0,6.0,15.51,0.4,2.5,6.2,38.77,0.01,2.15,0.0,0.0,0.0,0.0,5.0,1.0,5.0,1.0,1.0,1,1,0,0,0,0,0,0,0,0,0,0,0,0,1,0,1,0,0,0,0,0,0,0,0,0,0,0,1,0,0,,,kc1,traditional_file
0,record_887,record_887,.,,Unknown,5.0,1.0,1.0,1.0,9.0,23.26,0.5,2.0,11.63,46.53,0.01,2.58,3.0,0.0,0.0,0.0,3.0,3.0,5.0,4.0,1.0,1,1,0,0,0,0,0,0,0,0,0,0,0,0,1,0,1,0,0,0,0,0,0,0,0,0,0,0,1,0,0,,,kc1,traditional_file
0,record_888,record_888,.,,Unknown,2.0,1.0,1.0,1.0,4.0,8.0,0.67,1.5,5.33,12.0,0.0,0.67,0.0,0.0,0.0,0.0,3.0,1.0,3.0,1.0,1.0,1,1,0,0,0,0,0,0,0,0,0,0,0,0,1,0,1,0,0,0,0,0,0,0,0,0,0,0,1,0,0,,,kc1,traditional_file
0,record_889,record_889,.,,Unknown,5.0,1.0,1.0,1.0,1.0,0.0,0.0,0.0,0.0,0.0,0.0,0.0,0.0,0.0,0.0,0.0,1.0,0.0,1.0,0.0,1.0,1,1,0,0,0,0,0,0,0,0,0,0,0,0,1,0,1,0,0,0,0,0,0,0,0,0,0,0,1,0,0,,,kc1,traditional_file
0,record_890,record_890,.,,Unknown,26.0,3.0,1.0,3.0,52.0,244.42,0.11,9.43,25.92,2304.56,0.08,128.03,17.0,0.0,6.0,0.0,12.0,14.0,30.0,22.0,5.0,1,1,0,0,0,0,0,0,0,0,0,0,0,0,1,0,1,0,0,0,0,0,0,0,0,0,0,0,1,0,0,,,kc1,traditional_file
0,record_891,record_891,.,,Unknown,35.0,3.0,1.0,3.0,75.0,364.35,0.1,9.88,36.87,3600.62,0.12,200.03,30.0,0.0,3.0,0.0,12.0,17.0,47.0,28.0,5.0,1,1,0,0,0,0,0,0,0,0,0,0,0,0,1,0,1,0,0,0,0,0,0,0,0,0,0,0,1,0,0,,,kc1,traditional_file
0,record_892,record_892,.,,Unknown,1.0,1.0,1.0,1.0,1.0,0.0,0.0,0.0,0.0,0.0,0.0,0.0,0.0,0.0,0.0,0.0,1.0,0.0,1.0,0.0,1.0,1,1,0,0,0,0,0,0,0,0,0,0,0,0,1,0,1,0,0,0,0,0,0,0,0,0,0,0,1,0,0,,,kc1,traditional_file
0,record_893,record_893,.,,Unknown,13.0,1.0,1.0,1.0,31.0,133.98,0.25,4.04,33.18,541.07,0.04,30.06,10.0,1.0,0.0,0.0,7.0,13.0,16.0,15.0,1.0,1,1,0,0,0,0,0,0,0,0,0,0,0,0,1,0,1,0,0,0,0,0,0,0,0,0,0,0,1,0,0,,,kc1,traditional_file
0,record_894,record_894,.,,Unknown,131.0,17.0,10.0,15.0,399.0,2507.88,0.03,33.78,74.25,84710.46,0.84,4706.14,111.0,4.0,9.0,5.0,24.0,54.0,247.0,152.0,33.0,1,1,0,0,0,0,0,0,0,0,0,0,0,0,1,0,1,0,0,0,0,0,0,0,0,0,0,0,1,0,0,,,kc1,traditional_file
0,record_895,record_895,.,,Unknown,1.0,1.0,1.0,1.0,5.0,11.61,0.67,1.5,7.74,17.41,0.0,0.97,0.0,0.0,0.0,0.0,3.0,2.0,3.0,2.0,1.0,1,1,0,0,0,0,0,0,0,0,0,0,0,0,1,0,1,0,0,0,0,0,0,0,0,0,0,0,1,0,0,,,kc1,traditional_file
0,record_896,record_896,.,,Unknown,2.0,1.0,1.0,1.0,5.0,11.61,0.67,1.5,7.74,17.41,0.0,0.97,0.0,0.0,0.0,0.0,3.0,2.0,3.0,2.0,1.0,1,1,0,0,0,0,0,0,0,0,0,0,0,0,1,0,1,0,0,0,0,0,0,0,0,0,0,0,1,0,0,,,kc1,traditional_file
0,record_897,record_897,.,,Unknown,4.0,1.0,1.0,1.0,5.0,11.61,0.67,1.5,7.74,17.41,0.0,0.97,0.0,0.0,0.0,0.0,3.0,2.0,3.0,2.0,1.0,1,1,0,0,0,0,0,0,0,0,0,0,0,0,1,0,1,0,0,0,0,0,0,0,0,0,0,0,1,0,0,,,kc1,traditional_file
0,record_898,record_898,.,,Unknown,1.0,1.0,1.0,1.0,5.0,11.61,0.67,1.5,7.74,17.41,0.0,0.97,0.0,0.0,0.0,0.0,3.0,2.0,3.0,2.0,1.0,1,1,0,0,0,0,0,0,0,0,0,0,0,0,1,0,1,0,0,0,0,0,0,0,0,0,0,0,1,0,0,,,kc1,traditional_file
0,record_899,record_899,.,,Unknown,33.0,3.0,1.0,3.0,91.0,437.47,0.07,15.17,28.84,6634.95,0.15,368.61,29.0,0.0,2.0,0.0,13.0,15.0,56.0,35.0,5.0,1,1,0,0,0,0,0,0,0,0,0,0,0,0,1,0,1,0,0,0,0,0,0,0,0,0,0,0,1,0,0,,,kc1,traditional_file
0,record_900,record_900,.,,Unknown,44.0,6.0,3.0,6.0,114.0,598.26,0.05,19.35,30.92,11576.4,0.2,643.13,37.0,0.0,2.0,0.0,18.0,20.0,71.0,43.0,11.0,1,1,0,0,0,0,0,0,0,0,0,0,0,0,1,0,1,0,0,0,0,0,0,0,0,0,0,0,1,0,0,,,kc1,traditional_file
0,record_901,record_901,.,,Unknown,12.0,2.0,1.0,2.0,28.0,112.0,0.12,8.36,13.4,936.0,0.04,52.0,9.0,0.0,1.0,0.0,9.0,7.0,15.0,13.0,3.0,1,1,0,0,0,0,0,0,0,0,0,0,0,0,1,0,1,0,0,0,0,0,0,0,0,0,0,0,1,0,0,,,kc1,traditional_file
0,record_902,record_902,.,,Unknown,14.0,2.0,1.0,2.0,32.0,128.0,0.07,14.3,8.95,1830.4,0.04,101.69,11.0,0.0,1.0,0.0,11.0,5.0,19.0,13.0,3.0,1,1,0,0,0,0,0,0,0,0,0,0,0,0,1,0,1,0,0,0,0,0,0,0,0,0,0,0,1,0,0,,,kc1,traditional_file
0,record_903,record_903,.,,Unknown,36.0,3.0,1.0,3.0,75.0,364.35,0.1,9.88,36.87,3600.62,0.12,200.03,30.0,1.0,3.0,0.0,12.0,17.0,47.0,28.0,5.0,1,1,0,0,0,0,0,0,0,0,0,0,0,0,1,0,1,0,0,0,0,0,0,0,0,0,0,0,1,0,0,,,kc1,traditional_file
0,record_904,record_904,.,,Unknown,16.0,2.0,1.0,2.0,20.0,69.19,0.19,5.25,13.18,363.24,0.02,20.18,9.0,0.0,1.0,0.0,7.0,4.0,14.0,6.0,3.0,1,1,0,0,0,0,0,0,0,0,0,0,0,0,1,0,1,0,0,0,0,0,0,0,0,0,0,0,1,0,0,,,kc1,traditional_file
0,record_905,record_905,.,,Unknown,91.0,8.0,1.0,8.0,186.0,1070.41,0.06,18.15,58.98,19426.48,0.36,1079.25,64.0,1.0,20.0,0.0,17.0,37.0,107.0,79.0,15.0,1,1,0,0,0,0,0,0,0,0,0,0,0,0,1,0,1,0,0,0,0,0,0,0,0,0,0,0,1,0,0,,,kc1,traditional_file
0,record_906,record_906,.,,Unknown,2.0,1.0,1.0,1.0,5.0,11.61,0.67,1.5,7.74,17.41,0.0,0.97,0.0,0.0,0.0,0.0,3.0,2.0,3.0,2.0,1.0,1,1,0,0,0,0,0,0,0,0,0,0,0,0,1,0,1,0,0,0,0,0,0,0,0,0,0,0,1,0,0,,,kc1,traditional_file
0,record_907,record_907,.,,Unknown,2.0,1.0,1.0,1.0,5.0,11.61,0.67,1.5,7.74,17.41,0.0,0.97,0.0,0.0,0.0,0.0,3.0,2.0,3.0,2.0,1.0,1,1,0,0,0,0,0,0,0,0,0,0,0,0,1,0,1,0,0,0,0,0,0,0,0,0,0,0,1,0,0,,,kc1,traditional_file
0,record_908,record_908,.,,Unknown,3.0,1.0,1.0,1.0,1.0,0.0,0.0,0.0,0.0,0.0,0.0,0.0,1.0,0.0,0.0,0.0,1.0,0.0,1.0,0.0,1.0,1,1,0,0,0,0,0,0,0,0,0,0,0,0,1,0,1,0,0,0,0,0,0,0,0,0,0,0,1,0,0,,,kc1,traditional_file
0,record_909,record_909,.,,Unknown,9.0,2.0,1.0,2.0,12.0,36.0,0.17,6.0,6.0,216.0,0.01,12.0,6.0,0.0,1.0,0.0,6.0,2.0,8.0,4.0,3.0,1,1,0,0,0,0,0,0,0,0,0,0,0,0,1,0,1,0,0,0,0,0,0,0,0,0,0,0,1,0,0,,,kc1,traditional_file
0,record_910,record_910,.,,Unknown,9.0,3.0,1.0,1.0,23.0,92.0,0.13,7.5,12.27,690.0,0.03,38.33,6.0,0.0,0.0,1.0,10.0,6.0,14.0,9.0,5.0,1,1,0,0,0,0,0,0,0,0,0,0,0,0,1,0,1,0,0,0,0,0,0,0,0,0,0,0,1,0,0,,,kc1,traditional_file
0,record_911,record_911,.,,Unknown,12.0,3.0,3.0,3.0,25.0,95.18,0.17,6.0,15.86,571.1,0.03,31.73,9.0,0.0,1.0,0.0,8.0,6.0,16.0,9.0,5.0,1,1,0,0,0,0,0,0,0,0,0,0,0,0,1,0,1,0,0,0,0,0,0,0,0,0,0,0,1,0,0,,,kc1,traditional_file
0,record_912,record_912,.,,Unknown,83.0,7.0,1.0,6.0,224.0,1312.19,0.06,16.55,79.31,21710.74,0.44,1206.15,61.0,5.0,12.0,3.0,14.0,44.0,120.0,104.0,13.0,1,1,0,0,0,0,0,0,0,0,0,0,0,0,1,0,1,0,0,0,0,0,0,0,0,0,0,0,1,0,0,,,kc1,traditional_file
0,record_913,record_913,.,,Unknown,79.0,7.0,1.0,4.0,217.0,1271.18,0.06,16.07,79.11,20425.58,0.42,1134.75,61.0,2.0,11.0,3.0,14.0,44.0,116.0,101.0,13.0,1,1,0,0,0,0,0,0,0,0,0,0,0,0,1,0,1,0,0,0,0,0,0,0,0,0,0,0,1,0,0,,,kc1,traditional_file
0,record_914,record_914,.,,Unknown,120.0,19.0,6.0,11.0,318.0,1998.76,0.04,22.41,89.18,44799.75,0.67,2488.87,85.0,20.0,10.0,3.0,20.0,58.0,188.0,130.0,37.0,1,1,0,0,0,0,0,0,0,0,0,0,0,0,1,0,1,0,0,0,0,0,0,0,0,0,0,0,1,0,0,,,kc1,traditional_file
0,record_915,record_915,.,,Unknown,131.0,20.0,7.0,12.0,340.0,2155.55,0.04,22.95,93.92,49471.62,0.72,2748.42,91.0,20.0,12.0,6.0,20.0,61.0,200.0,140.0,39.0,1,1,0,0,0,0,0,0,0,0,0,0,0,0,1,0,1,0,0,0,0,0,0,0,0,0,0,0,1,0,0,,,kc1,traditional_file
0,record_916,record_916,.,,Unknown,17.0,3.0,1.0,2.0,49.0,204.33,0.14,7.2,28.38,1471.15,0.07,81.73,12.0,1.0,2.0,0.0,8.0,10.0,31.0,18.0,5.0,1,1,0,0,0,0,0,0,0,0,0,0,0,0,1,0,1,0,0,0,0,0,0,0,0,0,0,0,1,0,0,,,kc1,traditional_file
0,record_917,record_917,.,,Unknown,9.0,1.0,1.0,1.0,31.0,126.71,0.43,2.31,54.91,292.41,0.04,16.25,7.0,0.0,0.0,0.0,4.0,13.0,16.0,15.0,1.0,1,1,0,0,0,0,0,0,0,0,0,0,0,0,1,0,1,0,0,0,0,0,0,0,0,0,0,0,1,0,0,,,kc1,traditional_file
0,record_918,record_918,.,,Unknown,9.0,1.0,1.0,1.0,25.0,83.05,0.39,2.57,32.29,213.55,0.03,11.86,7.0,0.0,0.0,0.0,3.0,7.0,13.0,12.0,1.0,1,1,0,0,0,0,0,0,0,0,0,0,0,0,1,0,1,0,0,0,0,0,0,0,0,0,0,0,1,0,0,,,kc1,traditional_file
0,record_919,record_919,.,,Unknown,3.0,1.0,1.0,1.0,1.0,0.0,0.0,0.0,0.0,0.0,0.0,0.0,1.0,0.0,0.0,0.0,1.0,0.0,1.0,0.0,1.0,1,1,0,0,0,0,0,0,0,0,0,0,0,0,1,0,1,0,0,0,0,0,0,0,0,0,0,0,1,0,0,,,kc1,traditional_file
0,record_920,record_920,.,,Unknown,1.0,1.0,1.0,1.0,0.0,0.0,0.0,0.0,0.0,0.0,0.0,0.0,0.0,0.0,0.0,0.0,0.0,0.0,0.0,0.0,1.0,1,1,0,0,0,0,0,0,0,0,0,0,0,0,1,0,1,0,0,0,0,0,0,0,0,0,0,0,1,0,0,,,kc1,traditional_file
0,record_921,record_921,.,,Unknown,7.0,2.0,1.0,2.0,15.0,53.77,0.2,5.0,10.75,268.87,0.02,14.94,5.0,0.0,0.0,0.0,8.0,4.0,10.0,5.0,3.0,1,1,0,0,0,0,0,0,0,0,0,0,0,0,1,0,1,0,0,0,0,0,0,0,0,0,0,0,1,0,0,,,kc1,traditional_file
0,record_922,record_922,.,,Unknown,14.0,3.0,1.0,2.0,42.0,197.42,0.1,9.92,19.91,1957.73,0.07,108.76,10.0,0.0,2.0,0.0,14.0,12.0,25.0,17.0,5.0,1,1,0,0,0,0,0,0,0,0,0,0,0,0,1,0,1,0,0,0,0,0,0,0,0,0,0,0,1,0,0,,,kc1,traditional_file
0,record_923,record_923,.,,Unknown,13.0,3.0,1.0,2.0,38.0,176.47,0.1,9.55,18.49,1684.45,0.06,93.58,9.0,0.0,2.0,0.0,14.0,11.0,23.0,15.0,5.0,1,1,0,0,0,0,0,0,0,0,0,0,0,0,1,0,1,0,0,0,0,0,0,0,0,0,0,0,1,0,0,,,kc1,traditional_file
0,record_924,record_924,.,,Unknown,1.0,1.0,1.0,1.0,4.0,8.0,0.67,1.5,5.33,12.0,0.0,0.67,0.0,0.0,0.0,0.0,3.0,1.0,3.0,1.0,1.0,1,1,0,0,0,0,0,0,0,0,0,0,0,0,1,0,1,0,0,0,0,0,0,0,0,0,0,0,1,0,0,,,kc1,traditional_file
0,record_925,record_925,.,,Unknown,2.0,1.0,1.0,1.0,5.0,11.61,0.67,1.5,7.74,17.41,0.0,0.97,0.0,0.0,0.0,0.0,3.0,2.0,3.0,2.0,1.0,1,1,0,0,0,0,0,0,0,0,0,0,0,0,1,0,1,0,0,0,0,0,0,0,0,0,0,0,1,0,0,,,kc1,traditional_file
0,record_926,record_926,.,,Unknown,2.0,1.0,1.0,1.0,5.0,11.61,0.67,1.5,7.74,17.41,0.0,0.97,0.0,0.0,0.0,0.0,3.0,2.0,3.0,2.0,1.0,1,1,0,0,0,0,0,0,0,0,0,0,0,0,1,0,1,0,0,0,0,0,0,0,0,0,0,0,1,0,0,,,kc1,traditional_file
0,record_927,record_927,.,,Unknown,2.0,1.0,1.0,1.0,5.0,11.61,0.67,1.5,7.74,17.41,0.0,0.97,0.0,0.0,0.0,0.0,3.0,2.0,3.0,2.0,1.0,1,1,0,0,0,0,0,0,0,0,0,0,0,0,1,0,1,0,0,0,0,0,0,0,0,0,0,0,1,0,0,,,kc1,traditional_file
0,record_928,record_928,.,,Unknown,1.0,1.0,1.0,1.0,4.0,8.0,0.67,1.5,5.33,12.0,0.0,0.67,0.0,0.0,0.0,0.0,3.0,1.0,3.0,1.0,1.0,1,1,0,0,0,0,0,0,0,0,0,0,0,0,1,0,1,0,0,0,0,0,0,0,0,0,0,0,1,0,0,,,kc1,traditional_file
0,record_929,record_929,.,,Unknown,8.0,1.0,1.0,1.0,24.0,91.38,0.3,3.33,27.41,304.59,0.03,16.92,6.0,0.0,0.0,0.0,5.0,9.0,12.0,12.0,1.0,1,1,0,0,0,0,0,0,0,0,0,0,0,0,1,0,1,0,0,0,0,0,0,0,0,0,0,0,1,0,0,,,kc1,traditional_file
0,record_930,record_930,.,,Unknown,2.0,1.0,1.0,1.0,4.0,8.0,0.67,1.5,5.33,12.0,0.0,0.67,0.0,0.0,0.0,0.0,3.0,1.0,3.0,1.0,1.0,1,1,0,0,0,0,0,0,0,0,0,0,0,0,1,0,1,0,0,0,0,0,0,0,0,0,0,0,1,0,0,,,kc1,traditional_file
0,record_931,record_931,.,,Unknown,1.0,1.0,1.0,1.0,4.0,8.0,0.67,1.5,5.33,12.0,0.0,0.67,0.0,0.0,0.0,0.0,3.0,1.0,3.0,1.0,1.0,1,1,0,0,0,0,0,0,0,0,0,0,0,0,1,0,1,0,0,0,0,0,0,0,0,0,0,0,1,0,0,,,kc1,traditional_file
0,record_932,record_932,.,,Unknown,1.0,1.0,1.0,1.0,4.0,8.0,0.67,1.5,5.33,12.0,0.0,0.67,0.0,0.0,0.0,0.0,3.0,1.0,3.0,1.0,1.0,1,1,0,0,0,0,0,0,0,0,0,0,0,0,1,0,1,0,0,0,0,0,0,0,0,0,0,0,1,0,0,,,kc1,traditional_file
0,record_933,record_933,.,,Unknown,1.0,1.0,1.0,1.0,4.0,8.0,0.67,1.5,5.33,12.0,0.0,0.67,0.0,0.0,0.0,0.0,3.0,1.0,3.0,1.0,1.0,1,1,0,0,0,0,0,0,0,0,0,0,0,0,1,0,1,0,0,0,0,0,0,0,0,0,0,0,1,0,0,,,kc1,traditional_file
0,record_934,record_934,.,,Unknown,1.0,1.0,1.0,1.0,4.0,8.0,0.67,1.5,5.33,12.0,0.0,0.67,0.0,0.0,0.0,0.0,3.0,1.0,3.0,1.0,1.0,1,1,0,0,0,0,0,0,0,0,0,0,0,0,1,0,1,0,0,0,0,0,0,0,0,0,0,0,1,0,0,,,kc1,traditional_file
0,record_935,record_935,.,,Unknown,2.0,1.0,1.0,1.0,6.0,15.51,0.4,2.5,6.2,38.77,0.01,2.15,0.0,0.0,0.0,0.0,5.0,1.0,5.0,1.0,1.0,1,1,0,0,0,0,0,0,0,0,0,0,0,0,1,0,1,0,0,0,0,0,0,0,0,0,0,0,1,0,0,,,kc1,traditional_file
0,record_936,record_936,.,,Unknown,9.0,2.0,1.0,2.0,15.0,53.77,0.24,4.2,12.8,225.85,0.02,12.55,7.0,0.0,0.0,0.0,7.0,5.0,9.0,6.0,3.0,1,1,0,0,0,0,0,0,0,0,0,0,0,0,1,0,1,0,0,0,0,0,0,0,0,0,0,0,1,0,0,,,kc1,traditional_file
0,record_937,record_937,.,,Unknown,16.0,3.0,1.0,3.0,28.0,114.45,0.14,7.31,15.65,836.91,0.04,46.49,11.0,2.0,1.0,0.0,9.0,8.0,15.0,13.0,5.0,1,1,0,0,0,0,0,0,0,0,0,0,0,0,1,0,1,0,0,0,0,0,0,0,0,0,0,0,1,0,0,,,kc1,traditional_file
0,record_938,record_938,.,,Unknown,9.0,2.0,1.0,2.0,16.0,59.21,0.21,4.8,12.33,284.19,0.02,15.79,7.0,0.0,0.0,0.0,8.0,5.0,10.0,6.0,3.0,1,1,0,0,0,0,0,0,0,0,0,0,0,0,1,0,1,0,0,0,0,0,0,0,0,0,0,0,1,0,0,,,kc1,traditional_file
0,record_939,record_939,.,,Unknown,54.0,4.0,1.0,2.0,92.0,475.63,0.08,12.5,38.05,5945.41,0.16,330.3,36.0,5.0,9.0,0.0,15.0,21.0,57.0,35.0,6.0,1,1,0,0,0,0,0,0,0,0,0,0,0,0,1,0,1,0,0,0,0,0,0,0,0,0,0,0,1,0,0,,,kc1,traditional_file
0,record_940,record_940,.,,Unknown,6.0,2.0,1.0,2.0,19.0,76.0,0.2,5.0,15.2,380.0,0.03,21.11,4.0,0.0,0.0,0.0,10.0,6.0,13.0,6.0,3.0,1,1,0,0,0,0,0,0,0,0,0,0,0,0,1,0,1,0,0,0,0,0,0,0,0,0,0,0,1,0,0,,,kc1,traditional_file
0,record_941,record_941,.,,Unknown,4.0,1.0,1.0,1.0,4.0,8.0,0.67,1.5,5.33,12.0,0.0,0.67,2.0,0.0,0.0,0.0,3.0,1.0,3.0,1.0,1.0,1,1,0,0,0,0,0,0,0,0,0,0,0,0,1,0,1,0,0,0,0,0,0,0,0,0,0,0,1,0,0,,,kc1,traditional_file
0,record_942,record_942,.,,Unknown,10.0,1.0,1.0,1.0,35.0,133.26,0.17,6.0,22.21,799.54,0.04,44.42,8.0,0.0,0.0,0.0,7.0,7.0,23.0,12.0,1.0,1,1,0,0,0,0,0,0,0,0,0,0,0,0,1,0,1,0,0,0,0,0,0,0,0,0,0,0,1,0,0,,,kc1,traditional_file
0,record_943,record_943,.,,Unknown,14.0,3.0,1.0,1.0,29.0,116.0,0.12,8.33,13.92,966.67,0.04,53.7,11.0,0.0,1.0,0.0,10.0,6.0,19.0,10.0,4.0,1,1,0,0,0,0,0,0,0,0,0,0,0,0,1,0,1,0,0,0,0,0,0,0,0,0,0,0,1,0,0,,,kc1,traditional_file
0,record_944,record_944,.,,Unknown,20.0,4.0,1.0,4.0,46.0,210.91,0.14,7.14,29.53,1506.49,0.07,83.69,18.0,0.0,0.0,0.0,10.0,14.0,26.0,20.0,7.0,1,1,0,0,0,0,0,0,0,0,0,0,0,0,1,0,1,0,0,0,0,0,0,0,0,0,0,0,1,0,0,,,kc1,traditional_file
0,record_945,record_945,.,,Unknown,11.0,1.0,1.0,1.0,35.0,133.26,0.23,4.44,29.98,592.26,0.04,32.9,6.0,0.0,0.0,3.0,5.0,9.0,19.0,16.0,1.0,1,1,0,0,0,0,0,0,0,0,0,0,0,0,1,0,1,0,0,0,0,0,0,0,0,0,0,0,1,0,0,,,kc1,traditional_file
0,record_946,record_946,.,,Unknown,12.0,3.0,1.0,3.0,38.0,158.46,0.09,11.0,14.41,1743.03,0.05,96.83,9.0,0.0,0.0,1.0,11.0,7.0,24.0,14.0,5.0,1,1,0,0,0,0,0,0,0,0,0,0,0,0,1,0,1,0,0,0,0,0,0,0,0,0,0,0,1,0,0,,,kc1,traditional_file
0,record_947,record_947,.,,Unknown,4.0,1.0,1.0,1.0,5.0,11.61,0.67,1.5,7.74,17.41,0.0,0.97,0.0,0.0,0.0,0.0,3.0,2.0,3.0,2.0,1.0,1,1,0,0,0,0,0,0,0,0,0,0,0,0,1,0,1,0,0,0,0,0,0,0,0,0,0,0,1,0,0,,,kc1,traditional_file
0,record_948,record_948,.,,Unknown,18.0,3.0,1.0,1.0,30.0,117.21,0.13,7.5,15.63,879.05,0.04,48.84,15.0,0.0,1.0,0.0,9.0,6.0,20.0,10.0,4.0,1,1,0,0,0,0,0,0,0,0,0,0,0,0,1,0,1,0,0,0,0,0,0,0,0,0,0,0,1,0,0,,,kc1,traditional_file
0,record_949,record_949,.,,Unknown,20.0,4.0,1.0,1.0,38.0,158.46,0.12,8.13,19.5,1287.46,0.05,71.53,18.0,0.0,0.0,0.0,10.0,8.0,25.0,13.0,5.0,1,1,0,0,0,0,0,0,0,0,0,0,0,0,1,0,1,0,0,0,0,0,0,0,0,0,0,0,1,0,0,,,kc1,traditional_file
0,record_950,record_950,.,,Unknown,12.0,3.0,1.0,3.0,38.0,158.46,0.09,11.0,14.41,1743.03,0.05,96.83,9.0,0.0,0.0,1.0,11.0,7.0,24.0,14.0,5.0,1,1,0,0,0,0,0,0,0,0,0,0,0,0,1,0,1,0,0,0,0,0,0,0,0,0,0,0,1,0,0,,,kc1,traditional_file
0,record_951,record_951,.,,Unknown,16.0,4.0,1.0,1.0,37.0,157.17,0.11,8.94,17.59,1404.74,0.05,78.04,13.0,0.0,1.0,0.0,11.0,8.0,24.0,13.0,5.0,1,1,0,0,0,0,0,0,0,0,0,0,0,0,1,0,1,0,0,0,0,0,0,0,0,0,0,0,1,0,0,,,kc1,traditional_file
0,record_952,record_952,.,,Unknown,6.0,2.0,1.0,2.0,19.0,76.0,0.2,5.0,15.2,380.0,0.03,21.11,4.0,0.0,0.0,0.0,10.0,6.0,13.0,6.0,3.0,1,1,0,0,0,0,0,0,0,0,0,0,0,0,1,0,1,0,0,0,0,0,0,0,0,0,0,0,1,0,0,,,kc1,traditional_file
0,record_953,record_953,.,,Unknown,6.0,2.0,1.0,2.0,19.0,76.0,0.2,5.0,15.2,380.0,0.03,21.11,4.0,0.0,0.0,0.0,10.0,6.0,13.0,6.0,3.0,1,1,0,0,0,0,0,0,0,0,0,0,0,0,1,0,1,0,0,0,0,0,0,0,0,0,0,0,1,0,0,,,kc1,traditional_file
0,record_954,record_954,.,,Unknown,2.0,1.0,1.0,1.0,5.0,11.61,0.67,1.5,7.74,17.41,0.0,0.97,0.0,0.0,0.0,0.0,3.0,2.0,3.0,2.0,1.0,1,1,0,0,0,0,0,0,0,0,0,0,0,0,1,0,1,0,0,0,0,0,0,0,0,0,0,0,1,0,0,,,kc1,traditional_file
0,record_955,record_955,.,,Unknown,2.0,1.0,1.0,1.0,5.0,11.61,0.67,1.5,7.74,17.41,0.0,0.97,0.0,0.0,0.0,0.0,3.0,2.0,3.0,2.0,1.0,1,1,0,0,0,0,0,0,0,0,0,0,0,0,1,0,1,0,0,0,0,0,0,0,0,0,0,0,1,0,0,,,kc1,traditional_file
0,record_956,record_956,.,,Unknown,10.0,1.0,1.0,1.0,25.0,83.05,0.39,2.57,32.29,213.55,0.03,11.86,7.0,0.0,1.0,0.0,3.0,7.0,13.0,12.0,1.0,1,1,0,0,0,0,0,0,0,0,0,0,0,0,1,0,1,0,0,0,0,0,0,0,0,0,0,0,1,0,0,,,kc1,traditional_file
0,record_957,record_957,.,,Unknown,4.0,1.0,1.0,1.0,5.0,11.61,0.5,2.0,5.8,23.22,0.0,1.29,2.0,0.0,0.0,0.0,4.0,1.0,4.0,1.0,1.0,1,1,0,0,0,0,0,0,0,0,0,0,0,0,1,0,1,0,0,0,0,0,0,0,0,0,0,0,1,0,0,,,kc1,traditional_file
0,record_958,record_958,.,,Unknown,4.0,1.0,1.0,1.0,3.0,4.75,1.0,1.0,4.75,4.75,0.0,0.26,0.0,0.0,0.0,0.0,2.0,1.0,2.0,1.0,1.0,1,1,0,0,0,0,0,0,0,0,0,0,0,0,1,0,1,0,0,0,0,0,0,0,0,0,0,0,1,0,0,,,kc1,traditional_file
0,record_959,record_959,.,,Unknown,2.0,1.0,1.0,1.0,3.0,4.75,1.0,1.0,4.75,4.75,0.0,0.26,0.0,0.0,0.0,0.0,2.0,1.0,2.0,1.0,1.0,1,1,0,0,0,0,0,0,0,0,0,0,0,0,1,0,1,0,0,0,0,0,0,0,0,0,0,0,1,0,0,,,kc1,traditional_file
0,record_960,record_960,.,,Unknown,1.0,1.0,1.0,1.0,9.0,25.27,0.67,1.5,16.84,37.9,0.01,2.11,0.0,0.0,0.0,0.0,3.0,4.0,5.0,4.0,1.0,1,1,0,0,0,0,0,0,0,0,0,0,0,0,1,0,1,0,0,0,0,0,0,0,0,0,0,0,1,0,0,,,kc1,traditional_file
0,record_961,record_961,.,,Unknown,1.0,1.0,1.0,1.0,4.0,8.0,0.67,1.5,5.33,12.0,0.0,0.67,0.0,0.0,0.0,0.0,3.0,1.0,3.0,1.0,1.0,1,1,0,0,0,0,0,0,0,0,0,0,0,0,1,0,1,0,0,0,0,0,0,0,0,0,0,0,1,0,0,,,kc1,traditional_file
0,record_962,record_962,.,,Unknown,10.0,2.0,1.0,1.0,16.0,57.36,0.17,6.0,9.56,344.16,0.02,19.12,7.0,0.0,1.0,0.0,8.0,4.0,10.0,6.0,3.0,1,1,0,0,0,0,0,0,0,0,0,0,0,0,1,0,1,0,0,0,0,0,0,0,0,0,0,0,1,0,0,,,kc1,traditional_file
0,record_963,record_963,.,,Unknown,9.0,2.0,1.0,2.0,11.0,33.0,0.3,3.33,9.9,110.0,0.01,6.11,6.0,0.0,1.0,0.0,5.0,3.0,7.0,4.0,3.0,1,1,0,0,0,0,0,0,0,0,0,0,0,0,1,0,1,0,0,0,0,0,0,0,0,0,0,0,1,0,0,,,kc1,traditional_file
0,record_964,record_964,.,,Unknown,2.0,1.0,1.0,1.0,1.0,0.0,0.0,0.0,0.0,0.0,0.0,0.0,0.0,0.0,0.0,0.0,1.0,0.0,1.0,0.0,1.0,1,1,0,0,0,0,0,0,0,0,0,0,0,0,1,0,1,0,0,0,0,0,0,0,0,0,0,0,1,0,0,,,kc1,traditional_file
0,record_965,record_965,.,,Unknown,2.0,1.0,1.0,1.0,1.0,0.0,0.0,0.0,0.0,0.0,0.0,0.0,0.0,0.0,0.0,0.0,1.0,0.0,1.0,0.0,1.0,1,1,0,0,0,0,0,0,0,0,0,0,0,0,1,0,1,0,0,0,0,0,0,0,0,0,0,0,1,0,0,,,kc1,traditional_file
0,record_966,record_966,.,,Unknown,2.0,1.0,1.0,1.0,1.0,0.0,0.0,0.0,0.0,0.0,0.0,0.0,0.0,0.0,0.0,0.0,1.0,0.0,1.0,0.0,1.0,1,1,0,0,0,0,0,0,0,0,0,0,0,0,1,0,1,0,0,0,0,0,0,0,0,0,0,0,1,0,0,,,kc1,traditional_file
0,record_967,record_967,.,,Unknown,2.0,1.0,1.0,1.0,1.0,0.0,0.0,0.0,0.0,0.0,0.0,0.0,0.0,0.0,0.0,0.0,1.0,0.0,1.0,0.0,1.0,1,1,0,0,0,0,0,0,0,0,0,0,0,0,1,0,1,0,0,0,0,0,0,0,0,0,0,0,1,0,0,,,kc1,traditional_file
0,record_968,record_968,.,,Unknown,15.0,1.0,1.0,1.0,0.0,0.0,0.0,0.0,0.0,0.0,0.0,0.0,0.0,0.0,0.0,0.0,0.0,0.0,0.0,0.0,1.0,1,1,0,0,0,0,0,0,0,0,0,0,0,0,1,0,1,0,0,0,0,0,0,0,0,0,0,0,1,0,0,,,kc1,traditional_file
0,record_969,record_969,.,,Unknown,20.0,2.0,1.0,2.0,0.0,0.0,0.0,0.0,0.0,0.0,0.0,0.0,0.0,0.0,0.0,0.0,0.0,0.0,0.0,0.0,3.0,1,1,0,0,0,0,0,0,0,0,0,0,0,0,1,0,1,0,0,0,0,0,0,0,0,0,0,0,1,0,0,,,kc1,traditional_file
0,record_970,record_970,.,,Unknown,8.0,1.0,1.0,1.0,7.0,16.25,2.0,0.5,32.5,8.13,0.01,0.45,2.0,0.0,0.0,0.0,1.0,4.0,3.0,4.0,1.0,1,1,0,0,0,0,0,0,0,0,0,0,0,0,1,0,1,0,0,0,0,0,0,0,0,0,0,0,1,0,0,,,kc1,traditional_file
0,record_971,record_971,.,,Unknown,2.0,1.0,1.0,1.0,0.0,0.0,0.0,0.0,0.0,0.0,0.0,0.0,0.0,0.0,0.0,0.0,0.0,0.0,0.0,0.0,1.0,1,1,0,0,0,0,0,0,0,0,0,0,0,0,1,0,1,0,0,0,0,0,0,0,0,0,0,0,1,0,0,,,kc1,traditional_file
0,record_972,record_972,.,,Unknown,2.0,1.0,1.0,1.0,0.0,0.0,0.0,0.0,0.0,0.0,0.0,0.0,0.0,0.0,0.0,0.0,0.0,0.0,0.0,0.0,1.0,1,1,0,0,0,0,0,0,0,0,0,0,0,0,1,0,1,0,0,0,0,0,0,0,0,0,0,0,1,0,0,,,kc1,traditional_file
0,record_973,record_973,.,,Unknown,2.0,1.0,1.0,1.0,0.0,0.0,0.0,0.0,0.0,0.0,0.0,0.0,0.0,0.0,0.0,0.0,0.0,0.0,0.0,0.0,1.0,1,1,0,0,0,0,0,0,0,0,0,0,0,0,1,0,1,0,0,0,0,0,0,0,0,0,0,0,1,0,0,,,kc1,traditional_file
0,record_974,record_974,.,,Unknown,88.0,15.0,1.0,14.0,255.0,1446.47,0.04,23.54,61.44,34054.0,0.48,1891.89,78.0,0.0,6.0,0.0,16.0,35.0,152.0,103.0,29.0,1,1,0,0,0,0,0,0,0,0,0,0,0,0,1,0,1,0,0,0,0,0,0,0,0,0,0,0,1,0,0,,,kc1,traditional_file
0,record_975,record_975,.,,Unknown,26.0,4.0,3.0,3.0,63.0,299.56,0.1,9.75,30.72,2920.69,0.1,162.26,20.0,1.0,0.0,0.0,13.0,14.0,42.0,21.0,7.0,1,1,0,0,0,0,0,0,0,0,0,0,0,0,1,0,1,0,0,0,0,0,0,0,0,0,0,0,1,0,0,,,kc1,traditional_file
0,record_976,record_976,.,,Unknown,27.0,7.0,7.0,2.0,97.0,485.0,0.1,9.6,50.52,4656.0,0.16,258.67,20.0,1.0,1.0,0.0,12.0,20.0,65.0,32.0,13.0,1,1,0,0,0,0,0,0,0,0,0,0,0,0,1,0,1,0,0,0,0,0,0,0,0,0,0,0,1,0,0,,,kc1,traditional_file
0,record_977,record_977,.,,Unknown,15.0,1.0,1.0,1.0,0.0,0.0,0.0,0.0,0.0,0.0,0.0,0.0,0.0,0.0,0.0,0.0,0.0,0.0,0.0,0.0,1.0,1,1,0,0,0,0,0,0,0,0,0,0,0,0,1,0,1,0,0,0,0,0,0,0,0,0,0,0,1,0,0,,,kc1,traditional_file
0,record_978,record_978,.,,Unknown,20.0,2.0,1.0,2.0,0.0,0.0,0.0,0.0,0.0,0.0,0.0,0.0,0.0,0.0,0.0,0.0,0.0,0.0,0.0,0.0,3.0,1,1,0,0,0,0,0,0,0,0,0,0,0,0,1,0,1,0,0,0,0,0,0,0,0,0,0,0,1,0,0,,,kc1,traditional_file
0,record_979,record_979,.,,Unknown,15.0,1.0,1.0,1.0,0.0,0.0,0.0,0.0,0.0,0.0,0.0,0.0,0.0,0.0,0.0,0.0,0.0,0.0,0.0,0.0,1.0,1,1,0,0,0,0,0,0,0,0,0,0,0,0,1,0,1,0,0,0,0,0,0,0,0,0,0,0,1,0,0,,,kc1,traditional_file
0,record_980,record_980,.,,Unknown,20.0,2.0,1.0,2.0,0.0,0.0,0.0,0.0,0.0,0.0,0.0,0.0,0.0,0.0,0.0,0.0,0.0,0.0,0.0,0.0,3.0,1,1,0,0,0,0,0,0,0,0,0,0,0,0,1,0,1,0,0,0,0,0,0,0,0,0,0,0,1,0,0,,,kc1,traditional_file
0,record_981,record_981,.,,Unknown,36.0,9.0,9.0,2.0,165.0,906.16,0.09,11.38,79.66,10307.52,0.3,572.64,29.0,1.0,1.0,0.0,13.0,32.0,109.0,56.0,17.0,1,1,0,0,0,0,0,0,0,0,0,0,0,0,1,0,1,0,0,0,0,0,0,0,0,0,0,0,1,0,0,,,kc1,traditional_file
0,record_982,record_982,.,,Unknown,4.0,1.0,1.0,1.0,4.0,8.0,0.67,1.5,5.33,12.0,0.0,0.67,0.0,0.0,0.0,0.0,3.0,1.0,3.0,1.0,1.0,1,1,0,0,0,0,0,0,0,0,0,0,0,0,1,0,1,0,0,0,0,0,0,0,0,0,0,0,1,0,0,,,kc1,traditional_file
0,record_983,record_983,.,,Unknown,3.0,1.0,1.0,1.0,1.0,0.0,0.0,0.0,0.0,0.0,0.0,0.0,1.0,0.0,0.0,0.0,1.0,0.0,1.0,0.0,1.0,1,1,0,0,0,0,0,0,0,0,0,0,0,0,1,0,1,0,0,0,0,0,0,0,0,0,0,0,1,0,0,,,kc1,traditional_file
0,record_984,record_984,.,,Unknown,3.0,1.0,1.0,1.0,1.0,0.0,0.0,0.0,0.0,0.0,0.0,0.0,1.0,0.0,0.0,0.0,1.0,0.0,1.0,0.0,1.0,1,1,0,0,0,0,0,0,0,0,0,0,0,0,1,0,1,0,0,0,0,0,0,0,0,0,0,0,1,0,0,,,kc1,traditional_file
0,record_985,record_985,.,,Unknown,45.0,6.0,5.0,6.0,100.0,504.44,0.08,12.89,39.12,6504.61,0.17,361.37,38.0,1.0,2.0,0.0,14.0,19.0,65.0,35.0,11.0,1,1,0,0,0,0,0,0,0,0,0,0,0,0,1,0,1,0,0,0,0,0,0,0,0,0,0,0,1,0,0,,,kc1,traditional_file
0,record_986,record_986,.,,Unknown,116.0,17.0,8.0,16.0,260.0,1548.09,0.04,25.0,61.92,38702.28,0.52,2150.13,96.0,9.0,9.0,0.0,20.0,42.0,155.0,105.0,33.0,1,1,0,0,0,0,0,0,0,0,0,0,0,0,1,0,1,0,0,0,0,0,0,0,0,0,0,0,1,0,0,,,kc1,traditional_file
0,record_987,record_987,.,,Unknown,44.0,7.0,5.0,7.0,80.0,416.76,0.1,10.23,40.75,4262.28,0.14,236.79,33.0,3.0,4.0,0.0,15.0,22.0,50.0,30.0,13.0,1,1,0,0,0,0,0,0,0,0,0,0,0,0,1,0,1,0,0,0,0,0,0,0,0,0,0,0,1,0,0,,,kc1,traditional_file
0,record_988,record_988,.,,Unknown,32.0,4.0,1.0,4.0,57.0,274.02,0.13,7.88,34.8,2157.9,0.09,119.88,22.0,1.0,3.0,0.0,12.0,16.0,36.0,21.0,7.0,1,1,0,0,0,0,0,0,0,0,0,0,0,0,1,0,1,0,0,0,0,0,0,0,0,0,0,0,1,0,0,,,kc1,traditional_file
0,record_989,record_989,.,,Unknown,26.0,2.0,1.0,2.0,67.0,298.78,0.09,11.5,25.98,3435.99,0.1,190.89,20.0,1.0,2.0,0.0,11.0,11.0,44.0,23.0,3.0,1,1,0,0,0,0,0,0,0,0,0,0,0,0,1,0,1,0,0,0,0,0,0,0,0,0,0,0,1,0,0,,,kc1,traditional_file
0,record_990,record_990,.,,Unknown,99.0,19.0,15.0,19.0,312.0,1872.0,0.04,26.59,70.4,49778.18,0.62,2765.45,78.0,12.0,3.0,3.0,20.0,44.0,195.0,117.0,37.0,1,1,0,0,0,0,0,0,0,0,0,0,0,0,1,0,1,0,0,0,0,0,0,0,0,0,0,0,1,0,0,,,kc1,traditional_file
0,record_991,record_991,.,,Unknown,52.0,10.0,6.0,10.0,174.0,955.58,0.06,17.66,54.12,16870.97,0.32,937.28,46.0,1.0,3.0,0.0,16.0,29.0,110.0,64.0,19.0,1,1,0,0,0,0,0,0,0,0,0,0,0,0,1,0,1,0,0,0,0,0,0,0,0,0,0,0,1,0,0,,,kc1,traditional_file
0,record_992,record_992,.,,Unknown,52.0,6.0,1.0,6.0,132.0,682.43,0.08,12.25,55.71,8359.77,0.23,464.43,42.0,4.0,4.0,0.0,12.0,24.0,83.0,49.0,11.0,1,1,0,0,0,0,0,0,0,0,0,0,0,0,1,0,1,0,0,0,0,0,0,0,0,0,0,0,1,0,0,,,kc1,traditional_file
0,record_993,record_993,.,,Unknown,5.0,1.0,1.0,1.0,4.0,8.0,1.0,1.0,8.0,8.0,0.0,0.44,2.0,0.0,0.0,0.0,2.0,2.0,2.0,2.0,1.0,1,1,0,0,0,0,0,0,0,0,0,0,0,0,1,0,1,0,0,0,0,0,0,0,0,0,0,0,1,0,0,,,kc1,traditional_file
0,record_994,record_994,.,,Unknown,93.0,10.0,3.0,10.0,245.0,1491.43,0.07,14.77,100.98,22027.25,0.5,1223.74,76.0,4.0,12.0,0.0,16.0,52.0,149.0,96.0,19.0,1,1,0,0,0,0,0,0,0,0,0,0,0,0,1,0,1,0,0,0,0,0,0,0,0,0,0,0,1,0,0,,,kc1,traditional_file
0,record_995,record_995,.,,Unknown,31.0,2.0,1.0,2.0,147.0,787.56,0.16,6.33,124.45,4983.78,0.26,276.88,28.0,0.0,1.0,0.0,9.0,32.0,102.0,45.0,3.0,1,1,0,0,0,0,0,0,0,0,0,0,0,0,1,0,1,0,0,0,0,0,0,0,0,0,0,0,1,0,0,,,kc1,traditional_file
0,record_996,record_996,.,,Unknown,4.0,1.0,1.0,1.0,3.0,4.75,1.0,1.0,4.75,4.75,0.0,0.26,0.0,0.0,0.0,0.0,2.0,1.0,2.0,1.0,1.0,1,1,0,0,0,0,0,0,0,0,0,0,0,0,1,0,1,0,0,0,0,0,0,0,0,0,0,0,1,0,0,,,kc1,traditional_file
0,record_997,record_997,.,,Unknown,2.0,1.0,1.0,1.0,3.0,4.75,1.0,1.0,4.75,4.75,0.0,0.26,0.0,0.0,0.0,0.0,2.0,1.0,2.0,1.0,1.0,1,1,0,0,0,0,0,0,0,0,0,0,0,0,1,0,1,0,0,0,0,0,0,0,0,0,0,0,1,0,0,,,kc1,traditional_file
0,record_998,record_998,.,,Unknown,4.0,1.0,1.0,1.0,4.0,8.0,1.0,1.0,8.0,8.0,0.0,0.44,1.0,0.0,0.0,0.0,2.0,2.0,2.0,2.0,1.0,1,1,0,0,0,0,0,0,0,0,0,0,0,0,1,0,1,0,0,0,0,0,0,0,0,0,0,0,1,0,0,,,kc1,traditional_file
0,record_999,record_999,.,,Unknown,22.0,3.0,1.0,3.0,54.0,237.19,0.09,11.33,20.93,2688.1,0.08,149.34,19.0,0.0,1.0,0.0,12.0,9.0,37.0,17.0,5.0,1,1,0,0,0,0,0,0,0,0,0,0,0,0,1,0,1,0,0,0,0,0,0,0,0,0,0,0,1,0,0,,,kc1,traditional_file
0,record_1000,record_1000,.,,Unknown,2.0,1.0,1.0,1.0,16.0,59.21,0.29,3.5,16.92,207.22,0.02,11.51,0.0,0.0,0.0,0.0,7.0,6.0,10.0,6.0,1.0,1,1,0,0,0,0,0,0,0,0,0,0,0,0,1,0,1,0,0,0,0,0,0,0,0,0,0,0,1,0,0,,,kc1,traditional_file
0,record_1001,record_1001,.,,Unknown,2.0,1.0,1.0,1.0,8.0,24.0,0.4,2.5,9.6,60.0,0.01,3.33,0.0,0.0,0.0,0.0,5.0,3.0,5.0,3.0,1.0,1,1,0,0,0,0,0,0,0,0,0,0,0,0,1,0,1,0,0,0,0,0,0,0,0,0,0,0,1,0,0,,,kc1,traditional_file
0,record_1002,record_1002,.,,Unknown,2.0,1.0,1.0,1.0,8.0,24.0,0.4,2.5,9.6,60.0,0.01,3.33,0.0,0.0,0.0,0.0,5.0,3.0,5.0,3.0,1.0,1,1,0,0,0,0,0,0,0,0,0,0,0,0,1,0,1,0,0,0,0,0,0,0,0,0,0,0,1,0,0,,,kc1,traditional_file
0,record_1003,record_1003,.,,Unknown,2.0,1.0,1.0,1.0,18.0,68.53,0.29,3.5,19.58,239.86,0.02,13.33,0.0,0.0,0.0,0.0,7.0,7.0,11.0,7.0,1.0,1,1,0,0,0,0,0,0,0,0,0,0,0,0,1,0,1,0,0,0,0,0,0,0,0,0,0,0,1,0,0,,,kc1,traditional_file
0,record_1004,record_1004,.,,Unknown,2.0,1.0,1.0,1.0,12.0,39.86,0.4,2.5,15.95,99.66,0.01,5.54,0.0,0.0,0.0,0.0,5.0,5.0,7.0,5.0,1.0,1,1,0,0,0,0,0,0,0,0,0,0,0,0,1,0,1,0,0,0,0,0,0,0,0,0,0,0,1,0,0,,,kc1,traditional_file
0,record_1005,record_1005,.,,Unknown,2.0,1.0,1.0,1.0,12.0,39.86,0.4,2.5,15.95,99.66,0.01,5.54,0.0,0.0,0.0,0.0,5.0,5.0,7.0,5.0,1.0,1,1,0,0,0,0,0,0,0,0,0,0,0,0,1,0,1,0,0,0,0,0,0,0,0,0,0,0,1,0,0,,,kc1,traditional_file
0,record_1006,record_1006,.,,Unknown,2.0,1.0,1.0,1.0,12.0,39.86,0.4,2.5,15.95,99.66,0.01,5.54,0.0,0.0,0.0,0.0,5.0,5.0,7.0,5.0,1.0,1,1,0,0,0,0,0,0,0,0,0,0,0,0,1,0,1,0,0,0,0,0,0,0,0,0,0,0,1,0,0,,,kc1,traditional_file
0,record_1007,record_1007,.,,Unknown,2.0,1.0,1.0,1.0,18.0,68.53,0.29,3.5,19.58,239.86,0.02,13.33,0.0,0.0,0.0,0.0,7.0,7.0,11.0,7.0,1.0,1,1,0,0,0,0,0,0,0,0,0,0,0,0,1,0,1,0,0,0,0,0,0,0,0,0,0,0,1,0,0,,,kc1,traditional_file
0,record_1008,record_1008,.,,Unknown,2.0,1.0,1.0,1.0,10.0,31.7,0.4,2.5,12.68,79.25,0.01,4.4,0.0,0.0,0.0,0.0,5.0,4.0,6.0,4.0,1.0,1,1,0,0,0,0,0,0,0,0,0,0,0,0,1,0,1,0,0,0,0,0,0,0,0,0,0,0,1,0,0,,,kc1,traditional_file
0,record_1009,record_1009,.,,Unknown,2.0,1.0,1.0,1.0,10.0,31.7,0.4,2.5,12.68,79.25,0.01,4.4,0.0,0.0,0.0,0.0,5.0,4.0,6.0,4.0,1.0,1,1,0,0,0,0,0,0,0,0,0,0,0,0,1,0,1,0,0,0,0,0,0,0,0,0,0,0,1,0,0,,,kc1,traditional_file
0,record_1010,record_1010,.,,Unknown,2.0,1.0,1.0,1.0,10.0,31.7,0.4,2.5,12.68,79.25,0.01,4.4,0.0,0.0,0.0,0.0,5.0,4.0,6.0,4.0,1.0,1,1,0,0,0,0,0,0,0,0,0,0,0,0,1,0,1,0,0,0,0,0,0,0,0,0,0,0,1,0,0,,,kc1,traditional_file
0,record_1011,record_1011,.,,Unknown,2.0,1.0,1.0,1.0,18.0,68.53,0.29,3.5,19.58,239.86,0.02,13.33,0.0,0.0,0.0,0.0,7.0,7.0,11.0,7.0,1.0,1,1,0,0,0,0,0,0,0,0,0,0,0,0,1,0,1,0,0,0,0,0,0,0,0,0,0,0,1,0,0,,,kc1,traditional_file
0,record_1012,record_1012,.,,Unknown,2.0,1.0,1.0,1.0,12.0,39.86,0.4,2.5,15.95,99.66,0.01,5.54,0.0,0.0,0.0,0.0,5.0,5.0,7.0,5.0,1.0,1,1,0,0,0,0,0,0,0,0,0,0,0,0,1,0,1,0,0,0,0,0,0,0,0,0,0,0,1,0,0,,,kc1,traditional_file
0,record_1013,record_1013,.,,Unknown,2.0,1.0,1.0,1.0,18.0,68.53,0.29,3.5,19.58,239.86,0.02,13.33,0.0,0.0,0.0,0.0,7.0,7.0,11.0,7.0,1.0,1,1,0,0,0,0,0,0,0,0,0,0,0,0,1,0,1,0,0,0,0,0,0,0,0,0,0,0,1,0,0,,,kc1,traditional_file
0,record_1014,record_1014,.,,Unknown,2.0,1.0,1.0,1.0,20.0,78.14,0.29,3.5,22.33,273.48,0.03,15.19,0.0,0.0,0.0,0.0,7.0,8.0,12.0,8.0,1.0,1,1,0,0,0,0,0,0,0,0,0,0,0,0,1,0,1,0,0,0,0,0,0,0,0,0,0,0,1,0,0,,,kc1,traditional_file
0,record_1015,record_1015,.,,Unknown,2.0,1.0,1.0,1.0,4.0,8.0,0.67,1.5,5.33,12.0,0.0,0.67,0.0,0.0,0.0,0.0,3.0,1.0,3.0,1.0,1.0,1,1,0,0,0,0,0,0,0,0,0,0,0,0,1,0,1,0,0,0,0,0,0,0,0,0,0,0,1,0,0,,,kc1,traditional_file
0,record_1016,record_1016,.,,Unknown,2.0,1.0,1.0,1.0,4.0,8.0,0.67,1.5,5.33,12.0,0.0,0.67,0.0,0.0,0.0,0.0,3.0,1.0,3.0,1.0,1.0,1,1,0,0,0,0,0,0,0,0,0,0,0,0,1,0,1,0,0,0,0,0,0,0,0,0,0,0,1,0,0,,,kc1,traditional_file
0,record_1017,record_1017,.,,Unknown,2.0,1.0,1.0,1.0,4.0,8.0,0.67,1.5,5.33,12.0,0.0,0.67,0.0,0.0,0.0,0.0,3.0,1.0,3.0,1.0,1.0,1,1,0,0,0,0,0,0,0,0,0,0,0,0,1,0,1,0,0,0,0,0,0,0,0,0,0,0,1,0,0,,,kc1,traditional_file
0,record_1018,record_1018,.,,Unknown,2.0,1.0,1.0,1.0,4.0,8.0,0.67,1.5,5.33,12.0,0.0,0.67,0.0,0.0,0.0,0.0,3.0,1.0,3.0,1.0,1.0,1,1,0,0,0,0,0,0,0,0,0,0,0,0,1,0,1,0,0,0,0,0,0,0,0,0,0,0,1,0,0,,,kc1,traditional_file
0,record_1019,record_1019,.,,Unknown,2.0,1.0,1.0,1.0,4.0,8.0,0.67,1.5,5.33,12.0,0.0,0.67,0.0,0.0,0.0,0.0,3.0,1.0,3.0,1.0,1.0,1,1,0,0,0,0,0,0,0,0,0,0,0,0,1,0,1,0,0,0,0,0,0,0,0,0,0,0,1,0,0,,,kc1,traditional_file
0,record_1020,record_1020,.,,Unknown,25.0,3.0,1.0,3.0,57.0,250.36,0.1,9.55,26.23,2389.82,0.08,132.77,20.0,0.0,1.0,0.0,10.0,11.0,36.0,21.0,5.0,1,1,0,0,0,0,0,0,0,0,0,0,0,0,1,0,1,0,0,0,0,0,0,0,0,0,0,0,1,0,0,,,kc1,traditional_file
0,record_1021,record_1021,.,,Unknown,2.0,1.0,1.0,1.0,4.0,8.0,0.67,1.5,5.33,12.0,0.0,0.67,0.0,0.0,0.0,0.0,3.0,1.0,3.0,1.0,1.0,1,1,0,0,0,0,0,0,0,0,0,0,0,0,1,0,1,0,0,0,0,0,0,0,0,0,0,0,1,0,0,,,kc1,traditional_file
0,record_1022,record_1022,.,,Unknown,2.0,1.0,1.0,1.0,4.0,8.0,0.67,1.5,5.33,12.0,0.0,0.67,0.0,0.0,0.0,0.0,3.0,1.0,3.0,1.0,1.0,1,1,0,0,0,0,0,0,0,0,0,0,0,0,1,0,1,0,0,0,0,0,0,0,0,0,0,0,1,0,0,,,kc1,traditional_file
0,record_1023,record_1023,.,,Unknown,2.0,1.0,1.0,1.0,4.0,8.0,0.67,1.5,5.33,12.0,0.0,0.67,0.0,0.0,0.0,0.0,3.0,1.0,3.0,1.0,1.0,1,1,0,0,0,0,0,0,0,0,0,0,0,0,1,0,1,0,0,0,0,0,0,0,0,0,0,0,1,0,0,,,kc1,traditional_file
0,record_1024,record_1024,.,,Unknown,2.0,1.0,1.0,1.0,4.0,8.0,0.67,1.5,5.33,12.0,0.0,0.67,0.0,0.0,0.0,0.0,3.0,1.0,3.0,1.0,1.0,1,1,0,0,0,0,0,0,0,0,0,0,0,0,1,0,1,0,0,0,0,0,0,0,0,0,0,0,1,0,0,,,kc1,traditional_file
0,record_1025,record_1025,.,,Unknown,2.0,1.0,1.0,1.0,4.0,8.0,0.67,1.5,5.33,12.0,0.0,0.67,0.0,0.0,0.0,0.0,3.0,1.0,3.0,1.0,1.0,1,1,0,0,0,0,0,0,0,0,0,0,0,0,1,0,1,0,0,0,0,0,0,0,0,0,0,0,1,0,0,,,kc1,traditional_file
0,record_1026,record_1026,.,,Unknown,2.0,1.0,1.0,1.0,4.0,8.0,0.67,1.5,5.33,12.0,0.0,0.67,0.0,0.0,0.0,0.0,3.0,1.0,3.0,1.0,1.0,1,1,0,0,0,0,0,0,0,0,0,0,0,0,1,0,1,0,0,0,0,0,0,0,0,0,0,0,1,0,0,,,kc1,traditional_file
0,record_1027,record_1027,.,,Unknown,66.0,9.0,1.0,9.0,179.0,952.63,0.06,17.5,54.44,16670.93,0.32,926.16,48.0,4.0,12.0,0.0,14.0,26.0,114.0,65.0,17.0,1,1,0,0,0,0,0,0,0,0,0,0,0,0,1,0,1,0,0,0,0,0,0,0,0,0,0,0,1,0,0,,,kc1,traditional_file
0,record_1028,record_1028,.,,Unknown,2.0,1.0,1.0,1.0,4.0,8.0,0.67,1.5,5.33,12.0,0.0,0.67,0.0,0.0,0.0,0.0,3.0,1.0,3.0,1.0,1.0,1,1,0,0,0,0,0,0,0,0,0,0,0,0,1,0,1,0,0,0,0,0,0,0,0,0,0,0,1,0,0,,,kc1,traditional_file
0,record_1029,record_1029,.,,Unknown,2.0,1.0,1.0,1.0,5.0,11.61,0.5,2.0,5.8,23.22,0.0,1.29,0.0,0.0,0.0,0.0,4.0,1.0,4.0,1.0,1.0,1,1,0,0,0,0,0,0,0,0,0,0,0,0,1,0,1,0,0,0,0,0,0,0,0,0,0,0,1,0,0,,,kc1,traditional_file
0,record_1030,record_1030,.,,Unknown,2.0,2.0,1.0,1.0,7.0,19.65,0.5,2.0,9.83,39.3,0.01,2.18,0.0,0.0,0.0,0.0,4.0,3.0,4.0,3.0,3.0,1,1,0,0,0,0,0,0,0,0,0,0,0,0,1,0,1,0,0,0,0,0,0,0,0,0,0,0,1,0,0,,,kc1,traditional_file
0,record_1031,record_1031,.,,Unknown,5.0,1.0,1.0,1.0,1.0,0.0,0.0,0.0,0.0,0.0,0.0,0.0,0.0,0.0,0.0,0.0,1.0,0.0,1.0,0.0,1.0,1,1,0,0,0,0,0,0,0,0,0,0,0,0,1,0,1,0,0,0,0,0,0,0,0,0,0,0,1,0,0,,,kc1,traditional_file
0,record_1032,record_1032,.,,Unknown,28.0,4.0,1.0,1.0,59.0,270.51,0.09,11.42,23.68,3090.09,0.09,171.67,22.0,0.0,1.0,0.0,11.0,13.0,32.0,27.0,7.0,1,1,0,0,0,0,0,0,0,0,0,0,0,0,1,0,1,0,0,0,0,0,0,0,0,0,0,0,1,0,0,,,kc1,traditional_file
0,record_1033,record_1033,.,,Unknown,4.0,1.0,1.0,1.0,4.0,8.0,0.67,1.5,5.33,12.0,0.0,0.67,0.0,0.0,0.0,0.0,3.0,1.0,3.0,1.0,1.0,1,1,0,0,0,0,0,0,0,0,0,0,0,0,1,0,1,0,0,0,0,0,0,0,0,0,0,0,1,0,0,,,kc1,traditional_file
0,record_1034,record_1034,.,,Unknown,4.0,1.0,1.0,1.0,4.0,8.0,0.67,1.5,5.33,12.0,0.0,0.67,0.0,0.0,0.0,0.0,3.0,1.0,3.0,1.0,1.0,1,1,0,0,0,0,0,0,0,0,0,0,0,0,1,0,1,0,0,0,0,0,0,0,0,0,0,0,1,0,0,,,kc1,traditional_file
0,record_1035,record_1035,.,,Unknown,4.0,1.0,1.0,1.0,4.0,8.0,0.67,1.5,5.33,12.0,0.0,0.67,0.0,0.0,0.0,0.0,3.0,1.0,3.0,1.0,1.0,1,1,0,0,0,0,0,0,0,0,0,0,0,0,1,0,1,0,0,0,0,0,0,0,0,0,0,0,1,0,0,,,kc1,traditional_file
0,record_1036,record_1036,.,,Unknown,62.0,10.0,7.0,10.0,134.0,740.16,0.06,17.24,42.93,12760.86,0.25,708.94,43.0,4.0,11.0,0.0,19.0,27.0,85.0,49.0,19.0,1,1,0,0,0,0,0,0,0,0,0,0,0,0,1,0,1,0,0,0,0,0,0,0,0,0,0,0,1,0,0,,,kc1,traditional_file
0,record_1037,record_1037,.,,Unknown,44.0,8.0,7.0,5.0,111.0,613.12,0.06,18.06,33.95,11072.86,0.2,615.16,34.0,2.0,3.0,1.0,21.0,25.0,68.0,43.0,15.0,1,1,0,0,0,0,0,0,0,0,0,0,0,0,1,0,1,0,0,0,0,0,0,0,0,0,0,0,1,0,0,,,kc1,traditional_file
0,record_1038,record_1038,.,,Unknown,44.0,8.0,7.0,5.0,111.0,613.12,0.06,18.06,33.95,11072.86,0.2,615.16,34.0,2.0,3.0,1.0,21.0,25.0,68.0,43.0,15.0,1,1,0,0,0,0,0,0,0,0,0,0,0,0,1,0,1,0,0,0,0,0,0,0,0,0,0,0,1,0,0,,,kc1,traditional_file
0,record_1039,record_1039,.,,Unknown,3.0,1.0,1.0,1.0,5.0,11.61,0.67,1.5,7.74,17.41,0.0,0.97,2.0,0.0,0.0,0.0,3.0,2.0,3.0,2.0,1.0,1,1,0,0,0,0,0,0,0,0,0,0,0,0,1,0,1,0,0,0,0,0,0,0,0,0,0,0,1,0,0,,,kc1,traditional_file
0,record_1040,record_1040,.,,Unknown,19.0,2.0,1.0,2.0,45.0,187.65,0.16,6.4,29.32,1200.94,0.06,66.72,13.0,1.0,3.0,0.0,8.0,10.0,29.0,16.0,3.0,1,1,0,0,0,0,0,0,0,0,0,0,0,0,1,0,1,0,0,0,0,0,0,0,0,0,0,0,1,0,0,,,kc1,traditional_file
0,record_1041,record_1041,.,,Unknown,3.0,1.0,1.0,1.0,5.0,11.61,0.67,1.5,7.74,17.41,0.0,0.97,2.0,0.0,0.0,0.0,3.0,2.0,3.0,2.0,1.0,1,1,0,0,0,0,0,0,0,0,0,0,0,0,1,0,1,0,0,0,0,0,0,0,0,0,0,0,1,0,0,,,kc1,traditional_file
0,record_1042,record_1042,.,,Unknown,15.0,1.0,1.0,1.0,32.0,133.44,0.17,6.0,22.24,800.63,0.04,44.48,9.0,1.0,1.0,0.0,9.0,9.0,20.0,12.0,1.0,1,1,0,0,0,0,0,0,0,0,0,0,0,0,1,0,1,0,0,0,0,0,0,0,0,0,0,0,1,0,0,,,kc1,traditional_file
0,record_1043,record_1043,.,,Unknown,24.0,2.0,1.0,2.0,50.0,212.4,0.15,6.55,32.45,1390.23,0.07,77.24,17.0,1.0,3.0,0.0,8.0,11.0,32.0,18.0,3.0,1,1,0,0,0,0,0,0,0,0,0,0,0,0,1,0,1,0,0,0,0,0,0,0,0,0,0,0,1,0,0,,,kc1,traditional_file
0,record_1044,record_1044,.,,Unknown,21.0,3.0,1.0,3.0,84.0,427.35,0.21,4.67,91.57,1994.29,0.14,110.79,19.0,0.0,0.0,0.0,7.0,27.0,48.0,36.0,5.0,1,1,0,0,0,0,0,0,0,0,0,0,0,0,1,0,1,0,0,0,0,0,0,0,0,0,0,0,1,0,0,,,kc1,traditional_file
0,record_1045,record_1045,.,,Unknown,12.0,1.0,1.0,1.0,21.0,82.04,0.25,3.94,20.84,323.05,0.03,17.95,5.0,3.0,2.0,0.0,7.0,8.0,12.0,9.0,1.0,1,1,0,0,0,0,0,0,0,0,0,0,0,0,1,0,1,0,0,0,0,0,0,0,0,0,0,0,1,0,0,,,kc1,traditional_file
0,record_1046,record_1046,.,,Unknown,42.0,5.0,3.0,3.0,120.0,642.91,0.04,22.89,28.09,14713.79,0.21,817.43,33.0,0.0,7.0,0.0,19.0,22.0,67.0,53.0,9.0,1,1,0,0,0,0,0,0,0,0,0,0,0,0,1,0,1,0,0,0,0,0,0,0,0,0,0,0,1,0,0,,,kc1,traditional_file
0,record_1047,record_1047,.,,Unknown,5.0,3.0,3.0,1.0,24.0,100.08,0.1,10.4,9.62,1040.81,0.03,57.82,3.0,0.0,0.0,0.0,13.0,5.0,16.0,8.0,5.0,1,1,0,0,0,0,0,0,0,0,0,0,0,0,1,0,1,0,0,0,0,0,0,0,0,0,0,0,1,0,0,,,kc1,traditional_file
0,record_1048,record_1048,.,,Unknown,2.0,1.0,1.0,1.0,16.0,59.21,0.29,3.5,16.92,207.22,0.02,11.51,0.0,0.0,0.0,0.0,7.0,6.0,10.0,6.0,1.0,1,1,0,0,0,0,0,0,0,0,0,0,0,0,1,0,1,0,0,0,0,0,0,0,0,0,0,0,1,0,0,,,kc1,traditional_file
0,record_1049,record_1049,.,,Unknown,45.0,11.0,4.0,3.0,306.0,1735.76,0.03,37.74,45.99,65511.02,0.58,3639.5,30.0,0.0,13.0,0.0,20.0,31.0,189.0,117.0,21.0,1,1,0,0,0,0,0,0,0,0,0,0,0,0,1,0,1,0,0,0,0,0,0,0,0,0,0,0,1,0,0,,,kc1,traditional_file
0,record_1050,record_1050,.,,Unknown,2.0,1.0,1.0,1.0,8.0,24.0,0.4,2.5,9.6,60.0,0.01,3.33,0.0,0.0,0.0,0.0,5.0,3.0,5.0,3.0,1.0,1,1,0,0,0,0,0,0,0,0,0,0,0,0,1,0,1,0,0,0,0,0,0,0,0,0,0,0,1,0,0,,,kc1,traditional_file
0,record_1051,record_1051,.,,Unknown,9.0,3.0,3.0,2.0,27.0,108.0,0.12,8.33,12.96,900.0,0.04,50.0,7.0,0.0,0.0,0.0,10.0,6.0,17.0,10.0,5.0,1,1,0,0,0,0,0,0,0,0,0,0,0,0,1,0,1,0,0,0,0,0,0,0,0,0,0,0,1,0,0,,,kc1,traditional_file
0,record_1052,record_1052,.,,Unknown,2.0,1.0,1.0,1.0,8.0,24.0,0.4,2.5,9.6,60.0,0.01,3.33,0.0,0.0,0.0,0.0,5.0,3.0,5.0,3.0,1.0,1,1,0,0,0,0,0,0,0,0,0,0,0,0,1,0,1,0,0,0,0,0,0,0,0,0,0,0,1,0,0,,,kc1,traditional_file
0,record_1053,record_1053,.,,Unknown,2.0,1.0,1.0,1.0,18.0,68.53,0.29,3.5,19.58,239.86,0.02,13.33,0.0,0.0,0.0,0.0,7.0,7.0,11.0,7.0,1.0,1,1,0,0,0,0,0,0,0,0,0,0,0,0,1,0,1,0,0,0,0,0,0,0,0,0,0,0,1,0,0,,,kc1,traditional_file
0,record_1054,record_1054,.,,Unknown,2.0,1.0,1.0,1.0,12.0,39.86,0.4,2.5,15.95,99.66,0.01,5.54,0.0,0.0,0.0,0.0,5.0,5.0,7.0,5.0,1.0,1,1,0,0,0,0,0,0,0,0,0,0,0,0,1,0,1,0,0,0,0,0,0,0,0,0,0,0,1,0,0,,,kc1,traditional_file
0,record_1055,record_1055,.,,Unknown,2.0,1.0,1.0,1.0,12.0,39.86,0.4,2.5,15.95,99.66,0.01,5.54,0.0,0.0,0.0,0.0,5.0,5.0,7.0,5.0,1.0,1,1,0,0,0,0,0,0,0,0,0,0,0,0,1,0,1,0,0,0,0,0,0,0,0,0,0,0,1,0,0,,,kc1,traditional_file
0,record_1056,record_1056,.,,Unknown,20.0,3.0,3.0,2.0,75.0,378.33,0.07,14.12,26.8,5341.12,0.13,296.73,16.0,0.0,2.0,0.0,16.0,17.0,45.0,30.0,5.0,1,1,0,0,0,0,0,0,0,0,0,0,0,0,1,0,1,0,0,0,0,0,0,0,0,0,0,0,1,0,0,,,kc1,traditional_file
0,record_1057,record_1057,.,,Unknown,2.0,1.0,1.0,1.0,12.0,39.86,0.4,2.5,15.95,99.66,0.01,5.54,0.0,0.0,0.0,0.0,5.0,5.0,7.0,5.0,1.0,1,1,0,0,0,0,0,0,0,0,0,0,0,0,1,0,1,0,0,0,0,0,0,0,0,0,0,0,1,0,0,,,kc1,traditional_file
0,record_1058,record_1058,.,,Unknown,20.0,3.0,3.0,3.0,52.0,244.42,0.07,15.2,16.07,3715.23,0.08,206.4,14.0,0.0,4.0,0.0,16.0,10.0,33.0,19.0,5.0,1,1,0,0,0,0,0,0,0,0,0,0,0,0,1,0,1,0,0,0,0,0,0,0,0,0,0,0,1,0,0,,,kc1,traditional_file
0,record_1059,record_1059,.,,Unknown,13.0,5.0,5.0,1.0,36.0,150.12,0.05,18.2,8.25,2732.13,0.05,151.79,10.0,0.0,1.0,0.0,13.0,5.0,22.0,14.0,9.0,1,1,0,0,0,0,0,0,0,0,0,0,0,0,1,0,1,0,0,0,0,0,0,0,0,0,0,0,1,0,0,,,kc1,traditional_file
0,record_1060,record_1060,.,,Unknown,15.0,3.0,1.0,1.0,28.0,106.61,0.11,9.33,11.42,994.99,0.04,55.28,9.0,0.0,4.0,0.0,8.0,6.0,14.0,14.0,5.0,1,1,0,0,0,0,0,0,0,0,0,0,0,0,1,0,1,0,0,0,0,0,0,0,0,0,0,0,1,0,0,,,kc1,traditional_file
0,record_1061,record_1061,.,,Unknown,28.0,11.0,11.0,10.0,121.0,610.37,0.07,13.43,45.45,8196.42,0.2,455.36,25.0,0.0,1.0,0.0,12.0,21.0,74.0,47.0,21.0,1,1,0,0,0,0,0,0,0,0,0,0,0,0,1,0,1,0,0,0,0,0,0,0,0,0,0,0,1,0,0,,,kc1,traditional_file
0,record_1062,record_1062,.,,Unknown,2.0,1.0,1.0,1.0,18.0,68.53,0.29,3.5,19.58,239.86,0.02,13.33,0.0,0.0,0.0,0.0,7.0,7.0,11.0,7.0,1.0,1,1,0,0,0,0,0,0,0,0,0,0,0,0,1,0,1,0,0,0,0,0,0,0,0,0,0,0,1,0,0,,,kc1,traditional_file
0,record_1063,record_1063,.,,Unknown,6.0,1.0,1.0,1.0,27.0,105.49,0.16,6.29,16.78,663.06,0.04,36.84,4.0,0.0,0.0,0.0,8.0,7.0,16.0,11.0,1.0,1,1,0,0,0,0,0,0,0,0,0,0,0,0,1,0,1,0,0,0,0,0,0,0,0,0,0,0,1,0,0,,,kc1,traditional_file
0,record_1064,record_1064,.,,Unknown,2.0,1.0,1.0,1.0,10.0,31.7,0.4,2.5,12.68,79.25,0.01,4.4,0.0,0.0,0.0,0.0,5.0,4.0,6.0,4.0,1.0,1,1,0,0,0,0,0,0,0,0,0,0,0,0,1,0,1,0,0,0,0,0,0,0,0,0,0,0,1,0,0,,,kc1,traditional_file
0,record_1065,record_1065,.,,Unknown,2.0,1.0,1.0,1.0,10.0,31.7,0.4,2.5,12.68,79.25,0.01,4.4,0.0,0.0,0.0,0.0,5.0,4.0,6.0,4.0,1.0,1,1,0,0,0,0,0,0,0,0,0,0,0,0,1,0,1,0,0,0,0,0,0,0,0,0,0,0,1,0,0,,,kc1,traditional_file
0,record_1066,record_1066,.,,Unknown,2.0,1.0,1.0,1.0,10.0,31.7,0.4,2.5,12.68,79.25,0.01,4.4,0.0,0.0,0.0,0.0,5.0,4.0,6.0,4.0,1.0,1,1,0,0,0,0,0,0,0,0,0,0,0,0,1,0,1,0,0,0,0,0,0,0,0,0,0,0,1,0,0,,,kc1,traditional_file
0,record_1067,record_1067,.,,Unknown,2.0,1.0,1.0,1.0,18.0,68.53,0.29,3.5,19.58,239.86,0.02,13.33,0.0,0.0,0.0,0.0,7.0,7.0,11.0,7.0,1.0,1,1,0,0,0,0,0,0,0,0,0,0,0,0,1,0,1,0,0,0,0,0,0,0,0,0,0,0,1,0,0,,,kc1,traditional_file
0,record_1068,record_1068,.,,Unknown,76.0,13.0,10.0,7.0,223.0,1306.33,0.05,21.44,60.94,28002.35,0.44,1555.69,59.0,1.0,7.0,0.0,19.0,39.0,135.0,88.0,25.0,1,1,0,0,0,0,0,0,0,0,0,0,0,0,1,0,1,0,0,0,0,0,0,0,0,0,0,0,1,0,0,,,kc1,traditional_file
0,record_1069,record_1069,.,,Unknown,69.0,11.0,10.0,7.0,206.0,1185.51,0.05,21.71,54.6,25742.43,0.4,1430.14,54.0,1.0,5.0,0.0,19.0,35.0,126.0,80.0,21.0,1,1,0,0,0,0,0,0,0,0,0,0,0,0,1,0,1,0,0,0,0,0,0,0,0,0,0,0,1,0,0,,,kc1,traditional_file
0,record_1070,record_1070,.,,Unknown,2.0,1.0,1.0,1.0,12.0,39.86,0.4,2.5,15.95,99.66,0.01,5.54,0.0,0.0,0.0,0.0,5.0,5.0,7.0,5.0,1.0,1,1,0,0,0,0,0,0,0,0,0,0,0,0,1,0,1,0,0,0,0,0,0,0,0,0,0,0,1,0,0,,,kc1,traditional_file
0,record_1071,record_1071,.,,Unknown,2.0,1.0,1.0,1.0,18.0,68.53,0.29,3.5,19.58,239.86,0.02,13.33,0.0,0.0,0.0,0.0,7.0,7.0,11.0,7.0,1.0,1,1,0,0,0,0,0,0,0,0,0,0,0,0,1,0,1,0,0,0,0,0,0,0,0,0,0,0,1,0,0,,,kc1,traditional_file
0,record_1072,record_1072,.,,Unknown,2.0,1.0,1.0,1.0,20.0,78.14,0.29,3.5,22.33,273.48,0.03,15.19,0.0,0.0,0.0,0.0,7.0,8.0,12.0,8.0,1.0,1,1,0,0,0,0,0,0,0,0,0,0,0,0,1,0,1,0,0,0,0,0,0,0,0,0,0,0,1,0,0,,,kc1,traditional_file
0,record_1073,record_1073,.,,Unknown,39.0,1.0,1.0,1.0,135.0,723.27,0.06,16.96,42.65,12266.65,0.24,681.48,30.0,2.0,5.0,0.0,16.0,25.0,82.0,53.0,5.0,1,1,0,0,0,0,0,0,0,0,0,0,0,0,1,0,1,0,0,0,0,0,0,0,0,0,0,0,1,0,0,,,kc1,traditional_file
0,record_1074,record_1074,.,,Unknown,2.0,1.0,1.0,1.0,4.0,8.0,0.67,1.5,5.33,12.0,0.0,0.67,0.0,0.0,0.0,0.0,3.0,1.0,3.0,1.0,1.0,1,1,0,0,0,0,0,0,0,0,0,0,0,0,1,0,1,0,0,0,0,0,0,0,0,0,0,0,1,0,0,,,kc1,traditional_file
0,record_1075,record_1075,.,,Unknown,2.0,2.0,1.0,1.0,7.0,19.65,0.5,2.0,9.83,39.3,0.01,2.18,0.0,0.0,0.0,0.0,4.0,3.0,4.0,3.0,3.0,1,1,0,0,0,0,0,0,0,0,0,0,0,0,1,0,1,0,0,0,0,0,0,0,0,0,0,0,1,0,0,,,kc1,traditional_file
0,record_1076,record_1076,.,,Unknown,46.0,7.0,1.0,7.0,97.0,480.56,0.06,15.47,31.07,7433.62,0.16,412.98,37.0,1.0,4.0,0.0,15.0,16.0,64.0,33.0,13.0,1,1,0,0,0,0,0,0,0,0,0,0,0,0,1,0,1,0,0,0,0,0,0,0,0,0,0,0,1,0,0,,,kc1,traditional_file
0,record_1077,record_1077,.,,Unknown,5.0,1.0,1.0,1.0,1.0,0.0,0.0,0.0,0.0,0.0,0.0,0.0,0.0,0.0,0.0,0.0,1.0,0.0,1.0,0.0,1.0,1,1,0,0,0,0,0,0,0,0,0,0,0,0,1,0,1,0,0,0,0,0,0,0,0,0,0,0,1,0,0,,,kc1,traditional_file
0,record_1078,record_1078,.,,Unknown,36.0,6.0,4.0,6.0,151.0,808.99,0.04,22.31,36.26,18050.6,0.27,1002.81,25.0,0.0,9.0,0.0,17.0,24.0,88.0,63.0,11.0,1,1,0,0,0,0,0,0,0,0,0,0,0,0,1,0,1,0,0,0,0,0,0,0,0,0,0,0,1,0,0,,,kc1,traditional_file
0,record_1079,record_1079,.,,Unknown,6.0,1.0,1.0,1.0,9.0,25.27,0.67,1.5,16.84,37.9,0.01,2.11,3.0,0.0,0.0,0.0,3.0,4.0,5.0,4.0,1.0,1,1,0,0,0,0,0,0,0,0,0,0,0,0,1,0,1,0,0,0,0,0,0,0,0,0,0,0,1,0,0,,,kc1,traditional_file
0,record_1080,record_1080,.,,Unknown,3.0,1.0,1.0,1.0,5.0,11.61,0.67,1.5,7.74,17.41,0.0,0.97,2.0,0.0,0.0,0.0,3.0,2.0,3.0,2.0,1.0,1,1,0,0,0,0,0,0,0,0,0,0,0,0,1,0,1,0,0,0,0,0,0,0,0,0,0,0,1,0,0,,,kc1,traditional_file
0,record_1081,record_1081,.,,Unknown,3.0,1.0,1.0,1.0,5.0,11.61,0.67,1.5,7.74,17.41,0.0,0.97,2.0,0.0,0.0,0.0,3.0,2.0,3.0,2.0,1.0,1,1,0,0,0,0,0,0,0,0,0,0,0,0,1,0,1,0,0,0,0,0,0,0,0,0,0,0,1,0,0,,,kc1,traditional_file
0,record_1082,record_1082,.,,Unknown,8.0,2.0,1.0,1.0,21.0,85.84,0.14,7.33,11.71,629.47,0.03,34.97,5.0,0.0,1.0,0.0,11.0,6.0,13.0,8.0,3.0,1,1,0,0,0,0,0,0,0,0,0,0,0,0,1,0,1,0,0,0,0,0,0,0,0,0,0,0,1,0,0,,,kc1,traditional_file
0,record_1083,record_1083,.,,Unknown,60.0,17.0,5.0,7.0,319.0,1891.91,0.03,38.92,48.61,73638.77,0.63,4091.04,38.0,0.0,19.0,0.0,22.0,39.0,181.0,138.0,33.0,1,1,0,0,0,0,0,0,0,0,0,0,0,0,1,0,1,0,0,0,0,0,0,0,0,0,0,0,1,0,0,,,kc1,traditional_file
0,record_1084,record_1084,.,,Unknown,70.0,20.0,5.0,6.0,418.0,2526.56,0.02,41.5,60.88,104852.1,0.84,5825.12,52.0,0.0,16.0,0.0,22.0,44.0,252.0,166.0,39.0,1,1,0,0,0,0,0,0,0,0,0,0,0,0,1,0,1,0,0,0,0,0,0,0,0,0,0,0,1,0,0,,,kc1,traditional_file
0,record_1085,record_1085,.,,Unknown,93.0,25.0,5.0,11.0,532.0,3282.4,0.02,53.75,61.07,176429.01,1.09,9801.61,68.0,0.0,23.0,0.0,24.0,48.0,317.0,215.0,49.0,1,1,0,0,0,0,0,0,0,0,0,0,0,0,1,0,1,0,0,0,0,0,0,0,0,0,0,0,1,0,0,,,kc1,traditional_file
0,record_1086,record_1086,.,,Unknown,44.0,13.0,7.0,6.0,187.0,995.2,0.02,49.38,20.15,49145.34,0.33,2730.3,35.0,0.0,6.0,0.0,23.0,17.0,114.0,73.0,25.0,1,1,0,0,0,0,0,0,0,0,0,0,0,0,1,0,1,0,0,0,0,0,0,0,0,0,0,0,1,0,0,,,kc1,traditional_file
0,record_1087,record_1087,.,,Unknown,3.0,1.0,1.0,1.0,1.0,0.0,0.0,0.0,0.0,0.0,0.0,0.0,1.0,0.0,0.0,0.0,1.0,0.0,1.0,0.0,1.0,1,1,0,0,0,0,0,0,0,0,0,0,0,0,1,0,1,0,0,0,0,0,0,0,0,0,0,0,1,0,0,,,kc1,traditional_file
0,record_1088,record_1088,.,,Unknown,2.0,1.0,1.0,1.0,1.0,0.0,0.0,0.0,0.0,0.0,0.0,0.0,0.0,0.0,0.0,0.0,1.0,0.0,1.0,0.0,1.0,1,1,0,0,0,0,0,0,0,0,0,0,0,0,1,0,1,0,0,0,0,0,0,0,0,0,0,0,1,0,0,,,kc1,traditional_file
0,record_1089,record_1089,.,,Unknown,3.0,1.0,1.0,1.0,1.0,0.0,0.0,0.0,0.0,0.0,0.0,0.0,1.0,0.0,0.0,0.0,1.0,0.0,1.0,0.0,1.0,1,1,0,0,0,0,0,0,0,0,0,0,0,0,1,0,1,0,0,0,0,0,0,0,0,0,0,0,1,0,0,,,kc1,traditional_file
0,record_1090,record_1090,.,,Unknown,2.0,1.0,1.0,1.0,1.0,0.0,0.0,0.0,0.0,0.0,0.0,0.0,0.0,0.0,0.0,0.0,1.0,0.0,1.0,0.0,1.0,1,1,0,0,0,0,0,0,0,0,0,0,0,0,1,0,1,0,0,0,0,0,0,0,0,0,0,0,1,0,0,,,kc1,traditional_file
0,record_1091,record_1091,.,,Unknown,3.0,1.0,1.0,1.0,0.0,0.0,0.0,0.0,0.0,0.0,0.0,0.0,0.0,0.0,0.0,0.0,0.0,0.0,0.0,0.0,1.0,1,1,0,0,0,0,0,0,0,0,0,0,0,0,1,0,1,0,0,0,0,0,0,0,0,0,0,0,1,0,0,,,kc1,traditional_file
0,record_1092,record_1092,.,,Unknown,31.0,1.0,1.0,1.0,0.0,0.0,0.0,0.0,0.0,0.0,0.0,0.0,0.0,0.0,0.0,0.0,0.0,0.0,0.0,0.0,1.0,1,1,0,0,0,0,0,0,0,0,0,0,0,0,1,0,1,0,0,0,0,0,0,0,0,0,0,0,1,0,0,,,kc1,traditional_file
0,record_1093,record_1093,.,,Unknown,6.0,1.0,1.0,1.0,0.0,0.0,0.0,0.0,0.0,0.0,0.0,0.0,0.0,0.0,0.0,0.0,0.0,0.0,0.0,0.0,1.0,1,1,0,0,0,0,0,0,0,0,0,0,0,0,1,0,1,0,0,0,0,0,0,0,0,0,0,0,1,0,0,,,kc1,traditional_file
0,record_1094,record_1094,.,,Unknown,34.0,1.0,1.0,1.0,0.0,0.0,0.0,0.0,0.0,0.0,0.0,0.0,0.0,0.0,0.0,0.0,0.0,0.0,0.0,0.0,1.0,1,1,0,0,0,0,0,0,0,0,0,0,0,0,1,0,1,0,0,0,0,0,0,0,0,0,0,0,1,0,0,,,kc1,traditional_file
0,record_1095,record_1095,.,,Unknown,21.0,2.0,1.0,2.0,0.0,0.0,0.0,0.0,0.0,0.0,0.0,0.0,0.0,0.0,0.0,0.0,0.0,0.0,0.0,0.0,3.0,1,1,0,0,0,0,0,0,0,0,0,0,0,0,1,0,1,0,0,0,0,0,0,0,0,0,0,0,1,0,0,,,kc1,traditional_file
0,record_1096,record_1096,.,,Unknown,45.0,3.0,1.0,3.0,0.0,0.0,0.0,0.0,0.0,0.0,0.0,0.0,0.0,0.0,0.0,0.0,0.0,0.0,0.0,0.0,5.0,1,1,0,0,0,0,0,0,0,0,0,0,0,0,1,0,1,0,0,0,0,0,0,0,0,0,0,0,1,0,0,,,kc1,traditional_file
0,record_1097,record_1097,.,,Unknown,6.0,1.0,1.0,1.0,0.0,0.0,0.0,0.0,0.0,0.0,0.0,0.0,0.0,0.0,0.0,0.0,0.0,0.0,0.0,0.0,1.0,1,1,0,0,0,0,0,0,0,0,0,0,0,0,1,0,1,0,0,0,0,0,0,0,0,0,0,0,1,0,0,,,kc1,traditional_file
0,record_1098,record_1098,.,,Unknown,27.0,2.0,1.0,2.0,0.0,0.0,0.0,0.0,0.0,0.0,0.0,0.0,0.0,0.0,0.0,0.0,0.0,0.0,0.0,0.0,3.0,1,1,0,0,0,0,0,0,0,0,0,0,0,0,1,0,1,0,0,0,0,0,0,0,0,0,0,0,1,0,0,,,kc1,traditional_file
0,record_1099,record_1099,.,,Unknown,48.0,10.0,8.0,4.0,172.0,950.05,0.07,13.56,70.05,12885.09,0.32,715.84,36.0,3.0,4.0,0.0,14.0,32.0,110.0,62.0,19.0,1,1,0,0,0,0,0,0,0,0,0,0,0,0,1,0,1,0,0,0,0,0,0,0,0,0,0,0,1,0,0,,,kc1,traditional_file
0,record_1100,record_1100,.,,Unknown,6.0,1.0,1.0,1.0,0.0,0.0,0.0,0.0,0.0,0.0,0.0,0.0,0.0,0.0,0.0,0.0,0.0,0.0,0.0,0.0,1.0,1,1,0,0,0,0,0,0,0,0,0,0,0,0,1,0,1,0,0,0,0,0,0,0,0,0,0,0,1,0,0,,,kc1,traditional_file
0,record_1101,record_1101,.,,Unknown,27.0,3.0,1.0,3.0,58.0,278.83,0.1,9.53,29.25,2658.15,0.09,147.67,21.0,0.0,3.0,0.0,13.0,15.0,36.0,22.0,5.0,1,1,0,0,0,0,0,0,0,0,0,0,0,0,1,0,1,0,0,0,0,0,0,0,0,0,0,0,1,0,0,,,kc1,traditional_file
0,record_1102,record_1102,.,,Unknown,27.0,1.0,1.0,1.0,0.0,0.0,0.0,0.0,0.0,0.0,0.0,0.0,0.0,0.0,0.0,0.0,0.0,0.0,0.0,0.0,1.0,1,1,0,0,0,0,0,0,0,0,0,0,0,0,1,0,1,0,0,0,0,0,0,0,0,0,0,0,1,0,0,,,kc1,traditional_file
0,record_1103,record_1103,.,,Unknown,37.0,1.0,1.0,1.0,0.0,0.0,0.0,0.0,0.0,0.0,0.0,0.0,0.0,0.0,0.0,0.0,0.0,0.0,0.0,0.0,1.0,1,1,0,0,0,0,0,0,0,0,0,0,0,0,1,0,1,0,0,0,0,0,0,0,0,0,0,0,1,0,0,,,kc1,traditional_file
0,record_1104,record_1104,.,,Unknown,6.0,1.0,1.0,1.0,0.0,0.0,0.0,0.0,0.0,0.0,0.0,0.0,0.0,0.0,0.0,0.0,0.0,0.0,0.0,0.0,1.0,1,1,0,0,0,0,0,0,0,0,0,0,0,0,1,0,1,0,0,0,0,0,0,0,0,0,0,0,1,0,0,,,kc1,traditional_file
0,record_1105,record_1105,.,,Unknown,26.0,2.0,1.0,2.0,47.0,218.26,0.17,5.91,36.95,1289.11,0.07,71.62,13.0,0.0,2.0,0.0,9.0,16.0,26.0,21.0,3.0,1,1,0,0,0,0,0,0,0,0,0,0,0,0,1,0,1,0,0,0,0,0,0,0,0,0,0,0,1,0,0,,,kc1,traditional_file
0,record_1106,record_1106,.,,Unknown,15.0,2.0,1.0,2.0,25.0,95.18,0.15,6.67,14.28,634.56,0.03,35.25,10.0,0.0,1.0,0.0,8.0,6.0,15.0,10.0,3.0,1,1,0,0,0,0,0,0,0,0,0,0,0,0,1,0,1,0,0,0,0,0,0,0,0,0,0,0,1,0,0,,,kc1,traditional_file
0,record_1107,record_1107,.,,Unknown,6.0,1.0,1.0,1.0,3.0,4.75,2.0,0.5,9.51,2.38,0.0,0.13,2.0,0.0,0.0,0.0,1.0,2.0,1.0,2.0,1.0,1,1,0,0,0,0,0,0,0,0,0,0,0,0,1,0,1,0,0,0,0,0,0,0,0,0,0,0,1,0,0,,,kc1,traditional_file
0,record_1108,record_1108,.,,Unknown,4.0,1.0,1.0,1.0,3.0,4.75,1.0,1.0,4.75,4.75,0.0,0.26,0.0,0.0,0.0,0.0,2.0,1.0,2.0,1.0,1.0,1,1,0,0,0,0,0,0,0,0,0,0,0,0,1,0,1,0,0,0,0,0,0,0,0,0,0,0,1,0,0,,,kc1,traditional_file
0,record_1109,record_1109,.,,Unknown,9.0,1.0,1.0,1.0,8.0,18.58,1.6,0.63,29.72,11.61,0.01,0.64,3.0,0.0,0.0,0.0,1.0,4.0,3.0,5.0,1.0,1,1,0,0,0,0,0,0,0,0,0,0,0,0,1,0,1,0,0,0,0,0,0,0,0,0,0,0,1,0,0,,,kc1,traditional_file
0,record_1110,record_1110,.,,Unknown,4.0,1.0,1.0,1.0,3.0,4.75,1.0,1.0,4.75,4.75,0.0,0.26,0.0,0.0,0.0,0.0,2.0,1.0,2.0,1.0,1.0,1,1,0,0,0,0,0,0,0,0,0,0,0,0,1,0,1,0,0,0,0,0,0,0,0,0,0,0,1,0,0,,,kc1,traditional_file
0,record_1111,record_1111,.,,Unknown,5.0,1.0,1.0,1.0,2.0,2.0,2.0,0.5,4.0,1.0,0.0,0.06,2.0,0.0,0.0,0.0,1.0,1.0,1.0,1.0,1.0,1,1,0,0,0,0,0,0,0,0,0,0,0,0,1,0,1,0,0,0,0,0,0,0,0,0,0,0,1,0,0,,,kc1,traditional_file
0,record_1112,record_1112,.,,Unknown,2.0,1.0,1.0,1.0,0.0,0.0,0.0,0.0,0.0,0.0,0.0,0.0,0.0,0.0,0.0,0.0,0.0,0.0,0.0,0.0,1.0,1,1,0,0,0,0,0,0,0,0,0,0,0,0,1,0,1,0,0,0,0,0,0,0,0,0,0,0,1,0,0,,,kc1,traditional_file
0,record_1113,record_1113,.,,Unknown,4.0,1.0,1.0,1.0,3.0,4.75,1.0,1.0,4.75,4.75,0.0,0.26,2.0,0.0,0.0,0.0,2.0,1.0,2.0,1.0,1.0,1,1,0,0,0,0,0,0,0,0,0,0,0,0,1,0,1,0,0,0,0,0,0,0,0,0,0,0,1,0,0,,,kc1,traditional_file
0,record_1114,record_1114,.,,Unknown,3.0,1.0,1.0,1.0,0.0,0.0,0.0,0.0,0.0,0.0,0.0,0.0,0.0,0.0,0.0,0.0,0.0,0.0,0.0,0.0,1.0,1,1,0,0,0,0,0,0,0,0,0,0,0,0,1,0,1,0,0,0,0,0,0,0,0,0,0,0,1,0,0,,,kc1,traditional_file
0,record_1115,record_1115,.,,Unknown,3.0,1.0,1.0,1.0,1.0,0.0,0.0,0.0,0.0,0.0,0.0,0.0,1.0,0.0,0.0,0.0,0.0,1.0,0.0,1.0,1.0,1,1,0,0,0,0,0,0,0,0,0,0,0,0,1,0,1,0,0,0,0,0,0,0,0,0,0,0,1,0,0,,,kc1,traditional_file
0,record_1116,record_1116,.,,Unknown,131.0,18.0,1.0,18.0,363.0,2169.75,0.04,24.68,87.91,53551.34,0.72,2975.07,113.0,4.0,10.0,0.0,16.0,47.0,218.0,145.0,35.0,1,1,0,0,0,0,0,0,0,0,0,0,0,0,1,0,1,0,0,0,0,0,0,0,0,0,0,0,1,0,0,,,kc1,traditional_file
0,record_1117,record_1117,.,,Unknown,15.0,1.0,1.0,1.0,0.0,0.0,0.0,0.0,0.0,0.0,0.0,0.0,0.0,0.0,0.0,0.0,0.0,0.0,0.0,0.0,1.0,1,1,0,0,0,0,0,0,0,0,0,0,0,0,1,0,1,0,0,0,0,0,0,0,0,0,0,0,1,0,0,,,kc1,traditional_file
0,record_1118,record_1118,.,,Unknown,20.0,2.0,1.0,2.0,0.0,0.0,0.0,0.0,0.0,0.0,0.0,0.0,0.0,0.0,0.0,0.0,0.0,0.0,0.0,0.0,3.0,1,1,0,0,0,0,0,0,0,0,0,0,0,0,1,0,1,0,0,0,0,0,0,0,0,0,0,0,1,0,0,,,kc1,traditional_file
0,record_1119,record_1119,.,,Unknown,15.0,2.0,1.0,2.0,25.0,95.18,0.15,6.67,14.28,634.56,0.03,35.25,9.0,0.0,1.0,0.0,8.0,6.0,15.0,10.0,3.0,1,1,0,0,0,0,0,0,0,0,0,0,0,0,1,0,1,0,0,0,0,0,0,0,0,0,0,0,1,0,0,,,kc1,traditional_file
0,record_1120,record_1120,.,,Unknown,20.0,2.0,1.0,2.0,0.0,0.0,0.0,0.0,0.0,0.0,0.0,0.0,0.0,0.0,0.0,0.0,0.0,0.0,0.0,0.0,3.0,1,1,0,0,0,0,0,0,0,0,0,0,0,0,1,0,1,0,0,0,0,0,0,0,0,0,0,0,1,0,0,,,kc1,traditional_file
0,record_1121,record_1121,.,,Unknown,15.0,1.0,1.0,1.0,0.0,0.0,0.0,0.0,0.0,0.0,0.0,0.0,0.0,0.0,0.0,0.0,0.0,0.0,0.0,0.0,1.0,1,1,0,0,0,0,0,0,0,0,0,0,0,0,1,0,1,0,0,0,0,0,0,0,0,0,0,0,1,0,0,,,kc1,traditional_file
0,record_1122,record_1122,.,,Unknown,15.0,2.0,1.0,2.0,25.0,95.18,0.15,6.67,14.28,634.56,0.03,35.25,9.0,0.0,1.0,0.0,8.0,6.0,15.0,10.0,3.0,1,1,0,0,0,0,0,0,0,0,0,0,0,0,1,0,1,0,0,0,0,0,0,0,0,0,0,0,1,0,0,,,kc1,traditional_file
0,record_1123,record_1123,.,,Unknown,17.0,2.0,1.0,2.0,0.0,0.0,0.0,0.0,0.0,0.0,0.0,0.0,0.0,0.0,0.0,0.0,0.0,0.0,0.0,0.0,3.0,1,1,0,0,0,0,0,0,0,0,0,0,0,0,1,0,1,0,0,0,0,0,0,0,0,0,0,0,1,0,0,,,kc1,traditional_file
0,record_1124,record_1124,.,,Unknown,9.0,1.0,1.0,1.0,0.0,0.0,0.0,0.0,0.0,0.0,0.0,0.0,0.0,0.0,0.0,0.0,0.0,0.0,0.0,0.0,1.0,1,1,0,0,0,0,0,0,0,0,0,0,0,0,1,0,1,0,0,0,0,0,0,0,0,0,0,0,1,0,0,,,kc1,traditional_file
0,record_1125,record_1125,.,,Unknown,1.0,1.0,1.0,1.0,4.0,8.0,0.67,1.5,5.33,12.0,0.0,0.67,0.0,0.0,0.0,0.0,3.0,1.0,3.0,1.0,1.0,1,1,0,0,0,0,0,0,0,0,0,0,0,0,1,0,1,0,0,0,0,0,0,0,0,0,0,0,1,0,0,,,kc1,traditional_file
0,record_1126,record_1126,.,,Unknown,15.0,1.0,1.0,1.0,0.0,0.0,0.0,0.0,0.0,0.0,0.0,0.0,0.0,0.0,0.0,0.0,0.0,0.0,0.0,0.0,1.0,1,1,0,0,0,0,0,0,0,0,0,0,0,0,1,0,1,0,0,0,0,0,0,0,0,0,0,0,1,0,0,,,kc1,traditional_file
0,record_1127,record_1127,.,,Unknown,15.0,1.0,1.0,1.0,0.0,0.0,0.0,0.0,0.0,0.0,0.0,0.0,0.0,0.0,0.0,0.0,0.0,0.0,0.0,0.0,1.0,1,1,0,0,0,0,0,0,0,0,0,0,0,0,1,0,1,0,0,0,0,0,0,0,0,0,0,0,1,0,0,,,kc1,traditional_file
0,record_1128,record_1128,.,,Unknown,19.0,2.0,1.0,2.0,0.0,0.0,0.0,0.0,0.0,0.0,0.0,0.0,0.0,0.0,0.0,0.0,0.0,0.0,0.0,0.0,3.0,1,1,0,0,0,0,0,0,0,0,0,0,0,0,1,0,1,0,0,0,0,0,0,0,0,0,0,0,1,0,0,,,kc1,traditional_file
0,record_1129,record_1129,.,,Unknown,1.0,1.0,1.0,1.0,4.0,8.0,0.67,1.5,5.33,12.0,0.0,0.67,0.0,0.0,0.0,0.0,3.0,1.0,3.0,1.0,1.0,1,1,0,0,0,0,0,0,0,0,0,0,0,0,1,0,1,0,0,0,0,0,0,0,0,0,0,0,1,0,0,,,kc1,traditional_file
0,record_1130,record_1130,.,,Unknown,15.0,1.0,1.0,1.0,0.0,0.0,0.0,0.0,0.0,0.0,0.0,0.0,0.0,0.0,0.0,0.0,0.0,0.0,0.0,0.0,1.0,1,1,0,0,0,0,0,0,0,0,0,0,0,0,1,0,1,0,0,0,0,0,0,0,0,0,0,0,1,0,0,,,kc1,traditional_file
0,record_1131,record_1131,.,,Unknown,2.0,1.0,1.0,1.0,6.0,15.51,0.4,2.5,6.2,38.77,0.01,2.15,0.0,0.0,0.0,0.0,5.0,1.0,5.0,1.0,1.0,1,1,0,0,0,0,0,0,0,0,0,0,0,0,1,0,1,0,0,0,0,0,0,0,0,0,0,0,1,0,0,,,kc1,traditional_file
0,record_1132,record_1132,.,,Unknown,38.0,3.0,1.0,3.0,0.0,0.0,0.0,0.0,0.0,0.0,0.0,0.0,0.0,0.0,0.0,0.0,0.0,0.0,0.0,0.0,5.0,1,1,0,0,0,0,0,0,0,0,0,0,0,0,1,0,1,0,0,0,0,0,0,0,0,0,0,0,1,0,0,,,kc1,traditional_file
0,record_1133,record_1133,.,,Unknown,44.0,5.0,3.0,4.0,95.0,487.28,0.1,10.05,48.51,4894.97,0.16,271.94,31.0,2.0,6.0,0.0,13.0,22.0,61.0,34.0,9.0,1,1,0,0,0,0,0,0,0,0,0,0,0,0,1,0,1,0,0,0,0,0,0,0,0,0,0,0,1,0,0,,,kc1,traditional_file
0,record_1134,record_1134,.,,Unknown,4.0,1.0,1.0,1.0,4.0,8.0,0.67,1.5,5.33,12.0,0.0,0.67,0.0,0.0,0.0,0.0,3.0,1.0,3.0,1.0,1.0,1,1,0,0,0,0,0,0,0,0,0,0,0,0,1,0,1,0,0,0,0,0,0,0,0,0,0,0,1,0,0,,,kc1,traditional_file
0,record_1135,record_1135,.,,Unknown,4.0,1.0,1.0,1.0,4.0,8.0,0.67,1.5,5.33,12.0,0.0,0.67,0.0,0.0,0.0,0.0,3.0,1.0,3.0,1.0,1.0,1,1,0,0,0,0,0,0,0,0,0,0,0,0,1,0,1,0,0,0,0,0,0,0,0,0,0,0,1,0,0,,,kc1,traditional_file
0,record_1136,record_1136,.,,Unknown,4.0,1.0,1.0,1.0,4.0,8.0,0.67,1.5,5.33,12.0,0.0,0.67,0.0,0.0,0.0,0.0,3.0,1.0,3.0,1.0,1.0,1,1,0,0,0,0,0,0,0,0,0,0,0,0,1,0,1,0,0,0,0,0,0,0,0,0,0,0,1,0,0,,,kc1,traditional_file
0,record_1137,record_1137,.,,Unknown,4.0,1.0,1.0,1.0,4.0,8.0,0.67,1.5,5.33,12.0,0.0,0.67,2.0,0.0,0.0,0.0,3.0,1.0,3.0,1.0,1.0,1,1,0,0,0,0,0,0,0,0,0,0,0,0,1,0,1,0,0,0,0,0,0,0,0,0,0,0,1,0,0,,,kc1,traditional_file
0,record_1138,record_1138,.,,Unknown,27.0,1.0,1.0,1.0,0.0,0.0,0.0,0.0,0.0,0.0,0.0,0.0,0.0,0.0,0.0,0.0,0.0,0.0,0.0,0.0,1.0,1,1,0,0,0,0,0,0,0,0,0,0,0,0,1,0,1,0,0,0,0,0,0,0,0,0,0,0,1,0,0,,,kc1,traditional_file
0,record_1139,record_1139,.,,Unknown,6.0,1.0,1.0,1.0,0.0,0.0,0.0,0.0,0.0,0.0,0.0,0.0,0.0,0.0,0.0,0.0,0.0,0.0,0.0,0.0,1.0,1,1,0,0,0,0,0,0,0,0,0,0,0,0,1,0,1,0,0,0,0,0,0,0,0,0,0,0,1,0,0,,,kc1,traditional_file
0,record_1140,record_1140,.,,Unknown,29.0,2.0,1.0,2.0,65.0,301.85,0.13,8.0,37.73,2414.81,0.1,134.16,19.0,1.0,4.0,0.0,10.0,15.0,41.0,24.0,3.0,1,1,0,0,0,0,0,0,0,0,0,0,0,0,1,0,1,0,0,0,0,0,0,0,0,0,0,0,1,0,0,,,kc1,traditional_file
0,record_1141,record_1141,.,,Unknown,38.0,1.0,1.0,1.0,0.0,0.0,0.0,0.0,0.0,0.0,0.0,0.0,0.0,0.0,0.0,0.0,0.0,0.0,0.0,0.0,1.0,1,1,0,0,0,0,0,0,0,0,0,0,0,0,1,0,1,0,0,0,0,0,0,0,0,0,0,0,1,0,0,,,kc1,traditional_file
0,record_1142,record_1142,.,,Unknown,23.0,2.0,1.0,2.0,68.0,315.78,0.12,8.16,38.72,2575.6,0.11,143.09,14.0,0.0,2.0,0.0,9.0,16.0,39.0,29.0,3.0,1,1,0,0,0,0,0,0,0,0,0,0,0,0,1,0,1,0,0,0,0,0,0,0,0,0,0,0,1,0,0,,,kc1,traditional_file
0,record_1143,record_1143,.,,Unknown,15.0,2.0,1.0,2.0,25.0,95.18,0.15,6.67,14.28,634.56,0.03,35.25,10.0,0.0,1.0,0.0,8.0,6.0,15.0,10.0,3.0,1,1,0,0,0,0,0,0,0,0,0,0,0,0,1,0,1,0,0,0,0,0,0,0,0,0,0,0,1,0,0,,,kc1,traditional_file
0,record_1144,record_1144,.,,Unknown,27.0,2.0,1.0,2.0,74.0,351.86,0.13,7.75,45.4,2726.93,0.12,151.5,15.0,0.0,5.0,0.0,9.0,18.0,43.0,31.0,3.0,1,1,0,0,0,0,0,0,0,0,0,0,0,0,1,0,1,0,0,0,0,0,0,0,0,0,0,0,1,0,0,,,kc1,traditional_file
0,record_1145,record_1145,.,,Unknown,26.0,1.0,1.0,1.0,0.0,0.0,0.0,0.0,0.0,0.0,0.0,0.0,0.0,0.0,0.0,0.0,0.0,0.0,0.0,0.0,1.0,1,1,0,0,0,0,0,0,0,0,0,0,0,0,1,0,1,0,0,0,0,0,0,0,0,0,0,0,1,0,0,,,kc1,traditional_file
0,record_1146,record_1146,.,,Unknown,24.0,1.0,1.0,1.0,0.0,0.0,0.0,0.0,0.0,0.0,0.0,0.0,0.0,0.0,0.0,0.0,0.0,0.0,0.0,0.0,1.0,1,1,0,0,0,0,0,0,0,0,0,0,0,0,1,0,1,0,0,0,0,0,0,0,0,0,0,0,1,0,0,,,kc1,traditional_file
0,record_1147,record_1147,.,,Unknown,6.0,1.0,1.0,1.0,0.0,0.0,0.0,0.0,0.0,0.0,0.0,0.0,0.0,0.0,0.0,0.0,0.0,0.0,0.0,0.0,1.0,1,1,0,0,0,0,0,0,0,0,0,0,0,0,1,0,1,0,0,0,0,0,0,0,0,0,0,0,1,0,0,,,kc1,traditional_file
0,record_1148,record_1148,.,,Unknown,23.0,2.0,1.0,2.0,46.0,202.05,0.17,6.0,33.67,1212.28,0.07,67.35,16.0,0.0,2.0,0.0,9.0,12.0,30.0,16.0,3.0,1,1,0,0,0,0,0,0,0,0,0,0,0,0,1,0,1,0,0,0,0,0,0,0,0,0,0,0,1,0,0,,,kc1,traditional_file
0,record_1149,record_1149,.,,Unknown,21.0,2.0,1.0,2.0,57.0,257.83,0.13,7.71,33.42,1989.07,0.09,110.5,13.0,0.0,2.0,0.0,9.0,14.0,33.0,24.0,3.0,1,1,0,0,0,0,0,0,0,0,0,0,0,0,1,0,1,0,0,0,0,0,0,0,0,0,0,0,1,0,0,,,kc1,traditional_file
0,record_1150,record_1150,.,,Unknown,15.0,2.0,1.0,2.0,25.0,95.18,0.15,6.67,14.28,634.56,0.03,35.25,10.0,0.0,1.0,0.0,8.0,6.0,15.0,10.0,3.0,1,1,0,0,0,0,0,0,0,0,0,0,0,0,1,0,1,0,0,0,0,0,0,0,0,0,0,0,1,0,0,,,kc1,traditional_file
0,record_1151,record_1151,.,,Unknown,26.0,2.0,1.0,2.0,74.0,351.86,0.13,7.75,45.4,2726.93,0.12,151.5,15.0,0.0,4.0,0.0,9.0,18.0,43.0,31.0,3.0,1,1,0,0,0,0,0,0,0,0,0,0,0,0,1,0,1,0,0,0,0,0,0,0,0,0,0,0,1,0,0,,,kc1,traditional_file
0,record_1152,record_1152,.,,Unknown,13.0,1.0,1.0,1.0,0.0,0.0,0.0,0.0,0.0,0.0,0.0,0.0,0.0,0.0,0.0,0.0,0.0,0.0,0.0,0.0,1.0,1,1,0,0,0,0,0,0,0,0,0,0,0,0,1,0,1,0,0,0,0,0,0,0,0,0,0,0,1,0,0,,,kc1,traditional_file
0,record_1153,record_1153,.,,Unknown,15.0,2.0,1.0,2.0,25.0,95.18,0.15,6.67,14.28,634.56,0.03,35.25,9.0,0.0,1.0,0.0,8.0,6.0,15.0,10.0,3.0,1,1,0,0,0,0,0,0,0,0,0,0,0,0,1,0,1,0,0,0,0,0,0,0,0,0,0,0,1,0,0,,,kc1,traditional_file
0,record_1154,record_1154,.,,Unknown,4.0,1.0,1.0,1.0,5.0,11.61,0.67,1.5,7.74,17.41,0.0,0.97,2.0,0.0,0.0,0.0,3.0,2.0,3.0,2.0,1.0,1,1,0,0,0,0,0,0,0,0,0,0,0,0,1,0,1,0,0,0,0,0,0,0,0,0,0,0,1,0,0,,,kc1,traditional_file
0,record_1155,record_1155,.,,Unknown,4.0,1.0,1.0,1.0,5.0,11.61,0.67,1.5,7.74,17.41,0.0,0.97,2.0,0.0,0.0,0.0,3.0,2.0,3.0,2.0,1.0,1,1,0,0,0,0,0,0,0,0,0,0,0,0,1,0,1,0,0,0,0,0,0,0,0,0,0,0,1,0,0,,,kc1,traditional_file
0,record_1156,record_1156,.,,Unknown,10.0,1.0,1.0,1.0,12.0,36.0,0.5,2.0,18.0,72.0,0.01,4.0,2.0,2.0,2.0,2.0,4.0,4.0,8.0,4.0,1.0,1,1,0,0,0,0,0,0,0,0,0,0,0,0,1,0,1,0,0,0,0,0,0,0,0,0,0,0,1,0,0,,,kc1,traditional_file
0,record_1157,record_1157,.,,Unknown,3.0,1.0,1.0,1.0,1.0,0.0,0.0,0.0,0.0,0.0,0.0,0.0,1.0,0.0,0.0,0.0,1.0,0.0,1.0,0.0,1.0,1,1,0,0,0,0,0,0,0,0,0,0,0,0,1,0,1,0,0,0,0,0,0,0,0,0,0,0,1,0,0,,,kc1,traditional_file
0,record_1158,record_1158,.,,Unknown,4.0,1.0,1.0,1.0,6.0,15.51,0.5,2.0,7.75,31.02,0.01,1.72,2.0,0.0,0.0,0.0,4.0,2.0,4.0,2.0,1.0,1,1,0,0,0,0,0,0,0,0,0,0,0,0,1,0,1,0,0,0,0,0,0,0,0,0,0,0,1,0,0,,,kc1,traditional_file
0,record_1159,record_1159,.,,Unknown,3.0,1.0,1.0,1.0,1.0,0.0,0.0,0.0,0.0,0.0,0.0,0.0,1.0,0.0,0.0,0.0,1.0,0.0,1.0,0.0,1.0,1,1,0,0,0,0,0,0,0,0,0,0,0,0,1,0,1,0,0,0,0,0,0,0,0,0,0,0,1,0,0,,,kc1,traditional_file
0,record_1160,record_1160,.,,Unknown,7.0,3.0,1.0,3.0,22.0,78.87,0.18,5.6,14.08,441.67,0.03,24.54,4.0,0.0,1.0,0.0,7.0,5.0,14.0,8.0,5.0,1,1,0,0,0,0,0,0,0,0,0,0,0,0,1,0,1,0,0,0,0,0,0,0,0,0,0,0,1,0,0,,,kc1,traditional_file
0,record_1161,record_1161,.,,Unknown,3.0,1.0,1.0,1.0,1.0,0.0,0.0,0.0,0.0,0.0,0.0,0.0,1.0,0.0,0.0,0.0,1.0,0.0,1.0,0.0,1.0,1,1,0,0,0,0,0,0,0,0,0,0,0,0,1,0,1,0,0,0,0,0,0,0,0,0,0,0,1,0,0,,,kc1,traditional_file
0,record_1162,record_1162,.,,Unknown,4.0,1.0,1.0,1.0,6.0,15.51,0.5,2.0,7.75,31.02,0.01,1.72,2.0,0.0,0.0,0.0,4.0,2.0,4.0,2.0,1.0,1,1,0,0,0,0,0,0,0,0,0,0,0,0,1,0,1,0,0,0,0,0,0,0,0,0,0,0,1,0,0,,,kc1,traditional_file
0,record_1163,record_1163,.,,Unknown,3.0,1.0,1.0,1.0,1.0,0.0,0.0,0.0,0.0,0.0,0.0,0.0,1.0,0.0,0.0,0.0,1.0,0.0,1.0,0.0,1.0,1,1,0,0,0,0,0,0,0,0,0,0,0,0,1,0,1,0,0,0,0,0,0,0,0,0,0,0,1,0,0,,,kc1,traditional_file
0,record_1164,record_1164,.,,Unknown,7.0,3.0,1.0,3.0,22.0,78.87,0.18,5.6,14.08,441.67,0.03,24.54,4.0,0.0,1.0,0.0,7.0,5.0,14.0,8.0,5.0,1,1,0,0,0,0,0,0,0,0,0,0,0,0,1,0,1,0,0,0,0,0,0,0,0,0,0,0,1,0,0,,,kc1,traditional_file
0,record_1165,record_1165,.,,Unknown,3.0,1.0,1.0,1.0,1.0,0.0,0.0,0.0,0.0,0.0,0.0,0.0,1.0,0.0,0.0,0.0,1.0,0.0,1.0,0.0,1.0,1,1,0,0,0,0,0,0,0,0,0,0,0,0,1,0,1,0,0,0,0,0,0,0,0,0,0,0,1,0,0,,,kc1,traditional_file
0,record_1166,record_1166,.,,Unknown,3.0,1.0,1.0,1.0,1.0,0.0,0.0,0.0,0.0,0.0,0.0,0.0,1.0,0.0,0.0,0.0,1.0,0.0,1.0,0.0,1.0,1,1,0,0,0,0,0,0,0,0,0,0,0,0,1,0,1,0,0,0,0,0,0,0,0,0,0,0,1,0,0,,,kc1,traditional_file
0,record_1167,record_1167,.,,Unknown,59.0,11.0,1.0,11.0,138.0,724.21,0.07,14.67,49.35,10627.05,0.24,590.39,52.0,1.0,3.0,1.0,15.0,23.0,93.0,45.0,21.0,1,1,0,0,0,0,0,0,0,0,0,0,0,0,1,0,1,0,0,0,0,0,0,0,0,0,0,0,1,0,0,,,kc1,traditional_file
0,record_1168,record_1168,.,,Unknown,66.0,6.0,1.0,6.0,153.0,791.0,0.06,15.83,49.98,12518.41,0.26,695.47,51.0,4.0,9.0,0.0,13.0,23.0,97.0,56.0,11.0,1,1,0,0,0,0,0,0,0,0,0,0,0,0,1,0,1,0,0,0,0,0,0,0,0,0,0,0,1,0,0,,,kc1,traditional_file
0,record_1169,record_1169,.,,Unknown,26.0,1.0,1.0,1.0,56.0,245.97,0.13,8.0,30.75,1967.76,0.08,109.32,15.0,2.0,7.0,0.0,8.0,13.0,30.0,26.0,1.0,1,1,0,0,0,0,0,0,0,0,0,0,0,0,1,0,1,0,0,0,0,0,0,0,0,0,0,0,1,0,0,,,kc1,traditional_file
0,record_1170,record_1170,.,,Unknown,17.0,3.0,3.0,3.0,29.0,116.0,0.13,7.5,15.47,870.0,0.04,48.33,12.0,1.0,1.0,0.0,10.0,6.0,20.0,9.0,5.0,1,1,0,0,0,0,0,0,0,0,0,0,0,0,1,0,1,0,0,0,0,0,0,0,0,0,0,0,1,0,0,,,kc1,traditional_file
0,record_1171,record_1171,.,,Unknown,34.0,9.0,7.0,6.0,83.0,399.01,0.06,16.73,23.85,6675.75,0.13,370.88,24.0,0.0,6.0,0.0,15.0,13.0,54.0,29.0,17.0,1,1,0,0,0,0,0,0,0,0,0,0,0,0,1,0,1,0,0,0,0,0,0,0,0,0,0,0,1,0,0,,,kc1,traditional_file
0,record_1172,record_1172,.,,Unknown,25.0,3.0,1.0,3.0,68.0,326.9,0.09,11.0,29.72,3595.9,0.11,199.77,21.0,0.0,1.0,0.0,14.0,14.0,46.0,22.0,5.0,1,1,0,0,0,0,0,0,0,0,0,0,0,0,1,0,1,0,0,0,0,0,0,0,0,0,0,0,1,0,0,,,kc1,traditional_file
0,record_1173,record_1173,.,,Unknown,12.0,1.0,1.0,1.0,17.0,62.91,0.24,4.08,15.41,256.87,0.02,14.27,5.0,2.0,2.0,0.0,7.0,6.0,10.0,7.0,1.0,1,1,0,0,0,0,0,0,0,0,0,0,0,0,1,0,1,0,0,0,0,0,0,0,0,0,0,0,1,0,0,,,kc1,traditional_file
0,record_1174,record_1174,.,,Unknown,63.0,7.0,6.0,7.0,144.0,766.36,0.06,18.0,42.58,13794.44,0.26,766.36,52.0,2.0,5.0,1.0,18.0,22.0,100.0,44.0,13.0,1,1,0,0,0,0,0,0,0,0,0,0,0,0,1,0,1,0,0,0,0,0,0,0,0,0,0,0,1,0,0,,,kc1,traditional_file
0,record_1175,record_1175,.,,Unknown,17.0,2.0,1.0,2.0,35.0,145.95,0.13,7.5,19.46,1094.61,0.05,60.81,14.0,0.0,0.0,0.0,10.0,8.0,23.0,12.0,3.0,1,1,0,0,0,0,0,0,0,0,0,0,0,0,1,0,1,0,0,0,0,0,0,0,0,0,0,0,1,0,0,,,kc1,traditional_file
0,record_1176,record_1176,.,,Unknown,61.0,7.0,6.0,7.0,144.0,766.36,0.06,18.0,42.58,13794.44,0.26,766.36,50.0,2.0,5.0,1.0,18.0,22.0,100.0,44.0,13.0,1,1,0,0,0,0,0,0,0,0,0,0,0,0,1,0,1,0,0,0,0,0,0,0,0,0,0,0,1,0,0,,,kc1,traditional_file
0,record_1177,record_1177,.,,Unknown,16.0,2.0,1.0,2.0,32.0,125.02,0.13,7.5,16.67,937.65,0.04,52.09,14.0,0.0,0.0,0.0,9.0,6.0,22.0,10.0,3.0,1,1,0,0,0,0,0,0,0,0,0,0,0,0,1,0,1,0,0,0,0,0,0,0,0,0,0,0,1,0,0,,,kc1,traditional_file
0,record_1178,record_1178,.,,Unknown,19.0,2.0,1.0,2.0,41.0,177.2,0.14,7.0,25.31,1240.39,0.06,68.91,17.0,0.0,0.0,0.0,10.0,10.0,27.0,14.0,3.0,1,1,0,0,0,0,0,0,0,0,0,0,0,0,1,0,1,0,0,0,0,0,0,0,0,0,0,0,1,0,0,,,kc1,traditional_file
0,record_1179,record_1179,.,,Unknown,11.0,1.0,1.0,1.0,15.0,49.83,0.27,3.75,13.29,186.86,0.02,10.38,5.0,2.0,2.0,0.0,6.0,4.0,10.0,5.0,1.0,1,1,0,0,0,0,0,0,0,0,0,0,0,0,1,0,1,0,0,0,0,0,0,0,0,0,0,0,1,0,0,,,kc1,traditional_file
0,record_1180,record_1180,.,,Unknown,19.0,2.0,1.0,2.0,37.0,159.91,0.15,6.5,24.6,1039.42,0.05,57.75,17.0,0.0,0.0,0.0,10.0,10.0,24.0,13.0,3.0,1,1,0,0,0,0,0,0,0,0,0,0,0,0,1,0,1,0,0,0,0,0,0,0,0,0,0,0,1,0,0,,,kc1,traditional_file
0,record_1181,record_1181,.,,Unknown,19.0,2.0,1.0,2.0,41.0,177.2,0.14,7.0,25.31,1240.39,0.06,68.91,17.0,0.0,0.0,0.0,10.0,10.0,27.0,14.0,3.0,1,1,0,0,0,0,0,0,0,0,0,0,0,0,1,0,1,0,0,0,0,0,0,0,0,0,0,0,1,0,0,,,kc1,traditional_file
0,record_1182,record_1182,.,,Unknown,18.0,2.0,1.0,2.0,39.0,165.67,0.14,7.22,22.94,1196.5,0.06,66.47,16.0,0.0,0.0,0.0,10.0,9.0,26.0,13.0,3.0,1,1,0,0,0,0,0,0,0,0,0,0,0,0,1,0,1,0,0,0,0,0,0,0,0,0,0,0,1,0,0,,,kc1,traditional_file
0,record_1183,record_1183,.,,Unknown,39.0,4.0,3.0,4.0,101.0,509.48,0.07,14.74,34.57,7508.18,0.17,417.12,27.0,3.0,6.0,1.0,14.0,19.0,61.0,40.0,7.0,1,1,0,0,0,0,0,0,0,0,0,0,0,0,1,0,1,0,0,0,0,0,0,0,0,0,0,0,1,0,0,,,kc1,traditional_file
0,record_1184,record_1184,.,,Unknown,60.0,10.0,1.0,10.0,137.0,713.7,0.07,14.0,50.98,9991.73,0.24,555.1,54.0,1.0,3.0,0.0,14.0,23.0,91.0,46.0,19.0,1,1,0,0,0,0,0,0,0,0,0,0,0,0,1,0,1,0,0,0,0,0,0,0,0,0,0,0,1,0,0,,,kc1,traditional_file
0,record_1185,record_1185,.,,Unknown,17.0,3.0,3.0,3.0,29.0,116.0,0.13,7.5,15.47,870.0,0.04,48.33,12.0,0.0,2.0,0.0,10.0,6.0,20.0,9.0,5.0,1,1,0,0,0,0,0,0,0,0,0,0,0,0,1,0,1,0,0,0,0,0,0,0,0,0,0,0,1,0,0,,,kc1,traditional_file
0,record_1186,record_1186,.,,Unknown,13.0,2.0,1.0,2.0,26.0,98.99,0.12,8.1,12.22,801.83,0.03,44.55,10.0,0.0,1.0,0.0,9.0,5.0,17.0,9.0,3.0,1,1,0,0,0,0,0,0,0,0,0,0,0,0,1,0,1,0,0,0,0,0,0,0,0,0,0,0,1,0,0,,,kc1,traditional_file
0,record_1187,record_1187,.,,Unknown,13.0,2.0,1.0,2.0,26.0,98.99,0.12,8.1,12.22,801.83,0.03,44.55,10.0,0.0,1.0,0.0,9.0,5.0,17.0,9.0,3.0,1,1,0,0,0,0,0,0,0,0,0,0,0,0,1,0,1,0,0,0,0,0,0,0,0,0,0,0,1,0,0,,,kc1,traditional_file
0,record_1188,record_1188,.,,Unknown,23.0,6.0,4.0,5.0,53.0,243.0,0.06,15.83,15.35,3847.55,0.08,213.75,18.0,0.0,1.0,0.0,15.0,9.0,34.0,19.0,11.0,1,1,0,0,0,0,0,0,0,0,0,0,0,0,1,0,1,0,0,0,0,0,0,0,0,0,0,0,1,0,0,,,kc1,traditional_file
0,record_1189,record_1189,.,,Unknown,149.0,25.0,19.0,25.0,401.0,2432.5,0.03,30.36,80.13,73847.58,0.81,4102.64,114.0,9.0,16.0,8.0,21.0,46.0,268.0,133.0,49.0,1,1,0,0,0,0,0,0,0,0,0,0,0,0,1,0,1,0,0,0,0,0,0,0,0,0,0,0,1,0,0,,,kc1,traditional_file
0,record_1190,record_1190,.,,Unknown,25.0,1.0,1.0,1.0,71.0,325.53,0.1,9.64,33.76,3139.06,0.11,174.39,18.0,3.0,1.0,0.0,10.0,14.0,44.0,27.0,1.0,1,1,0,0,0,0,0,0,0,0,0,0,0,0,1,0,1,0,0,0,0,0,0,0,0,0,0,0,1,0,0,,,kc1,traditional_file
0,record_1191,record_1191,.,,Unknown,41.0,5.0,3.0,5.0,102.0,518.91,0.1,10.52,49.31,5461.03,0.17,303.39,36.0,1.0,2.0,0.0,13.0,21.0,68.0,34.0,8.0,1,1,0,0,0,0,0,0,0,0,0,0,0,0,1,0,1,0,0,0,0,0,0,0,0,0,0,0,1,0,0,,,kc1,traditional_file
0,record_1192,record_1192,.,,Unknown,5.0,1.0,1.0,1.0,4.0,8.0,1.0,1.0,8.0,8.0,0.0,0.44,2.0,0.0,0.0,0.0,2.0,2.0,2.0,2.0,1.0,1,1,0,0,0,0,0,0,0,0,0,0,0,0,1,0,1,0,0,0,0,0,0,0,0,0,0,0,1,0,0,,,kc1,traditional_file
0,record_1193,record_1193,.,,Unknown,3.0,1.0,1.0,1.0,4.0,8.0,1.0,1.0,8.0,8.0,0.0,0.44,2.0,0.0,0.0,0.0,2.0,2.0,2.0,2.0,1.0,1,1,0,0,0,0,0,0,0,0,0,0,0,0,1,0,1,0,0,0,0,0,0,0,0,0,0,0,1,0,0,,,kc1,traditional_file
0,record_1194,record_1194,.,,Unknown,12.0,1.0,1.0,1.0,10.0,31.7,0.42,2.4,13.21,76.08,0.01,4.23,7.0,0.0,0.0,0.0,4.0,5.0,4.0,6.0,1.0,1,1,0,0,0,0,0,0,0,0,0,0,0,0,1,0,1,0,0,0,0,0,0,0,0,0,0,0,1,0,0,,,kc1,traditional_file
0,record_1195,record_1195,.,,Unknown,2.0,1.0,1.0,1.0,3.0,4.75,1.0,1.0,4.75,4.75,0.0,0.26,0.0,0.0,0.0,0.0,2.0,1.0,2.0,1.0,1.0,1,1,0,0,0,0,0,0,0,0,0,0,0,0,1,0,1,0,0,0,0,0,0,0,0,0,0,0,1,0,0,,,kc1,traditional_file
0,record_1196,record_1196,.,,Unknown,2.0,1.0,1.0,1.0,4.0,8.0,1.0,1.0,8.0,8.0,0.0,0.44,1.0,0.0,0.0,0.0,2.0,2.0,2.0,2.0,1.0,1,1,0,0,0,0,0,0,0,0,0,0,0,0,1,0,1,0,0,0,0,0,0,0,0,0,0,0,1,0,0,,,kc1,traditional_file
0,record_1197,record_1197,.,,Unknown,37.0,5.0,3.0,5.0,93.0,469.13,0.09,11.42,41.08,5357.94,0.16,297.66,33.0,1.0,2.0,0.0,14.0,19.0,62.0,31.0,8.0,1,1,0,0,0,0,0,0,0,0,0,0,0,0,1,0,1,0,0,0,0,0,0,0,0,0,0,0,1,0,0,,,kc1,traditional_file
0,record_1198,record_1198,.,,Unknown,2.0,1.0,1.0,1.0,3.0,4.75,1.0,1.0,4.75,4.75,0.0,0.26,0.0,0.0,0.0,0.0,2.0,1.0,2.0,1.0,1.0,1,1,0,0,0,0,0,0,0,0,0,0,0,0,1,0,1,0,0,0,0,0,0,0,0,0,0,0,1,0,0,,,kc1,traditional_file
0,record_1199,record_1199,.,,Unknown,2.0,1.0,1.0,1.0,3.0,4.75,1.0,1.0,4.75,4.75,0.0,0.26,0.0,0.0,0.0,0.0,2.0,1.0,2.0,1.0,1.0,1,1,0,0,0,0,0,0,0,0,0,0,0,0,1,0,1,0,0,0,0,0,0,0,0,0,0,0,1,0,0,,,kc1,traditional_file
0,record_1200,record_1200,.,,Unknown,8.0,1.0,1.0,1.0,11.0,36.54,0.4,2.5,14.62,91.35,0.01,5.08,4.0,0.0,0.0,1.0,5.0,5.0,6.0,5.0,1.0,1,1,0,0,0,0,0,0,0,0,0,0,0,0,1,0,1,0,0,0,0,0,0,0,0,0,0,0,1,0,0,,,kc1,traditional_file
0,record_1201,record_1201,.,,Unknown,32.0,4.0,3.0,4.0,88.0,440.0,0.1,9.92,44.35,4365.26,0.15,242.51,28.0,1.0,2.0,0.0,13.0,19.0,59.0,29.0,7.0,1,1,0,0,0,0,0,0,0,0,0,0,0,0,1,0,1,0,0,0,0,0,0,0,0,0,0,0,1,0,0,,,kc1,traditional_file
0,record_1202,record_1202,.,,Unknown,2.0,1.0,1.0,1.0,4.0,8.0,1.0,1.0,8.0,8.0,0.0,0.44,1.0,0.0,0.0,0.0,2.0,2.0,2.0,2.0,1.0,1,1,0,0,0,0,0,0,0,0,0,0,0,0,1,0,1,0,0,0,0,0,0,0,0,0,0,0,1,0,0,,,kc1,traditional_file
0,record_1203,record_1203,.,,Unknown,13.0,1.0,1.0,1.0,10.0,31.7,0.42,2.4,13.21,76.08,0.01,4.23,7.0,0.0,1.0,0.0,4.0,5.0,4.0,6.0,1.0,1,1,0,0,0,0,0,0,0,0,0,0,0,0,1,0,1,0,0,0,0,0,0,0,0,0,0,0,1,0,0,,,kc1,traditional_file
0,record_1204,record_1204,.,,Unknown,37.0,5.0,3.0,5.0,91.0,455.0,0.09,10.61,42.9,4825.39,0.15,268.08,33.0,1.0,2.0,0.0,13.0,19.0,60.0,31.0,8.0,1,1,0,0,0,0,0,0,0,0,0,0,0,0,1,0,1,0,0,0,0,0,0,0,0,0,0,0,1,0,0,,,kc1,traditional_file
0,record_1205,record_1205,.,,Unknown,2.0,1.0,1.0,1.0,4.0,8.0,1.0,1.0,8.0,8.0,0.0,0.44,1.0,0.0,0.0,0.0,2.0,2.0,2.0,2.0,1.0,1,1,0,0,0,0,0,0,0,0,0,0,0,0,1,0,1,0,0,0,0,0,0,0,0,0,0,0,1,0,0,,,kc1,traditional_file
0,record_1206,record_1206,.,,Unknown,11.0,1.0,1.0,1.0,9.0,27.0,0.4,2.5,10.8,67.5,0.01,3.75,6.0,0.0,1.0,0.0,4.0,4.0,4.0,5.0,1.0,1,1,0,0,0,0,0,0,0,0,0,0,0,0,1,0,1,0,0,0,0,0,0,0,0,0,0,0,1,0,0,,,kc1,traditional_file
0,record_1207,record_1207,.,,Unknown,2.0,1.0,1.0,1.0,4.0,8.0,1.0,1.0,8.0,8.0,0.0,0.44,1.0,0.0,0.0,0.0,2.0,2.0,2.0,2.0,1.0,1,1,0,0,0,0,0,0,0,0,0,0,0,0,1,0,1,0,0,0,0,0,0,0,0,0,0,0,1,0,0,,,kc1,traditional_file
0,record_1208,record_1208,.,,Unknown,33.0,4.0,3.0,4.0,88.0,440.0,0.1,9.92,44.35,4365.26,0.15,242.51,27.0,1.0,3.0,0.0,13.0,19.0,59.0,29.0,7.0,1,1,0,0,0,0,0,0,0,0,0,0,0,0,1,0,1,0,0,0,0,0,0,0,0,0,0,0,1,0,0,,,kc1,traditional_file
0,record_1209,record_1209,.,,Unknown,13.0,1.0,1.0,1.0,10.0,31.7,0.42,2.4,13.21,76.08,0.01,4.23,7.0,0.0,1.0,0.0,4.0,5.0,4.0,6.0,1.0,1,1,0,0,0,0,0,0,0,0,0,0,0,0,1,0,1,0,0,0,0,0,0,0,0,0,0,0,1,0,0,,,kc1,traditional_file
0,record_1210,record_1210,.,,Unknown,16.0,3.0,1.0,3.0,32.0,125.02,0.1,9.75,12.82,1218.95,0.04,67.72,14.0,0.0,0.0,0.0,9.0,6.0,19.0,13.0,5.0,1,1,0,0,0,0,0,0,0,0,0,0,0,0,1,0,1,0,0,0,0,0,0,0,0,0,0,0,1,0,0,,,kc1,traditional_file
0,record_1211,record_1211,.,,Unknown,2.0,1.0,1.0,1.0,3.0,4.75,1.0,1.0,4.75,4.75,0.0,0.26,0.0,0.0,0.0,0.0,2.0,1.0,2.0,1.0,1.0,1,1,0,0,0,0,0,0,0,0,0,0,0,0,1,0,1,0,0,0,0,0,0,0,0,0,0,0,1,0,0,,,kc1,traditional_file
0,record_1212,record_1212,.,,Unknown,4.0,1.0,1.0,1.0,3.0,4.75,1.0,1.0,4.75,4.75,0.0,0.26,1.0,0.0,0.0,0.0,2.0,1.0,2.0,1.0,1.0,1,1,0,0,0,0,0,0,0,0,0,0,0,0,1,0,1,0,0,0,0,0,0,0,0,0,0,0,1,0,0,,,kc1,traditional_file
0,record_1213,record_1213,.,,Unknown,30.0,1.0,1.0,1.0,94.0,474.17,0.18,5.6,84.67,2655.37,0.16,147.52,23.0,1.0,2.0,1.0,8.0,25.0,59.0,35.0,1.0,1,1,0,0,0,0,0,0,0,0,0,0,0,0,1,0,1,0,0,0,0,0,0,0,0,0,0,0,1,0,0,,,kc1,traditional_file
0,record_1214,record_1214,.,,Unknown,4.0,1.0,1.0,1.0,3.0,4.75,1.0,1.0,4.75,4.75,0.0,0.26,0.0,0.0,0.0,0.0,2.0,1.0,2.0,1.0,1.0,1,1,0,0,0,0,0,0,0,0,0,0,0,0,1,0,1,0,0,0,0,0,0,0,0,0,0,0,1,0,0,,,kc1,traditional_file
0,record_1215,record_1215,.,,Unknown,6.0,1.0,1.0,1.0,10.0,31.7,0.4,2.5,12.68,79.25,0.01,4.4,1.0,0.0,0.0,0.0,5.0,4.0,6.0,4.0,1.0,1,1,0,0,0,0,0,0,0,0,0,0,0,0,1,0,1,0,0,0,0,0,0,0,0,0,0,0,1,0,0,,,kc1,traditional_file
0,record_1216,record_1216,.,,Unknown,6.0,1.0,1.0,1.0,10.0,31.7,0.4,2.5,12.68,79.25,0.01,4.4,1.0,0.0,0.0,0.0,5.0,4.0,6.0,4.0,1.0,1,1,0,0,0,0,0,0,0,0,0,0,0,0,1,0,1,0,0,0,0,0,0,0,0,0,0,0,1,0,0,,,kc1,traditional_file
0,record_1217,record_1217,.,,Unknown,62.0,11.0,11.0,11.0,176.0,936.66,0.05,21.8,42.96,20423.25,0.31,1134.62,53.0,1.0,6.0,0.0,17.0,23.0,117.0,59.0,21.0,1,1,0,0,0,0,0,0,0,0,0,0,0,0,1,0,1,0,0,0,0,0,0,0,0,0,0,0,1,0,0,,,kc1,traditional_file
0,record_1218,record_1218,.,,Unknown,2.0,1.0,1.0,1.0,4.0,8.0,0.67,1.5,5.33,12.0,0.0,0.67,0.0,0.0,0.0,0.0,3.0,1.0,3.0,1.0,1.0,1,1,0,0,0,0,0,0,0,0,0,0,0,0,1,0,1,0,0,0,0,0,0,0,0,0,0,0,1,0,0,,,kc1,traditional_file
0,record_1219,record_1219,.,,Unknown,2.0,1.0,1.0,1.0,4.0,8.0,0.67,1.5,5.33,12.0,0.0,0.67,0.0,0.0,0.0,0.0,3.0,1.0,3.0,1.0,1.0,1,1,0,0,0,0,0,0,0,0,0,0,0,0,1,0,1,0,0,0,0,0,0,0,0,0,0,0,1,0,0,,,kc1,traditional_file
0,record_1220,record_1220,.,,Unknown,2.0,1.0,1.0,1.0,4.0,8.0,0.67,1.5,5.33,12.0,0.0,0.67,0.0,0.0,0.0,0.0,3.0,1.0,3.0,1.0,1.0,1,1,0,0,0,0,0,0,0,0,0,0,0,0,1,0,1,0,0,0,0,0,0,0,0,0,0,0,1,0,0,,,kc1,traditional_file
0,record_1221,record_1221,.,,Unknown,2.0,1.0,1.0,1.0,4.0,8.0,0.67,1.5,5.33,12.0,0.0,0.67,0.0,0.0,0.0,0.0,3.0,1.0,3.0,1.0,1.0,1,1,0,0,0,0,0,0,0,0,0,0,0,0,1,0,1,0,0,0,0,0,0,0,0,0,0,0,1,0,0,,,kc1,traditional_file
0,record_1222,record_1222,.,,Unknown,1.0,1.0,1.0,1.0,4.0,8.0,0.67,1.5,5.33,12.0,0.0,0.67,0.0,0.0,0.0,0.0,3.0,1.0,3.0,1.0,1.0,1,1,0,0,0,0,0,0,0,0,0,0,0,0,1,0,1,0,0,0,0,0,0,0,0,0,0,0,1,0,0,,,kc1,traditional_file
0,record_1223,record_1223,.,,Unknown,1.0,1.0,1.0,1.0,4.0,8.0,0.67,1.5,5.33,12.0,0.0,0.67,0.0,0.0,0.0,0.0,3.0,1.0,3.0,1.0,1.0,1,1,0,0,0,0,0,0,0,0,0,0,0,0,1,0,1,0,0,0,0,0,0,0,0,0,0,0,1,0,0,,,kc1,traditional_file
0,record_1224,record_1224,.,,Unknown,1.0,1.0,1.0,1.0,4.0,8.0,0.67,1.5,5.33,12.0,0.0,0.67,0.0,0.0,0.0,0.0,3.0,1.0,3.0,1.0,1.0,1,1,0,0,0,0,0,0,0,0,0,0,0,0,1,0,1,0,0,0,0,0,0,0,0,0,0,0,1,0,0,,,kc1,traditional_file
0,record_1225,record_1225,.,,Unknown,1.0,1.0,1.0,1.0,4.0,8.0,0.67,1.5,5.33,12.0,0.0,0.67,0.0,0.0,0.0,0.0,3.0,1.0,3.0,1.0,1.0,1,1,0,0,0,0,0,0,0,0,0,0,0,0,1,0,1,0,0,0,0,0,0,0,0,0,0,0,1,0,0,,,kc1,traditional_file
0,record_1226,record_1226,.,,Unknown,1.0,1.0,1.0,1.0,4.0,8.0,0.67,1.5,5.33,12.0,0.0,0.67,0.0,0.0,0.0,0.0,3.0,1.0,3.0,1.0,1.0,1,1,0,0,0,0,0,0,0,0,0,0,0,0,1,0,1,0,0,0,0,0,0,0,0,0,0,0,1,0,0,,,kc1,traditional_file
0,record_1227,record_1227,.,,Unknown,1.0,1.0,1.0,1.0,4.0,8.0,0.67,1.5,5.33,12.0,0.0,0.67,0.0,0.0,0.0,0.0,3.0,1.0,3.0,1.0,1.0,1,1,0,0,0,0,0,0,0,0,0,0,0,0,1,0,1,0,0,0,0,0,0,0,0,0,0,0,1,0,0,,,kc1,traditional_file
0,record_1228,record_1228,.,,Unknown,1.0,1.0,1.0,1.0,4.0,8.0,0.67,1.5,5.33,12.0,0.0,0.67,0.0,0.0,0.0,0.0,3.0,1.0,3.0,1.0,1.0,1,1,0,0,0,0,0,0,0,0,0,0,0,0,1,0,1,0,0,0,0,0,0,0,0,0,0,0,1,0,0,,,kc1,traditional_file
0,record_1229,record_1229,.,,Unknown,1.0,1.0,1.0,1.0,4.0,8.0,0.67,1.5,5.33,12.0,0.0,0.67,0.0,0.0,0.0,0.0,3.0,1.0,3.0,1.0,1.0,1,1,0,0,0,0,0,0,0,0,0,0,0,0,1,0,1,0,0,0,0,0,0,0,0,0,0,0,1,0,0,,,kc1,traditional_file
0,record_1230,record_1230,.,,Unknown,1.0,1.0,1.0,1.0,4.0,8.0,0.67,1.5,5.33,12.0,0.0,0.67,0.0,0.0,0.0,0.0,3.0,1.0,3.0,1.0,1.0,1,1,0,0,0,0,0,0,0,0,0,0,0,0,1,0,1,0,0,0,0,0,0,0,0,0,0,0,1,0,0,,,kc1,traditional_file
0,record_1231,record_1231,.,,Unknown,25.0,3.0,1.0,3.0,57.0,250.36,0.1,9.55,26.23,2389.82,0.08,132.77,20.0,0.0,1.0,0.0,10.0,11.0,36.0,21.0,5.0,1,1,0,0,0,0,0,0,0,0,0,0,0,0,1,0,1,0,0,0,0,0,0,0,0,0,0,0,1,0,0,,,kc1,traditional_file
0,record_1232,record_1232,.,,Unknown,25.0,3.0,1.0,3.0,57.0,250.36,0.1,9.55,26.23,2389.82,0.08,132.77,20.0,0.0,1.0,0.0,10.0,11.0,36.0,21.0,5.0,1,1,0,0,0,0,0,0,0,0,0,0,0,0,1,0,1,0,0,0,0,0,0,0,0,0,0,0,1,0,0,,,kc1,traditional_file
0,record_1233,record_1233,.,,Unknown,25.0,3.0,1.0,3.0,57.0,250.36,0.1,9.55,26.23,2389.82,0.08,132.77,20.0,0.0,1.0,0.0,10.0,11.0,36.0,21.0,5.0,1,1,0,0,0,0,0,0,0,0,0,0,0,0,1,0,1,0,0,0,0,0,0,0,0,0,0,0,1,0,0,,,kc1,traditional_file
0,record_1234,record_1234,.,,Unknown,25.0,3.0,1.0,3.0,57.0,250.36,0.1,9.55,26.23,2389.82,0.08,132.77,20.0,0.0,1.0,0.0,10.0,11.0,36.0,21.0,5.0,1,1,0,0,0,0,0,0,0,0,0,0,0,0,1,0,1,0,0,0,0,0,0,0,0,0,0,0,1,0,0,,,kc1,traditional_file
0,record_1235,record_1235,.,,Unknown,25.0,3.0,1.0,3.0,57.0,250.36,0.1,9.55,26.23,2389.82,0.08,132.77,20.0,0.0,1.0,0.0,10.0,11.0,36.0,21.0,5.0,1,1,0,0,0,0,0,0,0,0,0,0,0,0,1,0,1,0,0,0,0,0,0,0,0,0,0,0,1,0,0,,,kc1,traditional_file
0,record_1236,record_1236,.,,Unknown,1.0,1.0,1.0,1.0,4.0,8.0,0.67,1.5,5.33,12.0,0.0,0.67,0.0,0.0,0.0,0.0,3.0,1.0,3.0,1.0,1.0,1,1,0,0,0,0,0,0,0,0,0,0,0,0,1,0,1,0,0,0,0,0,0,0,0,0,0,0,1,0,0,,,kc1,traditional_file
0,record_1237,record_1237,.,,Unknown,1.0,1.0,1.0,1.0,4.0,8.0,0.67,1.5,5.33,12.0,0.0,0.67,0.0,0.0,0.0,0.0,3.0,1.0,3.0,1.0,1.0,1,1,0,0,0,0,0,0,0,0,0,0,0,0,1,0,1,0,0,0,0,0,0,0,0,0,0,0,1,0,0,,,kc1,traditional_file
0,record_1238,record_1238,.,,Unknown,1.0,1.0,1.0,1.0,4.0,8.0,0.67,1.5,5.33,12.0,0.0,0.67,0.0,0.0,0.0,0.0,3.0,1.0,3.0,1.0,1.0,1,1,0,0,0,0,0,0,0,0,0,0,0,0,1,0,1,0,0,0,0,0,0,0,0,0,0,0,1,0,0,,,kc1,traditional_file
0,record_1239,record_1239,.,,Unknown,1.0,1.0,1.0,1.0,4.0,8.0,0.67,1.5,5.33,12.0,0.0,0.67,0.0,0.0,0.0,0.0,3.0,1.0,3.0,1.0,1.0,1,1,0,0,0,0,0,0,0,0,0,0,0,0,1,0,1,0,0,0,0,0,0,0,0,0,0,0,1,0,0,,,kc1,traditional_file
0,record_1240,record_1240,.,,Unknown,1.0,1.0,1.0,1.0,4.0,8.0,0.67,1.5,5.33,12.0,0.0,0.67,0.0,0.0,0.0,0.0,3.0,1.0,3.0,1.0,1.0,1,1,0,0,0,0,0,0,0,0,0,0,0,0,1,0,1,0,0,0,0,0,0,0,0,0,0,0,1,0,0,,,kc1,traditional_file
0,record_1241,record_1241,.,,Unknown,1.0,1.0,1.0,1.0,4.0,8.0,0.67,1.5,5.33,12.0,0.0,0.67,0.0,0.0,0.0,0.0,3.0,1.0,3.0,1.0,1.0,1,1,0,0,0,0,0,0,0,0,0,0,0,0,1,0,1,0,0,0,0,0,0,0,0,0,0,0,1,0,0,,,kc1,traditional_file
0,record_1242,record_1242,.,,Unknown,42.0,5.0,3.0,4.0,87.0,438.86,0.07,14.58,30.09,6400.08,0.15,355.56,26.0,0.0,7.0,0.0,15.0,18.0,52.0,35.0,9.0,1,1,0,0,0,0,0,0,0,0,0,0,0,0,1,0,1,0,0,0,0,0,0,0,0,0,0,0,1,0,0,,,kc1,traditional_file
0,record_1243,record_1243,.,,Unknown,49.0,5.0,3.0,4.0,100.0,516.99,0.07,14.64,35.31,7570.25,0.17,420.57,32.0,1.0,7.0,0.0,15.0,21.0,59.0,41.0,9.0,1,1,0,0,0,0,0,0,0,0,0,0,0,0,1,0,1,0,0,0,0,0,0,0,0,0,0,0,1,0,0,,,kc1,traditional_file
0,record_1244,record_1244,.,,Unknown,48.0,5.0,3.0,5.0,100.0,508.75,0.06,16.18,31.43,8233.66,0.17,457.43,32.0,1.0,6.0,0.0,15.0,19.0,59.0,41.0,9.0,1,1,0,0,0,0,0,0,0,0,0,0,0,0,1,0,1,0,0,0,0,0,0,0,0,0,0,0,1,0,0,,,kc1,traditional_file
0,record_1245,record_1245,.,,Unknown,42.0,5.0,3.0,4.0,89.0,452.78,0.07,14.21,31.86,6434.3,0.15,357.46,27.0,0.0,6.0,0.0,15.0,19.0,53.0,36.0,9.0,1,1,0,0,0,0,0,0,0,0,0,0,0,0,1,0,1,0,0,0,0,0,0,0,0,0,0,0,1,0,0,,,kc1,traditional_file
0,record_1246,record_1246,.,,Unknown,1.0,1.0,1.0,1.0,4.0,8.0,0.67,1.5,5.33,12.0,0.0,0.67,0.0,0.0,0.0,0.0,3.0,1.0,3.0,1.0,1.0,1,1,0,0,0,0,0,0,0,0,0,0,0,0,1,0,1,0,0,0,0,0,0,0,0,0,0,0,1,0,0,,,kc1,traditional_file
0,record_1247,record_1247,.,,Unknown,1.0,1.0,1.0,1.0,4.0,8.0,0.67,1.5,5.33,12.0,0.0,0.67,0.0,0.0,0.0,0.0,3.0,1.0,3.0,1.0,1.0,1,1,0,0,0,0,0,0,0,0,0,0,0,0,1,0,1,0,0,0,0,0,0,0,0,0,0,0,1,0,0,,,kc1,traditional_file
0,record_1248,record_1248,.,,Unknown,8.0,1.0,1.0,1.0,17.0,58.81,0.28,3.6,16.34,211.72,0.02,11.76,6.0,0.0,0.0,0.0,6.0,5.0,11.0,6.0,1.0,1,1,0,0,0,0,0,0,0,0,0,0,0,0,1,0,1,0,0,0,0,0,0,0,0,0,0,0,1,0,0,,,kc1,traditional_file
0,record_1249,record_1249,.,,Unknown,136.0,19.0,9.0,18.0,334.0,2004.0,0.04,24.07,83.27,48229.6,0.67,2679.42,116.0,2.0,14.0,2.0,19.0,45.0,220.0,114.0,37.0,1,1,0,0,0,0,0,0,0,0,0,0,0,0,1,0,1,0,0,0,0,0,0,0,0,0,0,0,1,0,0,,,kc1,traditional_file
0,record_1250,record_1250,.,,Unknown,2.0,1.0,1.0,1.0,7.0,19.65,0.4,2.5,7.86,49.13,0.01,2.73,0.0,0.0,0.0,0.0,5.0,2.0,5.0,2.0,1.0,1,1,0,0,0,0,0,0,0,0,0,0,0,0,1,0,1,0,0,0,0,0,0,0,0,0,0,0,1,0,0,,,kc1,traditional_file
0,record_1251,record_1251,.,,Unknown,2.0,1.0,1.0,1.0,5.0,11.61,0.67,1.5,7.74,17.41,0.0,0.97,0.0,0.0,0.0,0.0,3.0,2.0,3.0,2.0,1.0,1,1,0,0,0,0,0,0,0,0,0,0,0,0,1,0,1,0,0,0,0,0,0,0,0,0,0,0,1,0,0,,,kc1,traditional_file
0,record_1252,record_1252,.,,Unknown,123.0,21.0,13.0,21.0,384.0,2312.59,0.03,35.32,65.48,81676.45,0.77,4537.58,107.0,5.0,8.0,1.0,21.0,44.0,236.0,148.0,41.0,1,1,0,0,0,0,0,0,0,0,0,0,0,0,1,0,1,0,0,0,0,0,0,0,0,0,0,0,1,0,0,,,kc1,traditional_file
0,record_1253,record_1253,.,,Unknown,2.0,1.0,1.0,1.0,4.0,8.0,0.67,1.5,5.33,12.0,0.0,0.67,0.0,0.0,0.0,0.0,3.0,1.0,3.0,1.0,1.0,1,1,0,0,0,0,0,0,0,0,0,0,0,0,1,0,1,0,0,0,0,0,0,0,0,0,0,0,1,0,0,,,kc1,traditional_file
0,record_1254,record_1254,.,,Unknown,2.0,1.0,1.0,1.0,4.0,8.0,0.67,1.5,5.33,12.0,0.0,0.67,0.0,0.0,0.0,0.0,3.0,1.0,3.0,1.0,1.0,1,1,0,0,0,0,0,0,0,0,0,0,0,0,1,0,1,0,0,0,0,0,0,0,0,0,0,0,1,0,0,,,kc1,traditional_file
0,record_1255,record_1255,.,,Unknown,2.0,1.0,1.0,1.0,4.0,8.0,0.67,1.5,5.33,12.0,0.0,0.67,0.0,0.0,0.0,0.0,3.0,1.0,3.0,1.0,1.0,1,1,0,0,0,0,0,0,0,0,0,0,0,0,1,0,1,0,0,0,0,0,0,0,0,0,0,0,1,0,0,,,kc1,traditional_file
0,record_1256,record_1256,.,,Unknown,2.0,1.0,1.0,1.0,4.0,8.0,0.67,1.5,5.33,12.0,0.0,0.67,0.0,0.0,0.0,0.0,3.0,1.0,3.0,1.0,1.0,1,1,0,0,0,0,0,0,0,0,0,0,0,0,1,0,1,0,0,0,0,0,0,0,0,0,0,0,1,0,0,,,kc1,traditional_file
0,record_1257,record_1257,.,,Unknown,4.0,1.0,1.0,1.0,4.0,8.0,0.67,1.5,5.33,12.0,0.0,0.67,0.0,0.0,0.0,0.0,3.0,1.0,3.0,1.0,1.0,1,1,0,0,0,0,0,0,0,0,0,0,0,0,1,0,1,0,0,0,0,0,0,0,0,0,0,0,1,0,0,,,kc1,traditional_file
0,record_1258,record_1258,.,,Unknown,2.0,1.0,1.0,1.0,4.0,8.0,0.67,1.5,5.33,12.0,0.0,0.67,0.0,0.0,0.0,0.0,3.0,1.0,3.0,1.0,1.0,1,1,0,0,0,0,0,0,0,0,0,0,0,0,1,0,1,0,0,0,0,0,0,0,0,0,0,0,1,0,0,,,kc1,traditional_file
0,record_1259,record_1259,.,,Unknown,4.0,1.0,1.0,1.0,4.0,8.0,0.67,1.5,5.33,12.0,0.0,0.67,0.0,0.0,0.0,0.0,3.0,1.0,3.0,1.0,1.0,1,1,0,0,0,0,0,0,0,0,0,0,0,0,1,0,1,0,0,0,0,0,0,0,0,0,0,0,1,0,0,,,kc1,traditional_file
0,record_1260,record_1260,.,,Unknown,2.0,1.0,1.0,1.0,4.0,8.0,0.67,1.5,5.33,12.0,0.0,0.67,0.0,0.0,0.0,0.0,3.0,1.0,3.0,1.0,1.0,1,1,0,0,0,0,0,0,0,0,0,0,0,0,1,0,1,0,0,0,0,0,0,0,0,0,0,0,1,0,0,,,kc1,traditional_file
0,record_1261,record_1261,.,,Unknown,2.0,1.0,1.0,1.0,4.0,8.0,0.67,1.5,5.33,12.0,0.0,0.67,0.0,0.0,0.0,0.0,3.0,1.0,3.0,1.0,1.0,1,1,0,0,0,0,0,0,0,0,0,0,0,0,1,0,1,0,0,0,0,0,0,0,0,0,0,0,1,0,0,,,kc1,traditional_file
0,record_1262,record_1262,.,,Unknown,2.0,1.0,1.0,1.0,4.0,8.0,0.67,1.5,5.33,12.0,0.0,0.67,0.0,0.0,0.0,0.0,3.0,1.0,3.0,1.0,1.0,1,1,0,0,0,0,0,0,0,0,0,0,0,0,1,0,1,0,0,0,0,0,0,0,0,0,0,0,1,0,0,,,kc1,traditional_file
0,record_1263,record_1263,.,,Unknown,59.0,11.0,8.0,11.0,133.0,702.96,0.06,16.23,43.32,11407.1,0.23,633.73,49.0,2.0,6.0,0.0,17.0,22.0,91.0,42.0,21.0,1,1,0,0,0,0,0,0,0,0,0,0,0,0,1,0,1,0,0,0,0,0,0,0,0,0,0,0,1,0,0,,,kc1,traditional_file
0,record_1264,record_1264,.,,Unknown,91.0,17.0,10.0,17.0,204.0,1100.03,0.05,19.38,56.75,21323.71,0.37,1184.65,79.0,2.0,7.0,1.0,16.0,26.0,141.0,63.0,33.0,1,1,0,0,0,0,0,0,0,0,0,0,0,0,1,0,1,0,0,0,0,0,0,0,0,0,0,0,1,0,0,,,kc1,traditional_file
0,record_1265,record_1265,.,,Unknown,49.0,5.0,1.0,5.0,110.0,550.0,0.07,14.78,37.22,8127.78,0.18,451.54,40.0,2.0,4.0,1.0,14.0,18.0,72.0,38.0,9.0,1,1,0,0,0,0,0,0,0,0,0,0,0,0,1,0,1,0,0,0,0,0,0,0,0,0,0,0,1,0,0,,,kc1,traditional_file
0,record_1266,record_1266,.,,Unknown,77.0,13.0,8.0,13.0,196.0,1070.05,0.05,19.52,54.82,20885.76,0.36,1160.32,68.0,4.0,3.0,0.0,17.0,27.0,134.0,62.0,25.0,1,1,0,0,0,0,0,0,0,0,0,0,0,0,1,0,1,0,0,0,0,0,0,0,0,0,0,0,1,0,0,,,kc1,traditional_file
0,record_1267,record_1267,.,,Unknown,76.0,14.0,8.0,14.0,193.0,1047.27,0.06,18.07,57.94,18928.42,0.35,1051.58,69.0,0.0,5.0,0.0,16.0,27.0,132.0,61.0,27.0,1,1,0,0,0,0,0,0,0,0,0,0,0,0,1,0,1,0,0,0,0,0,0,0,0,0,0,0,1,0,0,,,kc1,traditional_file
0,record_1268,record_1268,.,,Unknown,54.0,9.0,1.0,9.0,96.0,480.0,0.08,12.06,39.82,5786.67,0.16,321.48,38.0,8.0,5.0,1.0,14.0,18.0,65.0,31.0,17.0,1,1,0,0,0,0,0,0,0,0,0,0,0,0,1,0,1,0,0,0,0,0,0,0,0,0,0,0,1,0,0,,,kc1,traditional_file
0,record_1269,record_1269,.,,Unknown,57.0,10.0,1.0,10.0,119.0,610.38,0.08,13.0,46.95,7935.0,0.2,440.83,47.0,0.0,8.0,0.0,14.0,21.0,80.0,39.0,19.0,1,1,0,0,0,0,0,0,0,0,0,0,0,0,1,0,1,0,0,0,0,0,0,0,0,0,0,0,1,0,0,,,kc1,traditional_file
0,record_1270,record_1270,.,,Unknown,7.0,1.0,1.0,1.0,13.0,39.0,0.3,3.33,11.7,130.0,0.01,7.22,5.0,0.0,0.0,0.0,5.0,3.0,9.0,4.0,1.0,1,1,0,0,0,0,0,0,0,0,0,0,0,0,1,0,1,0,0,0,0,0,0,0,0,0,0,0,1,0,0,,,kc1,traditional_file
0,record_1271,record_1271,.,,Unknown,92.0,10.0,3.0,10.0,219.0,1248.4,0.05,19.59,63.73,24453.88,0.42,1358.55,76.0,5.0,8.0,1.0,18.0,34.0,145.0,74.0,18.0,1,1,0,0,0,0,0,0,0,0,0,0,0,0,1,0,1,0,0,0,0,0,0,0,0,0,0,0,1,0,0,,,kc1,traditional_file
0,record_1272,record_1272,.,,Unknown,63.0,12.0,1.0,12.0,151.0,792.44,0.07,14.29,55.45,11325.25,0.26,629.18,57.0,2.0,2.0,0.0,14.0,24.0,102.0,49.0,23.0,1,1,0,0,0,0,0,0,0,0,0,0,0,0,1,0,1,0,0,0,0,0,0,0,0,0,0,0,1,0,0,,,kc1,traditional_file
0,record_1273,record_1273,.,,Unknown,48.0,8.0,1.0,8.0,113.0,574.88,0.07,13.65,42.12,7847.16,0.19,435.95,43.0,1.0,2.0,0.0,14.0,20.0,74.0,39.0,15.0,1,1,0,0,0,0,0,0,0,0,0,0,0,0,1,0,1,0,0,0,0,0,0,0,0,0,0,0,1,0,0,,,kc1,traditional_file
0,record_1274,record_1274,.,,Unknown,65.0,12.0,1.0,12.0,172.0,902.64,0.06,16.04,56.27,14479.91,0.3,804.44,60.0,1.0,2.0,0.0,14.0,24.0,117.0,55.0,23.0,1,1,0,0,0,0,0,0,0,0,0,0,0,0,1,0,1,0,0,0,0,0,0,0,0,0,0,0,1,0,0,,,kc1,traditional_file
0,record_1275,record_1275,.,,Unknown,18.0,4.0,4.0,3.0,34.0,141.78,0.12,8.64,16.4,1225.36,0.05,68.08,12.0,0.0,3.0,0.0,11.0,7.0,23.0,11.0,7.0,1,1,0,0,0,0,0,0,0,0,0,0,0,0,1,0,1,0,0,0,0,0,0,0,0,0,0,0,1,0,0,,,kc1,traditional_file
0,record_1276,record_1276,.,,Unknown,46.0,5.0,1.0,5.0,87.0,422.64,0.09,10.59,39.92,4475.06,0.14,248.61,38.0,0.0,6.0,0.0,12.0,17.0,57.0,30.0,9.0,1,1,0,0,0,0,0,0,0,0,0,0,0,0,1,0,1,0,0,0,0,0,0,0,0,0,0,0,1,0,0,,,kc1,traditional_file
0,record_1277,record_1277,.,,Unknown,7.0,1.0,1.0,1.0,13.0,39.0,0.3,3.33,11.7,130.0,0.01,7.22,5.0,0.0,0.0,0.0,5.0,3.0,9.0,4.0,1.0,1,1,0,0,0,0,0,0,0,0,0,0,0,0,1,0,1,0,0,0,0,0,0,0,0,0,0,0,1,0,0,,,kc1,traditional_file
0,record_1278,record_1278,.,,Unknown,43.0,4.0,1.0,4.0,64.0,300.83,0.11,9.43,31.91,2836.38,0.1,157.58,30.0,8.0,3.0,0.0,12.0,14.0,42.0,22.0,7.0,1,1,0,0,0,0,0,0,0,0,0,0,0,0,1,0,1,0,0,0,0,0,0,0,0,0,0,0,1,0,0,,,kc1,traditional_file
0,record_1279,record_1279,.,,Unknown,32.0,2.0,1.0,2.0,154.0,835.64,0.14,6.97,119.9,5824.19,0.28,323.57,25.0,0.0,2.0,0.0,10.0,33.0,108.0,46.0,3.0,1,1,0,0,0,0,0,0,0,0,0,0,0,0,1,0,1,0,0,0,0,0,0,0,0,0,0,0,1,0,0,,,kc1,traditional_file
0,record_1280,record_1280,.,,Unknown,22.0,2.0,1.0,2.0,63.0,288.85,0.18,5.7,50.68,1646.46,0.1,91.47,16.0,0.0,1.0,0.0,9.0,15.0,44.0,19.0,3.0,1,1,0,0,0,0,0,0,0,0,0,0,0,0,1,0,1,0,0,0,0,0,0,0,0,0,0,0,1,0,0,,,kc1,traditional_file
0,record_1281,record_1281,.,,Unknown,15.0,1.0,1.0,1.0,28.0,112.0,0.2,5.0,22.4,560.0,0.04,31.11,7.0,1.0,2.0,0.0,8.0,8.0,18.0,10.0,1.0,1,1,0,0,0,0,0,0,0,0,0,0,0,0,1,0,1,0,0,0,0,0,0,0,0,0,0,0,1,0,0,,,kc1,traditional_file
0,record_1282,record_1282,.,,Unknown,15.0,1.0,1.0,1.0,28.0,112.0,0.2,5.0,22.4,560.0,0.04,31.11,7.0,1.0,2.0,0.0,8.0,8.0,18.0,10.0,1.0,1,1,0,0,0,0,0,0,0,0,0,0,0,0,1,0,1,0,0,0,0,0,0,0,0,0,0,0,1,0,0,,,kc1,traditional_file
0,record_1283,record_1283,.,,Unknown,15.0,1.0,1.0,1.0,28.0,112.0,0.2,5.0,22.4,560.0,0.04,31.11,7.0,1.0,2.0,0.0,8.0,8.0,18.0,10.0,1.0,1,1,0,0,0,0,0,0,0,0,0,0,0,0,1,0,1,0,0,0,0,0,0,0,0,0,0,0,1,0,0,,,kc1,traditional_file
0,record_1284,record_1284,.,,Unknown,57.0,8.0,1.0,8.0,124.0,645.97,0.04,27.06,23.87,17479.25,0.22,971.07,45.0,3.0,6.0,1.0,20.0,17.0,78.0,46.0,15.0,1,1,0,0,0,0,0,0,0,0,0,0,0,0,1,0,1,0,0,0,0,0,0,0,0,0,0,0,1,0,0,,,kc1,traditional_file
0,record_1285,record_1285,.,,Unknown,52.0,7.0,1.0,7.0,119.0,610.38,0.04,26.13,23.36,15946.3,0.2,885.91,46.0,0.0,4.0,0.0,19.0,16.0,75.0,44.0,13.0,1,1,0,0,0,0,0,0,0,0,0,0,0,0,1,0,1,0,0,0,0,0,0,0,0,0,0,0,1,0,0,,,kc1,traditional_file
0,record_1286,record_1286,.,,Unknown,1.0,1.0,1.0,1.0,4.0,8.0,0.67,1.5,5.33,12.0,0.0,0.67,0.0,0.0,0.0,0.0,3.0,1.0,3.0,1.0,1.0,1,1,0,0,0,0,0,0,0,0,0,0,0,0,1,0,1,0,0,0,0,0,0,0,0,0,0,0,1,0,0,,,kc1,traditional_file
0,record_1287,record_1287,.,,Unknown,4.0,1.0,1.0,1.0,5.0,11.61,0.67,1.5,7.74,17.41,0.0,0.97,0.0,0.0,0.0,0.0,3.0,2.0,3.0,2.0,1.0,1,1,0,0,0,0,0,0,0,0,0,0,0,0,1,0,1,0,0,0,0,0,0,0,0,0,0,0,1,0,0,,,kc1,traditional_file
0,record_1288,record_1288,.,,Unknown,14.0,1.0,1.0,1.0,15.0,55.51,0.29,3.5,15.86,194.27,0.02,10.79,9.0,0.0,1.0,0.0,7.0,6.0,9.0,6.0,1.0,1,1,0,0,0,0,0,0,0,0,0,0,0,0,1,0,1,0,0,0,0,0,0,0,0,0,0,0,1,0,0,,,kc1,traditional_file
0,record_1289,record_1289,.,,Unknown,14.0,1.0,1.0,1.0,15.0,55.51,0.29,3.5,15.86,194.27,0.02,10.79,9.0,0.0,1.0,0.0,7.0,6.0,9.0,6.0,1.0,1,1,0,0,0,0,0,0,0,0,0,0,0,0,1,0,1,0,0,0,0,0,0,0,0,0,0,0,1,0,0,,,kc1,traditional_file
0,record_1290,record_1290,.,,Unknown,13.0,1.0,1.0,1.0,13.0,46.6,0.29,3.5,13.32,163.12,0.02,9.06,8.0,0.0,1.0,0.0,7.0,5.0,8.0,5.0,1.0,1,1,0,0,0,0,0,0,0,0,0,0,0,0,1,0,1,0,0,0,0,0,0,0,0,0,0,0,1,0,0,,,kc1,traditional_file
0,record_1291,record_1291,.,,Unknown,14.0,1.0,1.0,1.0,15.0,55.51,0.29,3.5,15.86,194.27,0.02,10.79,9.0,0.0,1.0,0.0,7.0,6.0,9.0,6.0,1.0,1,1,0,0,0,0,0,0,0,0,0,0,0,0,1,0,1,0,0,0,0,0,0,0,0,0,0,0,1,0,0,,,kc1,traditional_file
0,record_1292,record_1292,.,,Unknown,9.0,1.0,1.0,1.0,11.0,36.54,0.33,3.0,12.18,109.62,0.01,6.09,6.0,0.0,1.0,0.0,6.0,4.0,7.0,4.0,1.0,1,1,0,0,0,0,0,0,0,0,0,0,0,0,1,0,1,0,0,0,0,0,0,0,0,0,0,0,1,0,0,,,kc1,traditional_file
0,record_1293,record_1293,.,,Unknown,23.0,3.0,1.0,3.0,57.0,250.36,0.11,9.09,27.54,2276.02,0.08,126.45,17.0,1.0,3.0,0.0,10.0,11.0,37.0,20.0,5.0,1,1,0,0,0,0,0,0,0,0,0,0,0,0,1,0,1,0,0,0,0,0,0,0,0,0,0,0,1,0,0,,,kc1,traditional_file
0,record_1294,record_1294,.,,Unknown,23.0,3.0,1.0,3.0,63.0,276.72,0.1,10.45,26.47,2892.94,0.09,160.72,18.0,3.0,0.0,0.0,10.0,11.0,40.0,23.0,5.0,1,1,0,0,0,0,0,0,0,0,0,0,0,0,1,0,1,0,0,0,0,0,0,0,0,0,0,0,1,0,0,,,kc1,traditional_file
0,record_1295,record_1295,.,,Unknown,17.0,2.0,1.0,2.0,43.0,185.84,0.13,8.0,23.23,1486.74,0.06,82.6,12.0,1.0,2.0,0.0,10.0,10.0,27.0,16.0,3.0,1,1,0,0,0,0,0,0,0,0,0,0,0,0,1,0,1,0,0,0,0,0,0,0,0,0,0,0,1,0,0,,,kc1,traditional_file
0,record_1296,record_1296,.,,Unknown,31.0,5.0,3.0,4.0,73.0,350.94,0.1,10.13,34.66,3553.24,0.12,197.4,21.0,1.0,7.0,0.0,12.0,16.0,46.0,27.0,9.0,1,1,0,0,0,0,0,0,0,0,0,0,0,0,1,0,1,0,0,0,0,0,0,0,0,0,0,0,1,0,0,,,kc1,traditional_file
0,record_1297,record_1297,.,,Unknown,17.0,2.0,1.0,2.0,38.0,161.42,0.13,7.78,20.75,1255.5,0.05,69.75,11.0,1.0,3.0,0.0,10.0,9.0,24.0,14.0,3.0,1,1,0,0,0,0,0,0,0,0,0,0,0,0,1,0,1,0,0,0,0,0,0,0,0,0,0,0,1,0,0,,,kc1,traditional_file
0,record_1298,record_1298,.,,Unknown,8.0,2.0,1.0,2.0,14.0,44.38,0.11,8.75,5.07,388.32,0.01,21.57,6.0,0.0,0.0,0.0,7.0,2.0,9.0,5.0,3.0,1,1,0,0,0,0,0,0,0,0,0,0,0,0,1,0,1,0,0,0,0,0,0,0,0,0,0,0,1,0,0,,,kc1,traditional_file
0,record_1299,record_1299,.,,Unknown,5.0,2.0,1.0,1.0,8.0,22.46,0.27,3.75,5.99,84.22,0.01,4.68,3.0,0.0,0.0,0.0,5.0,2.0,5.0,3.0,3.0,1,1,0,0,0,0,0,0,0,0,0,0,0,0,1,0,1,0,0,0,0,0,0,0,0,0,0,0,1,0,0,,,kc1,traditional_file
0,record_1300,record_1300,.,,Unknown,3.0,1.0,1.0,1.0,1.0,0.0,0.0,0.0,0.0,0.0,0.0,0.0,1.0,0.0,0.0,0.0,1.0,0.0,1.0,0.0,1.0,1,1,0,0,0,0,0,0,0,0,0,0,0,0,1,0,1,0,0,0,0,0,0,0,0,0,0,0,1,0,0,,,kc1,traditional_file
0,record_1301,record_1301,.,,Unknown,3.0,1.0,1.0,1.0,1.0,0.0,0.0,0.0,0.0,0.0,0.0,0.0,1.0,0.0,0.0,0.0,1.0,0.0,1.0,0.0,1.0,1,1,0,0,0,0,0,0,0,0,0,0,0,0,1,0,1,0,0,0,0,0,0,0,0,0,0,0,1,0,0,,,kc1,traditional_file
0,record_1302,record_1302,.,,Unknown,3.0,1.0,1.0,1.0,1.0,0.0,0.0,0.0,0.0,0.0,0.0,0.0,1.0,0.0,0.0,0.0,1.0,0.0,1.0,0.0,1.0,1,1,0,0,0,0,0,0,0,0,0,0,0,0,1,0,1,0,0,0,0,0,0,0,0,0,0,0,1,0,0,,,kc1,traditional_file
0,record_1303,record_1303,.,,Unknown,3.0,1.0,1.0,1.0,1.0,0.0,0.0,0.0,0.0,0.0,0.0,0.0,1.0,0.0,0.0,0.0,1.0,0.0,1.0,0.0,1.0,1,1,0,0,0,0,0,0,0,0,0,0,0,0,1,0,1,0,0,0,0,0,0,0,0,0,0,0,1,0,0,,,kc1,traditional_file
0,record_1304,record_1304,.,,Unknown,12.0,2.0,1.0,2.0,15.0,51.89,0.23,4.38,11.86,227.03,0.02,12.61,6.0,1.0,3.0,0.0,7.0,4.0,10.0,5.0,3.0,1,1,0,0,0,0,0,0,0,0,0,0,0,0,1,0,1,0,0,0,0,0,0,0,0,0,0,0,1,0,0,,,kc1,traditional_file
0,record_1305,record_1305,.,,Unknown,3.0,1.0,1.0,1.0,1.0,0.0,0.0,0.0,0.0,0.0,0.0,0.0,1.0,0.0,0.0,0.0,1.0,0.0,1.0,0.0,1.0,1,1,0,0,0,0,0,0,0,0,0,0,0,0,1,0,1,0,0,0,0,0,0,0,0,0,0,0,1,0,0,,,kc1,traditional_file
0,record_1306,record_1306,.,,Unknown,59.0,7.0,7.0,6.0,182.0,1016.46,0.05,21.95,46.31,22309.61,0.34,1239.42,47.0,4.0,5.0,1.0,19.0,29.0,115.0,67.0,13.0,1,1,0,0,0,0,0,0,0,0,0,0,0,0,1,0,1,0,0,0,0,0,0,0,0,0,0,0,1,0,0,,,kc1,traditional_file
0,record_1307,record_1307,.,,Unknown,53.0,6.0,4.0,5.0,131.0,706.39,0.06,17.25,40.95,12185.29,0.24,676.96,39.0,2.0,9.0,1.0,18.0,24.0,85.0,46.0,11.0,1,1,0,0,0,0,0,0,0,0,0,0,0,0,1,0,1,0,0,0,0,0,0,0,0,0,0,0,1,0,0,,,kc1,traditional_file
0,record_1308,record_1308,.,,Unknown,28.0,3.0,1.0,3.0,60.0,271.41,0.16,6.43,42.22,1744.8,0.09,96.93,23.0,2.0,1.0,0.0,9.0,14.0,40.0,20.0,5.0,1,1,0,0,0,0,0,0,0,0,0,0,0,0,1,0,1,0,0,0,0,0,0,0,0,0,0,0,1,0,0,,,kc1,traditional_file
0,record_1309,record_1309,.,,Unknown,6.0,1.0,1.0,1.0,9.0,27.0,0.4,2.5,10.8,67.5,0.01,3.75,4.0,0.0,0.0,0.0,5.0,3.0,6.0,3.0,1.0,1,1,0,0,0,0,0,0,0,0,0,0,0,0,1,0,1,0,0,0,0,0,0,0,0,0,0,0,1,0,0,,,kc1,traditional_file
0,record_1310,record_1310,.,,Unknown,62.0,7.0,7.0,6.0,158.0,857.35,0.05,19.44,44.1,16666.88,0.29,925.94,48.0,3.0,9.0,0.0,18.0,25.0,104.0,54.0,13.0,1,1,0,0,0,0,0,0,0,0,0,0,0,0,1,0,1,0,0,0,0,0,0,0,0,0,0,0,1,0,0,,,kc1,traditional_file
0,record_1311,record_1311,.,,Unknown,6.0,1.0,1.0,1.0,9.0,27.0,0.4,2.5,10.8,67.5,0.01,3.75,4.0,0.0,0.0,0.0,5.0,3.0,6.0,3.0,1.0,1,1,0,0,0,0,0,0,0,0,0,0,0,0,1,0,1,0,0,0,0,0,0,0,0,0,0,0,1,0,0,,,kc1,traditional_file
0,record_1312,record_1312,.,,Unknown,50.0,4.0,3.0,4.0,165.0,926.43,0.08,12.57,73.68,11648.46,0.31,647.14,44.0,1.0,3.0,0.0,15.0,34.0,108.0,57.0,10.0,1,1,0,0,0,0,0,0,0,0,0,0,0,0,1,0,1,0,0,0,0,0,0,0,0,0,0,0,1,0,0,,,kc1,traditional_file
0,record_1313,record_1313,.,,Unknown,131.0,9.0,7.0,7.0,275.0,1656.15,0.04,27.12,61.08,44908.66,0.55,2494.93,88.0,8.0,28.0,2.0,22.0,43.0,169.0,106.0,17.0,1,1,0,0,0,0,0,0,0,0,0,0,0,0,1,0,1,0,0,0,0,0,0,0,0,0,0,0,1,0,0,,,kc1,traditional_file
0,record_1314,record_1314,.,,Unknown,2.0,1.0,1.0,1.0,5.0,11.61,0.67,1.5,7.74,17.41,0.0,0.97,0.0,0.0,0.0,0.0,3.0,2.0,3.0,2.0,1.0,1,1,0,0,0,0,0,0,0,0,0,0,0,0,1,0,1,0,0,0,0,0,0,0,0,0,0,0,1,0,0,,,kc1,traditional_file
0,record_1315,record_1315,.,,Unknown,91.0,9.0,4.0,8.0,199.0,1117.33,0.06,16.97,65.84,18960.71,0.37,1053.37,70.0,6.0,13.0,0.0,16.0,33.0,129.0,70.0,17.0,1,1,0,0,0,0,0,0,0,0,0,0,0,0,1,0,1,0,0,0,0,0,0,0,0,0,0,0,1,0,0,,,kc1,traditional_file
0,record_1316,record_1316,.,,Unknown,4.0,1.0,1.0,1.0,5.0,11.61,0.67,1.5,7.74,17.41,0.0,0.97,0.0,0.0,0.0,0.0,3.0,2.0,3.0,2.0,1.0,1,1,0,0,0,0,0,0,0,0,0,0,0,0,1,0,1,0,0,0,0,0,0,0,0,0,0,0,1,0,0,,,kc1,traditional_file
0,record_1317,record_1317,.,,Unknown,49.0,8.0,3.0,7.0,95.0,483.31,0.07,14.67,32.95,7088.53,0.16,393.81,40.0,4.0,3.0,0.0,16.0,18.0,62.0,33.0,15.0,1,1,0,0,0,0,0,0,0,0,0,0,0,0,1,0,1,0,0,0,0,0,0,0,0,0,0,0,1,0,0,,,kc1,traditional_file
0,record_1318,record_1318,.,,Unknown,63.0,5.0,1.0,5.0,103.0,489.75,0.09,10.59,46.25,5185.62,0.16,288.09,48.0,3.0,10.0,0.0,10.0,17.0,67.0,36.0,9.0,1,1,0,0,0,0,0,0,0,0,0,0,0,0,1,0,1,0,0,0,0,0,0,0,0,0,0,0,1,0,0,,,kc1,traditional_file
0,record_1319,record_1319,.,,Unknown,131.0,9.0,7.0,7.0,275.0,1656.15,0.04,27.12,61.08,44908.66,0.55,2494.93,88.0,8.0,28.0,2.0,22.0,43.0,169.0,106.0,17.0,1,1,0,0,0,0,0,0,0,0,0,0,0,0,1,0,1,0,0,0,0,0,0,0,0,0,0,0,1,0,0,,,kc1,traditional_file
0,record_1320,record_1320,.,,Unknown,21.0,2.0,1.0,2.0,36.0,144.0,0.11,9.17,15.71,1320.0,0.05,73.33,15.0,1.0,3.0,0.0,10.0,6.0,25.0,11.0,3.0,1,1,0,0,0,0,0,0,0,0,0,0,0,0,1,0,1,0,0,0,0,0,0,0,0,0,0,0,1,0,0,,,kc1,traditional_file
0,record_1321,record_1321,.,,Unknown,9.0,1.0,1.0,1.0,9.0,27.0,0.4,2.5,10.8,67.5,0.01,3.75,4.0,1.0,2.0,0.0,5.0,3.0,6.0,3.0,1.0,1,1,0,0,0,0,0,0,0,0,0,0,0,0,1,0,1,0,0,0,0,0,0,0,0,0,0,0,1,0,0,,,kc1,traditional_file
0,record_1322,record_1322,.,,Unknown,34.0,5.0,4.0,4.0,66.0,320.63,0.09,10.73,29.87,3441.39,0.11,191.19,30.0,0.0,2.0,0.0,14.0,15.0,43.0,23.0,9.0,1,1,0,0,0,0,0,0,0,0,0,0,0,0,1,0,1,0,0,0,0,0,0,0,0,0,0,0,1,0,0,,,kc1,traditional_file
0,record_1323,record_1323,.,,Unknown,6.0,1.0,1.0,1.0,9.0,27.0,0.4,2.5,10.8,67.5,0.01,3.75,4.0,0.0,0.0,0.0,5.0,3.0,6.0,3.0,1.0,1,1,0,0,0,0,0,0,0,0,0,0,0,0,1,0,1,0,0,0,0,0,0,0,0,0,0,0,1,0,0,,,kc1,traditional_file
0,record_1324,record_1324,.,,Unknown,2.0,1.0,1.0,1.0,5.0,11.61,0.67,1.5,7.74,17.41,0.0,0.97,0.0,0.0,0.0,0.0,3.0,2.0,3.0,2.0,1.0,1,1,0,0,0,0,0,0,0,0,0,0,0,0,1,0,1,0,0,0,0,0,0,0,0,0,0,0,1,0,0,,,kc1,traditional_file
0,record_1325,record_1325,.,,Unknown,56.0,7.0,1.0,5.0,123.0,603.55,0.08,12.16,49.64,7337.87,0.2,407.66,45.0,2.0,7.0,0.0,11.0,19.0,81.0,42.0,13.0,1,1,0,0,0,0,0,0,0,0,0,0,0,0,1,0,1,0,0,0,0,0,0,0,0,0,0,0,1,0,0,,,kc1,traditional_file
0,record_1326,record_1326,.,,Unknown,17.0,2.0,1.0,2.0,27.0,99.91,0.19,5.25,19.03,524.54,0.03,29.14,13.0,1.0,1.0,0.0,7.0,6.0,18.0,9.0,3.0,1,1,0,0,0,0,0,0,0,0,0,0,0,0,1,0,1,0,0,0,0,0,0,0,0,0,0,0,1,0,0,,,kc1,traditional_file
0,record_1327,record_1327,.,,Unknown,65.0,7.0,7.0,6.0,143.0,755.81,0.05,18.93,39.92,14308.91,0.25,794.94,48.0,10.0,4.0,1.0,17.0,22.0,94.0,49.0,13.0,1,1,0,0,0,0,0,0,0,0,0,0,0,0,1,0,1,0,0,0,0,0,0,0,0,0,0,0,1,0,0,,,kc1,traditional_file
0,record_1328,record_1328,.,,Unknown,29.0,4.0,1.0,3.0,56.0,260.06,0.12,8.64,30.09,2247.63,0.09,124.87,22.0,1.0,2.0,0.0,11.0,14.0,34.0,22.0,7.0,1,1,0,0,0,0,0,0,0,0,0,0,0,0,1,0,1,0,0,0,0,0,0,0,0,0,0,0,1,0,0,,,kc1,traditional_file
0,record_1329,record_1329,.,,Unknown,10.0,1.0,1.0,1.0,16.0,53.15,0.38,2.67,19.93,141.74,0.02,7.87,6.0,0.0,2.0,0.0,4.0,6.0,8.0,8.0,1.0,1,1,0,0,0,0,0,0,0,0,0,0,0,0,1,0,1,0,0,0,0,0,0,0,0,0,0,0,1,0,0,,,kc1,traditional_file
0,record_1330,record_1330,.,,Unknown,2.0,1.0,1.0,1.0,3.0,4.75,1.0,1.0,4.75,4.75,0.0,0.26,0.0,0.0,0.0,0.0,2.0,1.0,2.0,1.0,1.0,1,1,0,0,0,0,0,0,0,0,0,0,0,0,1,0,1,0,0,0,0,0,0,0,0,0,0,0,1,0,0,,,kc1,traditional_file
0,record_1331,record_1331,.,,Unknown,1.0,1.0,1.0,1.0,2.0,0.0,0.0,0.0,0.0,0.0,0.0,0.0,0.0,0.0,0.0,0.0,0.0,1.0,0.0,2.0,1.0,1,1,0,0,0,0,0,0,0,0,0,0,0,0,1,0,1,0,0,0,0,0,0,0,0,0,0,0,1,0,0,,,kc1,traditional_file
0,record_1332,record_1332,.,,Unknown,4.0,1.0,1.0,1.0,6.0,15.51,0.67,1.5,10.34,23.26,0.01,1.29,3.0,0.0,0.0,0.0,3.0,3.0,3.0,3.0,1.0,1,1,0,0,0,0,0,0,0,0,0,0,0,0,1,0,1,0,0,0,0,0,0,0,0,0,0,0,1,0,0,,,kc1,traditional_file
0,record_1333,record_1333,.,,Unknown,4.0,1.0,1.0,1.0,2.0,2.0,2.0,0.5,4.0,1.0,0.0,0.06,3.0,0.0,0.0,0.0,1.0,1.0,1.0,1.0,1.0,1,1,0,0,0,0,0,0,0,0,0,0,0,0,1,0,1,0,0,0,0,0,0,0,0,0,0,0,1,0,0,,,kc1,traditional_file
0,record_1334,record_1334,.,,Unknown,2.0,1.0,1.0,1.0,3.0,4.75,1.0,1.0,4.75,4.75,0.0,0.26,0.0,0.0,0.0,0.0,2.0,1.0,2.0,1.0,1.0,1,1,0,0,0,0,0,0,0,0,0,0,0,0,1,0,1,0,0,0,0,0,0,0,0,0,0,0,1,0,0,,,kc1,traditional_file
0,record_1335,record_1335,.,,Unknown,2.0,1.0,1.0,1.0,3.0,4.75,1.0,1.0,4.75,4.75,0.0,0.26,0.0,0.0,0.0,0.0,2.0,1.0,2.0,1.0,1.0,1,1,0,0,0,0,0,0,0,0,0,0,0,0,1,0,1,0,0,0,0,0,0,0,0,0,0,0,1,0,0,,,kc1,traditional_file
0,record_1336,record_1336,.,,Unknown,6.0,1.0,1.0,1.0,9.0,25.27,0.67,1.5,16.84,37.9,0.01,2.11,3.0,0.0,0.0,0.0,3.0,4.0,5.0,4.0,1.0,1,1,0,0,0,0,0,0,0,0,0,0,0,0,1,0,1,0,0,0,0,0,0,0,0,0,0,0,1,0,0,,,kc1,traditional_file
0,record_1337,record_1337,.,,Unknown,4.0,1.0,1.0,1.0,2.0,2.0,2.0,0.5,4.0,1.0,0.0,0.06,3.0,0.0,0.0,0.0,1.0,1.0,1.0,1.0,1.0,1,1,0,0,0,0,0,0,0,0,0,0,0,0,1,0,1,0,0,0,0,0,0,0,0,0,0,0,1,0,0,,,kc1,traditional_file
0,record_1338,record_1338,.,,Unknown,4.0,1.0,1.0,1.0,3.0,4.75,2.0,0.5,9.51,2.38,0.0,0.13,3.0,0.0,0.0,0.0,1.0,2.0,1.0,2.0,1.0,1,1,0,0,0,0,0,0,0,0,0,0,0,0,1,0,1,0,0,0,0,0,0,0,0,0,0,0,1,0,0,,,kc1,traditional_file
0,record_1339,record_1339,.,,Unknown,25.0,2.0,1.0,2.0,35.0,151.27,0.12,8.5,17.8,1285.77,0.05,71.43,18.0,0.0,3.0,0.0,10.0,10.0,18.0,17.0,3.0,1,1,0,0,0,0,0,0,0,0,0,0,0,0,1,0,1,0,0,0,0,0,0,0,0,0,0,0,1,0,0,,,kc1,traditional_file
0,record_1340,record_1340,.,,Unknown,7.0,1.0,1.0,1.0,12.0,36.0,0.33,3.0,12.0,108.0,0.01,6.0,5.0,0.0,0.0,0.0,4.0,4.0,6.0,6.0,1.0,1,1,0,0,0,0,0,0,0,0,0,0,0,0,1,0,1,0,0,0,0,0,0,0,0,0,0,0,1,0,0,,,kc1,traditional_file
0,record_1341,record_1341,.,,Unknown,2.0,1.0,1.0,1.0,3.0,4.75,1.0,1.0,4.75,4.75,0.0,0.26,0.0,0.0,0.0,0.0,2.0,1.0,2.0,1.0,1.0,1,1,0,0,0,0,0,0,0,0,0,0,0,0,1,0,1,0,0,0,0,0,0,0,0,0,0,0,1,0,0,,,kc1,traditional_file
0,record_1342,record_1342,.,,Unknown,2.0,1.0,1.0,1.0,3.0,4.75,1.0,1.0,4.75,4.75,0.0,0.26,0.0,0.0,0.0,0.0,2.0,1.0,2.0,1.0,1.0,1,1,0,0,0,0,0,0,0,0,0,0,0,0,1,0,1,0,0,0,0,0,0,0,0,0,0,0,1,0,0,,,kc1,traditional_file
0,record_1343,record_1343,.,,Unknown,72.0,7.0,5.0,6.0,156.0,913.85,0.05,18.94,48.24,17312.29,0.3,961.79,55.0,2.0,13.0,0.0,22.0,36.0,94.0,62.0,13.0,1,1,0,0,0,0,0,0,0,0,0,0,0,0,1,0,1,0,0,0,0,0,0,0,0,0,0,0,1,0,0,,,kc1,traditional_file
0,record_1344,record_1344,.,,Unknown,45.0,3.0,1.0,3.0,76.0,376.52,0.1,10.47,35.95,3942.99,0.13,219.05,25.0,6.0,8.0,2.0,13.0,18.0,47.0,29.0,5.0,1,1,0,0,0,0,0,0,0,0,0,0,0,0,1,0,1,0,0,0,0,0,0,0,0,0,0,0,1,0,0,,,kc1,traditional_file
0,record_1345,record_1345,.,,Unknown,1.0,1.0,1.0,1.0,4.0,8.0,0.67,1.5,5.33,12.0,0.0,0.67,0.0,0.0,0.0,0.0,3.0,1.0,3.0,1.0,1.0,1,1,0,0,0,0,0,0,0,0,0,0,0,0,1,0,1,0,0,0,0,0,0,0,0,0,0,0,1,0,0,,,kc1,traditional_file
0,record_1346,record_1346,.,,Unknown,1.0,1.0,1.0,1.0,4.0,8.0,0.67,1.5,5.33,12.0,0.0,0.67,0.0,0.0,0.0,0.0,3.0,1.0,3.0,1.0,1.0,1,1,0,0,0,0,0,0,0,0,0,0,0,0,1,0,1,0,0,0,0,0,0,0,0,0,0,0,1,0,0,,,kc1,traditional_file
0,record_1347,record_1347,.,,Unknown,7.0,1.0,1.0,1.0,9.0,27.0,0.4,2.5,10.8,67.5,0.01,3.75,3.0,1.0,1.0,0.0,5.0,3.0,6.0,3.0,1.0,1,1,0,0,0,0,0,0,0,0,0,0,0,0,1,0,1,0,0,0,0,0,0,0,0,0,0,0,1,0,0,,,kc1,traditional_file
0,record_1348,record_1348,.,,Unknown,1.0,1.0,1.0,1.0,4.0,8.0,0.67,1.5,5.33,12.0,0.0,0.67,0.0,0.0,0.0,0.0,3.0,1.0,3.0,1.0,1.0,1,1,0,0,0,0,0,0,0,0,0,0,0,0,1,0,1,0,0,0,0,0,0,0,0,0,0,0,1,0,0,,,kc1,traditional_file
0,record_1349,record_1349,.,,Unknown,2.0,1.0,1.0,1.0,4.0,8.0,0.67,1.5,5.33,12.0,0.0,0.67,0.0,0.0,0.0,0.0,3.0,1.0,3.0,1.0,1.0,1,1,0,0,0,0,0,0,0,0,0,0,0,0,1,0,1,0,0,0,0,0,0,0,0,0,0,0,1,0,0,,,kc1,traditional_file
0,record_1350,record_1350,.,,Unknown,41.0,2.0,1.0,2.0,149.0,798.28,0.1,9.93,80.38,7927.7,0.27,440.43,36.0,0.0,3.0,0.0,12.0,29.0,101.0,48.0,6.0,1,1,0,0,0,0,0,0,0,0,0,0,0,0,1,0,1,0,0,0,0,0,0,0,0,0,0,0,1,0,0,,,kc1,traditional_file
0,record_1351,record_1351,.,,Unknown,5.0,1.0,1.0,1.0,10.0,31.7,0.4,2.5,12.68,79.25,0.01,4.4,0.0,0.0,0.0,0.0,5.0,4.0,6.0,4.0,1.0,1,1,0,0,0,0,0,0,0,0,0,0,0,0,1,0,1,0,0,0,0,0,0,0,0,0,0,0,1,0,0,,,kc1,traditional_file
0,record_1352,record_1352,.,,Unknown,30.0,3.0,1.0,3.0,53.0,221.01,0.09,10.63,20.8,2348.19,0.07,130.44,21.0,5.0,2.0,0.0,10.0,8.0,36.0,17.0,5.0,1,1,0,0,0,0,0,0,0,0,0,0,0,0,1,0,1,0,0,0,0,0,0,0,0,0,0,0,1,0,0,,,kc1,traditional_file
0,record_1353,record_1353,.,,Unknown,53.0,5.0,5.0,3.0,140.0,754.92,0.06,15.83,47.68,11952.97,0.25,664.05,40.0,4.0,7.0,0.0,15.0,27.0,83.0,57.0,9.0,1,1,0,0,0,0,0,0,0,0,0,0,0,0,1,0,1,0,0,0,0,0,0,0,0,0,0,0,1,0,0,,,kc1,traditional_file
0,record_1354,record_1354,.,,Unknown,123.0,15.0,9.0,12.0,350.0,2218.95,0.03,32.61,68.03,72378.03,0.74,4021.0,108.0,2.0,11.0,0.0,26.0,55.0,212.0,138.0,29.0,1,1,0,0,0,0,0,0,0,0,0,0,0,0,1,0,1,0,0,0,0,0,0,0,0,0,0,0,1,0,0,,,kc1,traditional_file
0,record_1355,record_1355,.,,Unknown,2.0,1.0,1.0,1.0,5.0,11.61,0.67,1.5,7.74,17.41,0.0,0.97,0.0,0.0,0.0,0.0,3.0,2.0,3.0,2.0,1.0,1,1,0,0,0,0,0,0,0,0,0,0,0,0,1,0,1,0,0,0,0,0,0,0,0,0,0,0,1,0,0,,,kc1,traditional_file
0,record_1356,record_1356,.,,Unknown,6.0,1.0,1.0,1.0,9.0,27.0,0.4,2.5,10.8,67.5,0.01,3.75,4.0,0.0,0.0,0.0,5.0,3.0,6.0,3.0,1.0,1,1,0,0,0,0,0,0,0,0,0,0,0,0,1,0,1,0,0,0,0,0,0,0,0,0,0,0,1,0,0,,,kc1,traditional_file
0,record_1357,record_1357,.,,Unknown,1.0,1.0,1.0,1.0,1.0,0.0,0.0,0.0,0.0,0.0,0.0,0.0,0.0,0.0,0.0,0.0,1.0,0.0,1.0,0.0,1.0,1,1,0,0,0,0,0,0,0,0,0,0,0,0,1,0,1,0,0,0,0,0,0,0,0,0,0,0,1,0,0,,,kc1,traditional_file
0,record_1358,record_1358,.,,Unknown,44.0,5.0,4.0,5.0,88.0,423.05,0.08,12.57,33.66,5316.29,0.14,295.35,34.0,2.0,6.0,0.0,13.0,15.0,59.0,29.0,9.0,1,1,0,0,0,0,0,0,0,0,0,0,0,0,1,0,1,0,0,0,0,0,0,0,0,0,0,0,1,0,0,,,kc1,traditional_file
0,record_1359,record_1359,.,,Unknown,13.0,1.0,1.0,1.0,14.0,46.51,0.4,2.5,18.6,116.27,0.02,6.46,5.0,4.0,2.0,0.0,5.0,5.0,9.0,5.0,1.0,1,1,0,0,0,0,0,0,0,0,0,0,0,0,1,0,1,0,0,0,0,0,0,0,0,0,0,0,1,0,0,,,kc1,traditional_file
0,record_1360,record_1360,.,,Unknown,13.0,1.0,1.0,1.0,14.0,46.51,0.4,2.5,18.6,116.27,0.02,6.46,5.0,4.0,2.0,0.0,5.0,5.0,9.0,5.0,1.0,1,1,0,0,0,0,0,0,0,0,0,0,0,0,1,0,1,0,0,0,0,0,0,0,0,0,0,0,1,0,0,,,kc1,traditional_file
0,record_1361,record_1361,.,,Unknown,44.0,5.0,4.0,5.0,88.0,423.05,0.08,12.57,33.66,5316.29,0.14,295.35,34.0,2.0,6.0,0.0,13.0,15.0,59.0,29.0,9.0,1,1,0,0,0,0,0,0,0,0,0,0,0,0,1,0,1,0,0,0,0,0,0,0,0,0,0,0,1,0,0,,,kc1,traditional_file
0,record_1362,record_1362,.,,Unknown,6.0,1.0,1.0,1.0,11.0,34.87,0.25,4.0,8.72,139.48,0.01,7.75,4.0,0.0,0.0,0.0,6.0,3.0,7.0,4.0,1.0,1,1,0,0,0,0,0,0,0,0,0,0,0,0,1,0,1,0,0,0,0,0,0,0,0,0,0,0,1,0,0,,,kc1,traditional_file
0,record_1363,record_1363,.,,Unknown,7.0,1.0,1.0,1.0,5.0,11.61,0.67,1.5,7.74,17.41,0.0,0.97,0.0,0.0,0.0,0.0,3.0,2.0,3.0,2.0,1.0,1,1,0,0,0,0,0,0,0,0,0,0,0,0,1,0,1,0,0,0,0,0,0,0,0,0,0,0,1,0,0,,,kc1,traditional_file
0,record_1364,record_1364,.,,Unknown,118.0,19.0,7.0,16.0,269.0,1614.0,0.05,18.98,85.04,30630.91,0.54,1701.72,93.0,2.0,16.0,1.0,18.0,46.0,172.0,97.0,37.0,1,1,0,0,0,0,0,0,0,0,0,0,0,0,1,0,1,0,0,0,0,0,0,0,0,0,0,0,1,0,0,,,kc1,traditional_file
0,record_1365,record_1365,.,,Unknown,65.0,7.0,5.0,7.0,165.0,921.52,0.07,15.0,61.43,13822.78,0.31,767.93,49.0,1.0,8.0,1.0,15.0,33.0,99.0,66.0,13.0,1,1,0,0,0,0,0,0,0,0,0,0,0,0,1,0,1,0,0,0,0,0,0,0,0,0,0,0,1,0,0,,,kc1,traditional_file
0,record_1366,record_1366,.,,Unknown,129.0,22.0,16.0,17.0,344.0,2086.73,0.04,25.53,81.73,53276.94,0.7,2959.83,109.0,1.0,13.0,0.0,19.0,48.0,215.0,129.0,43.0,1,1,0,0,0,0,0,0,0,0,0,0,0,0,1,0,1,0,0,0,0,0,0,0,0,0,0,0,1,0,0,,,kc1,traditional_file
0,record_1367,record_1367,.,,Unknown,7.0,1.0,1.0,1.0,11.0,34.87,0.25,4.0,8.72,139.48,0.01,7.75,4.0,0.0,1.0,0.0,6.0,3.0,7.0,4.0,1.0,1,1,0,0,0,0,0,0,0,0,0,0,0,0,1,0,1,0,0,0,0,0,0,0,0,0,0,0,1,0,0,,,kc1,traditional_file
0,record_1368,record_1368,.,,Unknown,44.0,5.0,4.0,5.0,88.0,423.05,0.08,12.57,33.66,5316.29,0.14,295.35,34.0,2.0,6.0,0.0,13.0,15.0,59.0,29.0,9.0,1,1,0,0,0,0,0,0,0,0,0,0,0,0,1,0,1,0,0,0,0,0,0,0,0,0,0,0,1,0,0,,,kc1,traditional_file
0,record_1369,record_1369,.,,Unknown,14.0,1.0,1.0,1.0,14.0,46.51,0.4,2.5,18.6,116.27,0.02,6.46,5.0,4.0,3.0,0.0,5.0,5.0,9.0,5.0,1.0,1,1,0,0,0,0,0,0,0,0,0,0,0,0,1,0,1,0,0,0,0,0,0,0,0,0,0,0,1,0,0,,,kc1,traditional_file
0,record_1370,record_1370,.,,Unknown,6.0,1.0,1.0,1.0,8.0,24.0,0.29,3.5,6.86,84.0,0.01,4.67,2.0,2.0,0.0,0.0,7.0,1.0,7.0,1.0,1.0,1,1,0,0,0,0,0,0,0,0,0,0,0,0,1,0,1,0,0,0,0,0,0,0,0,0,0,0,1,0,0,,,kc1,traditional_file
0,record_1371,record_1371,.,,Unknown,2.0,2.0,1.0,1.0,11.0,36.54,0.29,3.5,10.44,127.89,0.01,7.11,0.0,0.0,0.0,0.0,7.0,3.0,8.0,3.0,3.0,1,1,0,0,0,0,0,0,0,0,0,0,0,0,1,0,1,0,0,0,0,0,0,0,0,0,0,0,1,0,0,,,kc1,traditional_file
0,record_1372,record_1372,.,,Unknown,2.0,1.0,1.0,1.0,5.0,11.61,0.5,2.0,5.8,23.22,0.0,1.29,0.0,0.0,0.0,0.0,4.0,1.0,4.0,1.0,1.0,1,1,0,0,0,0,0,0,0,0,0,0,0,0,1,0,1,0,0,0,0,0,0,0,0,0,0,0,1,0,0,,,kc1,traditional_file
0,record_1373,record_1373,.,,Unknown,2.0,2.0,1.0,1.0,11.0,34.87,0.25,4.0,8.72,139.48,0.01,7.75,0.0,0.0,0.0,0.0,6.0,3.0,7.0,4.0,3.0,1,1,0,0,0,0,0,0,0,0,0,0,0,0,1,0,1,0,0,0,0,0,0,0,0,0,0,0,1,0,0,,,kc1,traditional_file
0,record_1374,record_1374,.,,Unknown,58.0,5.0,3.0,4.0,122.0,684.99,0.09,10.6,64.62,7260.94,0.23,403.39,36.0,14.0,6.0,0.0,14.0,35.0,69.0,53.0,9.0,1,1,0,0,0,0,0,0,0,0,0,0,0,0,1,0,1,0,0,0,0,0,0,0,0,0,0,0,1,0,0,,,kc1,traditional_file
0,record_1375,record_1375,.,,Unknown,4.0,1.0,1.0,1.0,5.0,11.61,0.67,1.5,7.74,17.41,0.0,0.97,0.0,0.0,0.0,0.0,3.0,2.0,3.0,2.0,1.0,1,1,0,0,0,0,0,0,0,0,0,0,0,0,1,0,1,0,0,0,0,0,0,0,0,0,0,0,1,0,0,,,kc1,traditional_file
0,record_1376,record_1376,.,,Unknown,75.0,10.0,5.0,9.0,181.0,982.15,0.06,17.14,57.29,16836.92,0.33,935.38,58.0,5.0,10.0,0.0,15.0,28.0,117.0,64.0,19.0,1,1,0,0,0,0,0,0,0,0,0,0,0,0,1,0,1,0,0,0,0,0,0,0,0,0,0,0,1,0,0,,,kc1,traditional_file
0,record_1377,record_1377,.,,Unknown,95.0,18.0,13.0,14.0,237.0,1337.59,0.04,24.75,54.04,33105.44,0.45,1839.19,80.0,3.0,10.0,0.0,18.0,32.0,149.0,88.0,35.0,1,1,0,0,0,0,0,0,0,0,0,0,0,0,1,0,1,0,0,0,0,0,0,0,0,0,0,0,1,0,0,,,kc1,traditional_file
0,record_1378,record_1378,.,,Unknown,18.0,2.0,1.0,2.0,33.0,132.0,0.14,7.07,18.67,933.43,0.04,51.86,14.0,0.0,2.0,0.0,9.0,7.0,22.0,11.0,3.0,1,1,0,0,0,0,0,0,0,0,0,0,0,0,1,0,1,0,0,0,0,0,0,0,0,0,0,0,1,0,0,,,kc1,traditional_file
0,record_1379,record_1379,.,,Unknown,6.0,1.0,1.0,1.0,9.0,27.0,0.4,2.5,10.8,67.5,0.01,3.75,4.0,0.0,0.0,0.0,5.0,3.0,6.0,3.0,1.0,1,1,0,0,0,0,0,0,0,0,0,0,0,0,1,0,1,0,0,0,0,0,0,0,0,0,0,0,1,0,0,,,kc1,traditional_file
0,record_1380,record_1380,.,,Unknown,2.0,1.0,1.0,1.0,5.0,11.61,0.67,1.5,7.74,17.41,0.0,0.97,0.0,0.0,0.0,0.0,3.0,2.0,3.0,2.0,1.0,1,1,0,0,0,0,0,0,0,0,0,0,0,0,1,0,1,0,0,0,0,0,0,0,0,0,0,0,1,0,0,,,kc1,traditional_file
0,record_1381,record_1381,.,,Unknown,47.0,7.0,6.0,5.0,133.0,717.18,0.05,21.07,34.05,15107.52,0.24,839.31,39.0,1.0,5.0,0.0,19.0,23.0,82.0,51.0,13.0,1,1,0,0,0,0,0,0,0,0,0,0,0,0,1,0,1,0,0,0,0,0,0,0,0,0,0,0,1,0,0,,,kc1,traditional_file
0,record_1382,record_1382,.,,Unknown,10.0,1.0,1.0,1.0,9.0,27.0,0.4,2.5,10.8,67.5,0.01,3.75,4.0,2.0,2.0,0.0,5.0,3.0,6.0,3.0,1.0,1,1,0,0,0,0,0,0,0,0,0,0,0,0,1,0,1,0,0,0,0,0,0,0,0,0,0,0,1,0,0,,,kc1,traditional_file
0,record_1383,record_1383,.,,Unknown,2.0,1.0,1.0,1.0,4.0,8.0,0.67,1.5,5.33,12.0,0.0,0.67,0.0,0.0,0.0,0.0,3.0,1.0,3.0,1.0,1.0,1,1,0,0,0,0,0,0,0,0,0,0,0,0,1,0,1,0,0,0,0,0,0,0,0,0,0,0,1,0,0,,,kc1,traditional_file
0,record_1384,record_1384,.,,Unknown,2.0,1.0,1.0,1.0,4.0,8.0,0.67,1.5,5.33,12.0,0.0,0.67,0.0,0.0,0.0,0.0,3.0,1.0,3.0,1.0,1.0,1,1,0,0,0,0,0,0,0,0,0,0,0,0,1,0,1,0,0,0,0,0,0,0,0,0,0,0,1,0,0,,,kc1,traditional_file
0,record_1385,record_1385,.,,Unknown,2.0,1.0,1.0,1.0,4.0,8.0,0.67,1.5,5.33,12.0,0.0,0.67,0.0,0.0,0.0,0.0,3.0,1.0,3.0,1.0,1.0,1,1,0,0,0,0,0,0,0,0,0,0,0,0,1,0,1,0,0,0,0,0,0,0,0,0,0,0,1,0,0,,,kc1,traditional_file
0,record_1386,record_1386,.,,Unknown,27.0,2.0,1.0,2.0,54.0,237.19,0.13,7.88,30.12,1867.83,0.08,103.77,16.0,5.0,4.0,0.0,9.0,12.0,33.0,21.0,3.0,1,1,0,0,0,0,0,0,0,0,0,0,0,0,1,0,1,0,0,0,0,0,0,0,0,0,0,0,1,0,0,,,kc1,traditional_file
0,record_1387,record_1387,.,,Unknown,27.0,2.0,1.0,2.0,54.0,237.19,0.13,7.88,30.12,1867.83,0.08,103.77,16.0,5.0,4.0,0.0,9.0,12.0,33.0,21.0,3.0,1,1,0,0,0,0,0,0,0,0,0,0,0,0,1,0,1,0,0,0,0,0,0,0,0,0,0,0,1,0,0,,,kc1,traditional_file
0,record_1388,record_1388,.,,Unknown,27.0,2.0,1.0,2.0,50.0,216.1,0.13,7.77,27.8,1679.66,0.07,93.31,16.0,5.0,4.0,0.0,9.0,11.0,31.0,19.0,3.0,1,1,0,0,0,0,0,0,0,0,0,0,0,0,1,0,1,0,0,0,0,0,0,0,0,0,0,0,1,0,0,,,kc1,traditional_file
0,record_1389,record_1389,.,,Unknown,36.0,5.0,1.0,5.0,75.0,356.62,0.08,12.54,28.45,4470.44,0.12,248.36,26.0,4.0,4.0,0.0,13.0,14.0,48.0,27.0,9.0,1,1,0,0,0,0,0,0,0,0,0,0,0,0,1,0,1,0,0,0,0,0,0,0,0,0,0,0,1,0,0,,,kc1,traditional_file
0,record_1390,record_1390,.,,Unknown,38.0,4.0,4.0,4.0,69.0,331.71,0.07,13.85,23.96,4592.87,0.11,255.16,27.0,6.0,3.0,0.0,15.0,13.0,45.0,24.0,7.0,1,1,0,0,0,0,0,0,0,0,0,0,0,0,1,0,1,0,0,0,0,0,0,0,0,0,0,0,1,0,0,,,kc1,traditional_file
0,record_1391,record_1391,.,,Unknown,81.0,7.0,1.0,6.0,174.0,971.78,0.07,14.32,67.87,13914.17,0.32,773.01,61.0,8.0,10.0,0.0,15.0,33.0,111.0,63.0,13.0,1,1,0,0,0,0,0,0,0,0,0,0,0,0,1,0,1,0,0,0,0,0,0,0,0,0,0,0,1,0,0,,,kc1,traditional_file
0,record_1392,record_1392,.,,Unknown,26.0,2.0,1.0,2.0,43.0,179.31,0.13,8.0,22.41,1434.45,0.06,79.69,15.0,5.0,4.0,0.0,9.0,9.0,27.0,16.0,3.0,1,1,0,0,0,0,0,0,0,0,0,0,0,0,1,0,1,0,0,0,0,0,0,0,0,0,0,0,1,0,0,,,kc1,traditional_file
0,record_1393,record_1393,.,,Unknown,8.0,1.0,1.0,1.0,10.0,30.0,0.22,4.5,6.67,135.0,0.01,7.5,4.0,2.0,0.0,0.0,6.0,2.0,7.0,3.0,1.0,1,1,0,0,0,0,0,0,0,0,0,0,0,0,1,0,1,0,0,0,0,0,0,0,0,0,0,0,1,0,0,,,kc1,traditional_file
0,record_1394,record_1394,.,,Unknown,71.0,10.0,8.0,10.0,168.0,894.08,0.05,18.3,48.86,16361.74,0.3,908.99,61.0,0.0,8.0,0.0,15.0,25.0,107.0,61.0,18.0,1,1,0,0,0,0,0,0,0,0,0,0,0,0,1,0,1,0,0,0,0,0,0,0,0,0,0,0,1,0,0,,,kc1,traditional_file
0,record_1395,record_1395,.,,Unknown,70.0,10.0,8.0,10.0,167.0,888.76,0.06,16.42,54.12,14596.21,0.3,810.9,61.0,0.0,7.0,0.0,14.0,26.0,106.0,61.0,18.0,1,1,0,0,0,0,0,0,0,0,0,0,0,0,1,0,1,0,0,0,0,0,0,0,0,0,0,0,1,0,0,,,kc1,traditional_file
0,record_1396,record_1396,.,,Unknown,1.0,1.0,1.0,1.0,5.0,11.61,0.67,1.5,7.74,17.41,0.0,0.97,0.0,0.0,0.0,0.0,3.0,2.0,3.0,2.0,1.0,1,1,0,0,0,0,0,0,0,0,0,0,0,0,1,0,1,0,0,0,0,0,0,0,0,0,0,0,1,0,0,,,kc1,traditional_file
0,record_1397,record_1397,.,,Unknown,4.0,1.0,1.0,1.0,5.0,11.61,0.67,1.5,7.74,17.41,0.0,0.97,2.0,0.0,0.0,0.0,3.0,2.0,3.0,2.0,1.0,1,1,0,0,0,0,0,0,0,0,0,0,0,0,1,0,1,0,0,0,0,0,0,0,0,0,0,0,1,0,0,,,kc1,traditional_file
0,record_1398,record_1398,.,,Unknown,1.0,1.0,1.0,1.0,5.0,11.61,0.67,1.5,7.74,17.41,0.0,0.97,0.0,0.0,0.0,0.0,3.0,2.0,3.0,2.0,1.0,1,1,0,0,0,0,0,0,0,0,0,0,0,0,1,0,1,0,0,0,0,0,0,0,0,0,0,0,1,0,0,,,kc1,traditional_file
0,record_1399,record_1399,.,,Unknown,1.0,1.0,1.0,1.0,5.0,11.61,0.67,1.5,7.74,17.41,0.0,0.97,0.0,0.0,0.0,0.0,3.0,2.0,3.0,2.0,1.0,1,1,0,0,0,0,0,0,0,0,0,0,0,0,1,0,1,0,0,0,0,0,0,0,0,0,0,0,1,0,0,,,kc1,traditional_file
0,record_1400,record_1400,.,,Unknown,1.0,1.0,1.0,1.0,5.0,11.61,0.67,1.5,7.74,17.41,0.0,0.97,0.0,0.0,0.0,0.0,3.0,2.0,3.0,2.0,1.0,1,1,0,0,0,0,0,0,0,0,0,0,0,0,1,0,1,0,0,0,0,0,0,0,0,0,0,0,1,0,0,,,kc1,traditional_file
0,record_1401,record_1401,.,,Unknown,4.0,1.0,1.0,1.0,5.0,11.61,0.67,1.5,7.74,17.41,0.0,0.97,2.0,0.0,0.0,0.0,3.0,2.0,3.0,2.0,1.0,1,1,0,0,0,0,0,0,0,0,0,0,0,0,1,0,1,0,0,0,0,0,0,0,0,0,0,0,1,0,0,,,kc1,traditional_file
0,record_1402,record_1402,.,,Unknown,4.0,1.0,1.0,1.0,5.0,11.61,0.67,1.5,7.74,17.41,0.0,0.97,2.0,0.0,0.0,0.0,3.0,2.0,3.0,2.0,1.0,1,1,0,0,0,0,0,0,0,0,0,0,0,0,1,0,1,0,0,0,0,0,0,0,0,0,0,0,1,0,0,,,kc1,traditional_file
0,record_1403,record_1403,.,,Unknown,1.0,1.0,1.0,1.0,1.0,0.0,0.0,0.0,0.0,0.0,0.0,0.0,0.0,0.0,0.0,0.0,1.0,0.0,1.0,0.0,1.0,1,1,0,0,0,0,0,0,0,0,0,0,0,0,1,0,1,0,0,0,0,0,0,0,0,0,0,0,1,0,0,,,kc1,traditional_file
0,record_1404,record_1404,.,,Unknown,4.0,1.0,1.0,1.0,5.0,11.61,0.67,1.5,7.74,17.41,0.0,0.97,2.0,0.0,0.0,0.0,3.0,2.0,3.0,2.0,1.0,1,1,0,0,0,0,0,0,0,0,0,0,0,0,1,0,1,0,0,0,0,0,0,0,0,0,0,0,1,0,0,,,kc1,traditional_file
0,record_1405,record_1405,.,,Unknown,1.0,1.0,1.0,1.0,1.0,0.0,0.0,0.0,0.0,0.0,0.0,0.0,0.0,0.0,0.0,0.0,1.0,0.0,1.0,0.0,1.0,1,1,0,0,0,0,0,0,0,0,0,0,0,0,1,0,1,0,0,0,0,0,0,0,0,0,0,0,1,0,0,,,kc1,traditional_file
0,record_1406,record_1406,.,,Unknown,3.0,1.0,1.0,1.0,5.0,11.61,0.67,1.5,7.74,17.41,0.0,0.97,0.0,0.0,0.0,0.0,3.0,2.0,3.0,2.0,1.0,1,1,0,0,0,0,0,0,0,0,0,0,0,0,1,0,1,0,0,0,0,0,0,0,0,0,0,0,1,0,0,,,kc1,traditional_file
0,record_1407,record_1407,.,,Unknown,2.0,1.0,1.0,1.0,4.0,8.0,0.67,1.5,5.33,12.0,0.0,0.67,0.0,0.0,0.0,0.0,3.0,1.0,3.0,1.0,1.0,1,1,0,0,0,0,0,0,0,0,0,0,0,0,1,0,1,0,0,0,0,0,0,0,0,0,0,0,1,0,0,,,kc1,traditional_file
0,record_1408,record_1408,.,,Unknown,85.0,11.0,6.0,9.0,211.0,1246.35,0.04,27.33,45.6,34067.01,0.42,1892.61,72.0,2.0,9.0,0.0,24.0,36.0,129.0,82.0,21.0,1,1,0,0,0,0,0,0,0,0,0,0,0,0,1,0,1,0,0,0,0,0,0,0,0,0,0,0,1,0,0,,,kc1,traditional_file
0,record_1409,record_1409,.,,Unknown,150.0,17.0,8.0,15.0,317.0,1894.8,0.03,35.08,54.02,66460.03,0.63,3692.22,92.0,13.0,34.0,9.0,23.0,40.0,195.0,122.0,33.0,1,1,0,0,0,0,0,0,0,0,0,0,0,0,1,0,1,0,0,0,0,0,0,0,0,0,0,0,1,0,0,,,kc1,traditional_file
0,record_1410,record_1410,.,,Unknown,148.0,19.0,12.0,14.0,396.0,2551.41,0.03,37.49,68.05,95656.09,0.85,5314.23,116.0,11.0,19.0,0.0,28.0,59.0,238.0,158.0,37.0,1,1,0,0,0,0,0,0,0,0,0,0,0,0,1,0,1,0,0,0,0,0,0,0,0,0,0,0,1,0,0,,,kc1,traditional_file
0,record_1411,record_1411,.,,Unknown,2.0,1.0,1.0,1.0,4.0,8.0,0.67,1.5,5.33,12.0,0.0,0.67,0.0,0.0,0.0,0.0,3.0,1.0,3.0,1.0,1.0,1,1,0,0,0,0,0,0,0,0,0,0,0,0,1,0,1,0,0,0,0,0,0,0,0,0,0,0,1,0,0,,,kc1,traditional_file
0,record_1412,record_1412,.,,Unknown,3.0,1.0,1.0,1.0,5.0,11.61,0.67,1.5,7.74,17.41,0.0,0.97,0.0,0.0,0.0,0.0,3.0,2.0,3.0,2.0,1.0,1,1,0,0,0,0,0,0,0,0,0,0,0,0,1,0,1,0,0,0,0,0,0,0,0,0,0,0,1,0,0,,,kc1,traditional_file
0,record_1413,record_1413,.,,Unknown,155.0,24.0,19.0,18.0,407.0,2535.13,0.03,31.5,80.48,79856.57,0.85,4436.48,134.0,2.0,17.0,0.0,21.0,54.0,245.0,162.0,47.0,1,1,0,0,0,0,0,0,0,0,0,0,0,0,1,0,1,0,0,0,0,0,0,0,0,0,0,0,1,0,0,,,kc1,traditional_file
0,record_1414,record_1414,.,,Unknown,4.0,1.0,1.0,1.0,5.0,11.61,0.67,1.5,7.74,17.41,0.0,0.97,0.0,0.0,0.0,0.0,3.0,2.0,3.0,2.0,1.0,1,1,0,0,0,0,0,0,0,0,0,0,0,0,1,0,1,0,0,0,0,0,0,0,0,0,0,0,1,0,0,,,kc1,traditional_file
0,record_1415,record_1415,.,,Unknown,118.0,14.0,11.0,11.0,328.0,2073.59,0.04,26.55,78.1,55057.45,0.69,3058.75,94.0,3.0,19.0,0.0,22.0,58.0,188.0,140.0,27.0,1,1,0,0,0,0,0,0,0,0,0,0,0,0,1,0,1,0,0,0,0,0,0,0,0,0,0,0,1,0,0,,,kc1,traditional_file
0,record_1416,record_1416,.,,Unknown,108.0,12.0,11.0,10.0,276.0,1636.88,0.05,21.35,76.67,34945.56,0.55,1941.42,88.0,3.0,15.0,0.0,18.0,43.0,174.0,102.0,23.0,1,1,0,0,0,0,0,0,0,0,0,0,0,0,1,0,1,0,0,0,0,0,0,0,0,0,0,0,1,0,0,,,kc1,traditional_file
0,record_1417,record_1417,.,,Unknown,8.0,2.0,1.0,2.0,14.0,44.38,0.11,8.75,5.07,388.32,0.01,21.57,6.0,0.0,0.0,0.0,7.0,2.0,9.0,5.0,3.0,1,1,0,0,0,0,0,0,0,0,0,0,0,0,1,0,1,0,0,0,0,0,0,0,0,0,0,0,1,0,0,,,kc1,traditional_file
0,record_1418,record_1418,.,,Unknown,32.0,6.0,1.0,4.0,58.0,250.67,0.09,10.64,23.57,2666.24,0.08,148.12,21.0,8.0,1.0,0.0,9.0,11.0,32.0,26.0,11.0,1,1,0,0,0,0,0,0,0,0,0,0,0,0,1,0,1,0,0,0,0,0,0,0,0,0,0,0,1,0,0,,,kc1,traditional_file
0,record_1419,record_1419,.,,Unknown,3.0,1.0,1.0,1.0,1.0,0.0,0.0,0.0,0.0,0.0,0.0,0.0,1.0,0.0,0.0,0.0,1.0,0.0,1.0,0.0,1.0,1,1,0,0,0,0,0,0,0,0,0,0,0,0,1,0,1,0,0,0,0,0,0,0,0,0,0,0,1,0,0,,,kc1,traditional_file
0,record_1420,record_1420,.,,Unknown,3.0,1.0,1.0,1.0,1.0,0.0,0.0,0.0,0.0,0.0,0.0,0.0,1.0,0.0,0.0,0.0,1.0,0.0,1.0,0.0,1.0,1,1,0,0,0,0,0,0,0,0,0,0,0,0,1,0,1,0,0,0,0,0,0,0,0,0,0,0,1,0,0,,,kc1,traditional_file
0,record_1421,record_1421,.,,Unknown,10.0,2.0,1.0,2.0,15.0,51.89,0.23,4.38,11.86,227.03,0.02,12.61,6.0,1.0,1.0,0.0,7.0,4.0,10.0,5.0,3.0,1,1,0,0,0,0,0,0,0,0,0,0,0,0,1,0,1,0,0,0,0,0,0,0,0,0,0,0,1,0,0,,,kc1,traditional_file
0,record_1422,record_1422,.,,Unknown,3.0,1.0,1.0,1.0,1.0,0.0,0.0,0.0,0.0,0.0,0.0,0.0,1.0,0.0,0.0,0.0,1.0,0.0,1.0,0.0,1.0,1,1,0,0,0,0,0,0,0,0,0,0,0,0,1,0,1,0,0,0,0,0,0,0,0,0,0,0,1,0,0,,,kc1,traditional_file
0,record_1423,record_1423,.,,Unknown,46.0,2.0,1.0,2.0,97.0,505.32,0.13,7.59,66.55,3836.67,0.17,213.15,22.0,5.0,5.0,12.0,10.0,27.0,56.0,41.0,3.0,1,1,0,0,0,0,0,0,0,0,0,0,0,0,1,0,1,0,0,0,0,0,0,0,0,0,0,0,1,0,0,,,kc1,traditional_file
0,record_1424,record_1424,.,,Unknown,12.0,1.0,1.0,1.0,18.0,57.06,0.27,3.75,15.22,213.97,0.02,11.89,6.0,4.0,0.0,0.0,5.0,4.0,12.0,6.0,1.0,1,1,0,0,0,0,0,0,0,0,0,0,0,0,1,0,1,0,0,0,0,0,0,0,0,0,0,0,1,0,0,,,kc1,traditional_file
0,record_1425,record_1425,.,,Unknown,15.0,2.0,1.0,2.0,28.0,106.61,0.2,5.0,21.32,533.03,0.04,29.61,13.0,0.0,0.0,0.0,7.0,7.0,18.0,10.0,3.0,1,1,0,0,0,0,0,0,0,0,0,0,0,0,1,0,1,0,0,0,0,0,0,0,0,0,0,0,1,0,0,,,kc1,traditional_file
0,record_1426,record_1426,.,,Unknown,7.0,1.0,1.0,1.0,9.0,27.0,0.4,2.5,10.8,67.5,0.01,3.75,4.0,1.0,0.0,0.0,5.0,3.0,6.0,3.0,1.0,1,1,0,0,0,0,0,0,0,0,0,0,0,0,1,0,1,0,0,0,0,0,0,0,0,0,0,0,1,0,0,,,kc1,traditional_file
0,record_1427,record_1427,.,,Unknown,7.0,1.0,1.0,1.0,9.0,27.0,0.4,2.5,10.8,67.5,0.01,3.75,4.0,1.0,0.0,0.0,5.0,3.0,6.0,3.0,1.0,1,1,0,0,0,0,0,0,0,0,0,0,0,0,1,0,1,0,0,0,0,0,0,0,0,0,0,0,1,0,0,,,kc1,traditional_file
0,record_1428,record_1428,.,,Unknown,11.0,1.0,1.0,1.0,18.0,57.06,0.27,3.75,15.22,213.97,0.02,11.89,6.0,3.0,0.0,0.0,5.0,4.0,12.0,6.0,1.0,1,1,0,0,0,0,0,0,0,0,0,0,0,0,1,0,1,0,0,0,0,0,0,0,0,0,0,0,1,0,0,,,kc1,traditional_file
0,record_1429,record_1429,.,,Unknown,42.0,5.0,5.0,4.0,95.0,498.55,0.05,18.89,26.39,9417.11,0.17,523.16,29.0,4.0,5.0,2.0,20.0,18.0,61.0,34.0,9.0,1,1,0,0,0,0,0,0,0,0,0,0,0,0,1,0,1,0,0,0,0,0,0,0,0,0,0,0,1,0,0,,,kc1,traditional_file
0,record_1430,record_1430,.,,Unknown,85.0,6.0,1.0,6.0,187.0,1060.74,0.06,17.14,61.88,18184.17,0.35,1010.23,56.0,17.0,7.0,3.0,16.0,35.0,112.0,75.0,11.0,1,1,0,0,0,0,0,0,0,0,0,0,0,0,1,0,1,0,0,0,0,0,0,0,0,0,0,0,1,0,0,,,kc1,traditional_file
0,record_1431,record_1431,.,,Unknown,11.0,1.0,1.0,1.0,18.0,57.06,0.27,3.75,15.22,213.97,0.02,11.89,6.0,3.0,0.0,0.0,5.0,4.0,12.0,6.0,1.0,1,1,0,0,0,0,0,0,0,0,0,0,0,0,1,0,1,0,0,0,0,0,0,0,0,0,0,0,1,0,0,,,kc1,traditional_file
0,record_1432,record_1432,.,,Unknown,4.0,1.0,1.0,1.0,9.0,28.53,0.33,3.0,9.51,85.59,0.01,4.75,2.0,0.0,0.0,0.0,6.0,3.0,6.0,3.0,1.0,1,1,0,0,0,0,0,0,0,0,0,0,0,0,1,0,1,0,0,0,0,0,0,0,0,0,0,0,1,0,0,,,kc1,traditional_file
0,record_1433,record_1433,.,,Unknown,6.0,1.0,1.0,1.0,15.0,53.77,0.29,3.5,15.36,188.21,0.02,10.46,2.0,0.0,0.0,0.0,7.0,5.0,10.0,5.0,1.0,1,1,0,0,0,0,0,0,0,0,0,0,0,0,1,0,1,0,0,0,0,0,0,0,0,0,0,0,1,0,0,,,kc1,traditional_file
0,record_1434,record_1434,.,,Unknown,3.0,1.0,1.0,1.0,1.0,0.0,0.0,0.0,0.0,0.0,0.0,0.0,1.0,0.0,0.0,0.0,1.0,0.0,1.0,0.0,1.0,1,1,0,0,0,0,0,0,0,0,0,0,0,0,1,0,1,0,0,0,0,0,0,0,0,0,0,0,1,0,0,,,kc1,traditional_file
0,record_1435,record_1435,.,,Unknown,10.0,1.0,1.0,1.0,16.0,55.35,0.28,3.6,15.38,199.26,0.02,11.07,6.0,0.0,0.0,1.0,6.0,5.0,10.0,6.0,1.0,1,1,0,0,0,0,0,0,0,0,0,0,0,0,1,0,1,0,0,0,0,0,0,0,0,0,0,0,1,0,0,,,kc1,traditional_file
0,record_1436,record_1436,.,,Unknown,10.0,1.0,1.0,1.0,16.0,55.35,0.28,3.6,15.38,199.26,0.02,11.07,6.0,0.0,0.0,1.0,6.0,5.0,10.0,6.0,1.0,1,1,0,0,0,0,0,0,0,0,0,0,0,0,1,0,1,0,0,0,0,0,0,0,0,0,0,0,1,0,0,,,kc1,traditional_file
0,record_1437,record_1437,.,,Unknown,19.0,1.0,1.0,1.0,18.0,57.06,0.27,3.75,15.22,213.97,0.02,11.89,6.0,4.0,0.0,0.0,5.0,4.0,12.0,6.0,1.0,1,1,0,0,0,0,0,0,0,0,0,0,0,0,1,0,1,0,0,0,0,0,0,0,0,0,0,0,1,0,0,,,kc1,traditional_file
0,record_1438,record_1438,.,,Unknown,78.0,10.0,1.0,10.0,168.0,816.14,0.06,16.5,49.46,13466.32,0.27,748.13,57.0,6.0,6.0,0.0,11.0,18.0,114.0,54.0,19.0,1,1,0,0,0,0,0,0,0,0,0,0,0,0,1,0,1,0,0,0,0,0,0,0,0,0,0,0,1,0,0,,,kc1,traditional_file
0,record_1439,record_1439,.,,Unknown,68.0,5.0,1.0,5.0,144.0,771.49,0.07,15.29,50.46,11794.86,0.26,655.27,51.0,3.0,6.0,0.0,15.0,26.0,91.0,53.0,9.0,1,1,0,0,0,0,0,0,0,0,0,0,0,0,1,0,1,0,0,0,0,0,0,0,0,0,0,0,1,0,0,,,kc1,traditional_file
0,record_1440,record_1440,.,,Unknown,61.0,8.0,5.0,8.0,142.0,760.77,0.05,18.78,40.5,14289.29,0.25,793.85,48.0,3.0,6.0,0.0,18.0,23.0,94.0,48.0,15.0,1,1,0,0,0,0,0,0,0,0,0,0,0,0,1,0,1,0,0,0,0,0,0,0,0,0,0,0,1,0,0,,,kc1,traditional_file
0,record_1441,record_1441,.,,Unknown,2.0,1.0,1.0,1.0,3.0,4.75,1.0,1.0,4.75,4.75,0.0,0.26,0.0,0.0,0.0,0.0,2.0,1.0,2.0,1.0,1.0,1,1,0,0,0,0,0,0,0,0,0,0,0,0,1,0,1,0,0,0,0,0,0,0,0,0,0,0,1,0,0,,,kc1,traditional_file
0,record_1442,record_1442,.,,Unknown,6.0,1.0,1.0,1.0,9.0,25.27,0.67,1.5,16.84,37.9,0.01,2.11,2.0,1.0,0.0,1.0,3.0,4.0,5.0,4.0,1.0,1,1,0,0,0,0,0,0,0,0,0,0,0,0,1,0,1,0,0,0,0,0,0,0,0,0,0,0,1,0,0,,,kc1,traditional_file
0,record_1443,record_1443,.,,Unknown,25.0,1.0,1.0,1.0,82.0,433.4,0.23,4.27,101.6,1848.73,0.14,102.71,16.0,1.0,3.0,3.0,7.0,32.0,43.0,39.0,1.0,1,1,0,0,0,0,0,0,0,0,0,0,0,0,1,0,1,0,0,0,0,0,0,0,0,0,0,0,1,0,0,,,kc1,traditional_file
0,record_1444,record_1444,.,,Unknown,2.0,1.0,1.0,1.0,3.0,4.75,1.0,1.0,4.75,4.75,0.0,0.26,0.0,0.0,0.0,0.0,2.0,1.0,2.0,1.0,1.0,1,1,0,0,0,0,0,0,0,0,0,0,0,0,1,0,1,0,0,0,0,0,0,0,0,0,0,0,1,0,0,,,kc1,traditional_file
0,record_1445,record_1445,.,,Unknown,2.0,1.0,1.0,1.0,3.0,4.75,1.0,1.0,4.75,4.75,0.0,0.26,0.0,0.0,0.0,0.0,2.0,1.0,2.0,1.0,1.0,1,1,0,0,0,0,0,0,0,0,0,0,0,0,1,0,1,0,0,0,0,0,0,0,0,0,0,0,1,0,0,,,kc1,traditional_file
0,record_1446,record_1446,.,,Unknown,3.0,1.0,1.0,1.0,1.0,0.0,0.0,0.0,0.0,0.0,0.0,0.0,1.0,0.0,0.0,0.0,1.0,0.0,1.0,0.0,1.0,1,1,0,0,0,0,0,0,0,0,0,0,0,0,1,0,1,0,0,0,0,0,0,0,0,0,0,0,1,0,0,,,kc1,traditional_file
0,record_1447,record_1447,.,,Unknown,3.0,1.0,1.0,1.0,2.0,2.0,2.0,0.5,4.0,1.0,0.0,0.06,2.0,0.0,0.0,0.0,1.0,1.0,1.0,1.0,1.0,1,1,0,0,0,0,0,0,0,0,0,0,0,0,1,0,1,0,0,0,0,0,0,0,0,0,0,0,1,0,0,,,kc1,traditional_file
0,record_1448,record_1448,.,,Unknown,3.0,1.0,1.0,1.0,1.0,0.0,0.0,0.0,0.0,0.0,0.0,0.0,1.0,0.0,0.0,0.0,1.0,0.0,1.0,0.0,1.0,1,1,0,0,0,0,0,0,0,0,0,0,0,0,1,0,1,0,0,0,0,0,0,0,0,0,0,0,1,0,0,,,kc1,traditional_file
0,record_1449,record_1449,.,,Unknown,18.0,2.0,1.0,2.0,26.0,106.27,0.16,6.19,17.18,657.57,0.04,36.53,14.0,0.0,0.0,0.0,9.0,8.0,15.0,11.0,3.0,1,1,0,0,0,0,0,0,0,0,0,0,0,0,1,0,1,0,0,0,0,0,0,0,0,0,0,0,1,0,0,,,kc1,traditional_file
0,record_1450,record_1450,.,,Unknown,16.0,2.0,1.0,2.0,25.0,100.0,0.16,6.43,15.56,642.86,0.03,35.71,13.0,0.0,0.0,0.0,9.0,7.0,15.0,10.0,3.0,1,1,0,0,0,0,0,0,0,0,0,0,0,0,1,0,1,0,0,0,0,0,0,0,0,0,0,0,1,0,0,,,kc1,traditional_file
0,record_1451,record_1451,.,,Unknown,4.0,1.0,1.0,1.0,6.0,15.51,0.5,2.0,7.75,31.02,0.01,1.72,2.0,0.0,0.0,0.0,4.0,2.0,4.0,2.0,1.0,1,1,0,0,0,0,0,0,0,0,0,0,0,0,1,0,1,0,0,0,0,0,0,0,0,0,0,0,1,0,0,,,kc1,traditional_file
0,record_1452,record_1452,.,,Unknown,48.0,5.0,5.0,4.0,125.0,665.24,0.06,18.0,36.96,11974.34,0.22,665.24,36.0,4.0,2.0,4.0,18.0,22.0,81.0,44.0,9.0,1,1,0,0,0,0,0,0,0,0,0,0,0,0,1,0,1,0,0,0,0,0,0,0,0,0,0,0,1,0,0,,,kc1,traditional_file
0,record_1453,record_1453,.,,Unknown,28.0,2.0,1.0,2.0,64.0,300.83,0.12,8.57,35.1,2578.53,0.1,143.25,24.0,0.0,2.0,0.0,12.0,14.0,44.0,20.0,5.0,1,1,0,0,0,0,0,0,0,0,0,0,0,0,1,0,1,0,0,0,0,0,0,0,0,0,0,0,1,0,0,,,kc1,traditional_file
0,record_1454,record_1454,.,,Unknown,1.0,1.0,1.0,1.0,4.0,8.0,0.67,1.5,5.33,12.0,0.0,0.67,0.0,0.0,0.0,0.0,3.0,1.0,3.0,1.0,1.0,1,1,0,0,0,0,0,0,0,0,0,0,0,0,1,0,1,0,0,0,0,0,0,0,0,0,0,0,1,0,0,,,kc1,traditional_file
0,record_1455,record_1455,.,,Unknown,28.0,2.0,1.0,2.0,65.0,305.53,0.12,8.57,35.65,2618.82,0.1,145.49,24.0,0.0,2.0,0.0,12.0,14.0,45.0,20.0,5.0,1,1,0,0,0,0,0,0,0,0,0,0,0,0,1,0,1,0,0,0,0,0,0,0,0,0,0,0,1,0,0,,,kc1,traditional_file
0,record_1456,record_1456,.,,Unknown,75.0,5.0,1.0,5.0,154.0,845.75,0.07,14.0,60.41,11840.44,0.28,657.8,58.0,2.0,9.0,0.0,15.0,30.0,98.0,56.0,9.0,1,1,0,0,0,0,0,0,0,0,0,0,0,0,1,0,1,0,0,0,0,0,0,0,0,0,0,0,1,0,0,,,kc1,traditional_file
0,record_1457,record_1457,.,,Unknown,14.0,1.0,1.0,1.0,18.0,57.06,0.27,3.75,15.22,213.97,0.02,11.89,6.0,3.0,0.0,0.0,5.0,4.0,12.0,6.0,1.0,1,1,0,0,0,0,0,0,0,0,0,0,0,0,1,0,1,0,0,0,0,0,0,0,0,0,0,0,1,0,0,,,kc1,traditional_file
0,record_1458,record_1458,.,,Unknown,8.0,1.0,1.0,1.0,17.0,58.81,0.28,3.6,16.34,211.72,0.02,11.76,6.0,0.0,0.0,0.0,6.0,5.0,11.0,6.0,1.0,1,1,0,0,0,0,0,0,0,0,0,0,0,0,1,0,1,0,0,0,0,0,0,0,0,0,0,0,1,0,0,,,kc1,traditional_file
0,record_1459,record_1459,.,,Unknown,2.0,1.0,1.0,1.0,7.0,19.65,0.4,2.5,7.86,49.13,0.01,2.73,0.0,0.0,0.0,0.0,5.0,2.0,5.0,2.0,1.0,1,1,0,0,0,0,0,0,0,0,0,0,0,0,1,0,1,0,0,0,0,0,0,0,0,0,0,0,1,0,0,,,kc1,traditional_file
0,record_1460,record_1460,.,,Unknown,65.0,7.0,7.0,5.0,169.0,943.86,0.05,19.98,47.23,18860.9,0.31,1047.82,48.0,6.0,5.0,4.0,19.0,29.0,108.0,61.0,13.0,1,1,0,0,0,0,0,0,0,0,0,0,0,0,1,0,1,0,0,0,0,0,0,0,0,0,0,0,1,0,0,,,kc1,traditional_file
0,record_1461,record_1461,.,,Unknown,54.0,6.0,5.0,4.0,139.0,754.25,0.06,17.64,42.76,13304.98,0.25,739.17,41.0,5.0,3.0,3.0,18.0,25.0,90.0,49.0,11.0,1,1,0,0,0,0,0,0,0,0,0,0,0,0,1,0,1,0,0,0,0,0,0,0,0,0,0,0,1,0,0,,,kc1,traditional_file
0,record_1462,record_1462,.,,Unknown,13.0,2.0,1.0,2.0,29.0,110.41,0.15,6.67,16.56,736.09,0.04,40.89,9.0,1.0,1.0,0.0,8.0,6.0,19.0,10.0,3.0,1,1,0,0,0,0,0,0,0,0,0,0,0,0,1,0,1,0,0,0,0,0,0,0,0,0,0,0,1,0,0,,,kc1,traditional_file
0,record_1463,record_1463,.,,Unknown,18.0,2.0,1.0,2.0,35.0,136.74,0.15,6.86,19.94,937.65,0.05,52.09,14.0,0.0,2.0,0.0,8.0,7.0,23.0,12.0,3.0,1,1,0,0,0,0,0,0,0,0,0,0,0,0,1,0,1,0,0,0,0,0,0,0,0,0,0,0,1,0,0,,,kc1,traditional_file
0,record_1464,record_1464,.,,Unknown,5.0,1.0,1.0,1.0,11.0,36.54,0.33,3.0,12.18,109.62,0.01,6.09,2.0,0.0,0.0,0.0,6.0,4.0,7.0,4.0,1.0,1,1,0,0,0,0,0,0,0,0,0,0,0,0,1,0,1,0,0,0,0,0,0,0,0,0,0,0,1,0,0,,,kc1,traditional_file
0,record_1465,record_1465,.,,Unknown,4.0,1.0,1.0,1.0,9.0,28.53,0.33,3.0,9.51,85.59,0.01,4.75,2.0,0.0,0.0,0.0,6.0,3.0,6.0,3.0,1.0,1,1,0,0,0,0,0,0,0,0,0,0,0,0,1,0,1,0,0,0,0,0,0,0,0,0,0,0,1,0,0,,,kc1,traditional_file
0,record_1466,record_1466,.,,Unknown,4.0,1.0,1.0,1.0,9.0,28.53,0.33,3.0,9.51,85.59,0.01,4.75,2.0,0.0,0.0,0.0,6.0,3.0,6.0,3.0,1.0,1,1,0,0,0,0,0,0,0,0,0,0,0,0,1,0,1,0,0,0,0,0,0,0,0,0,0,0,1,0,0,,,kc1,traditional_file
0,record_1467,record_1467,.,,Unknown,5.0,1.0,1.0,1.0,11.0,36.54,0.33,3.0,12.18,109.62,0.01,6.09,2.0,0.0,0.0,0.0,6.0,4.0,7.0,4.0,1.0,1,1,0,0,0,0,0,0,0,0,0,0,0,0,1,0,1,0,0,0,0,0,0,0,0,0,0,0,1,0,0,,,kc1,traditional_file
0,record_1468,record_1468,.,,Unknown,12.0,1.0,1.0,1.0,34.0,136.0,0.17,6.0,22.67,816.0,0.05,45.33,7.0,0.0,1.0,0.0,8.0,8.0,22.0,12.0,1.0,1,1,0,0,0,0,0,0,0,0,0,0,0,0,1,0,1,0,0,0,0,0,0,0,0,0,0,0,1,0,0,,,kc1,traditional_file
0,record_1469,record_1469,.,,Unknown,12.0,1.0,1.0,1.0,34.0,136.0,0.17,6.0,22.67,816.0,0.05,45.33,7.0,0.0,1.0,0.0,8.0,8.0,22.0,12.0,1.0,1,1,0,0,0,0,0,0,0,0,0,0,0,0,1,0,1,0,0,0,0,0,0,0,0,0,0,0,1,0,0,,,kc1,traditional_file
0,record_1470,record_1470,.,,Unknown,46.0,5.0,5.0,4.0,109.0,583.97,0.06,17.27,33.81,10086.81,0.19,560.38,31.0,6.0,5.0,2.0,19.0,22.0,69.0,40.0,9.0,1,1,0,0,0,0,0,0,0,0,0,0,0,0,1,0,1,0,0,0,0,0,0,0,0,0,0,0,1,0,0,,,kc1,traditional_file
0,record_1471,record_1471,.,,Unknown,47.0,5.0,5.0,4.0,112.0,611.46,0.06,17.5,34.94,10700.49,0.2,594.47,32.0,5.0,6.0,2.0,20.0,24.0,70.0,42.0,9.0,1,1,0,0,0,0,0,0,0,0,0,0,0,0,1,0,1,0,0,0,0,0,0,0,0,0,0,0,1,0,0,,,kc1,traditional_file
0,record_1472,record_1472,.,,Unknown,39.0,4.0,1.0,4.0,70.0,350.0,0.1,9.92,35.28,3472.37,0.12,192.91,23.0,4.0,5.0,5.0,13.0,19.0,41.0,29.0,7.0,1,1,0,0,0,0,0,0,0,0,0,0,0,0,1,0,1,0,0,0,0,0,0,0,0,0,0,0,1,0,0,,,kc1,traditional_file
0,record_1473,record_1473,.,,Unknown,2.0,1.0,1.0,1.0,4.0,8.0,0.67,1.5,5.33,12.0,0.0,0.67,0.0,0.0,0.0,0.0,3.0,1.0,3.0,1.0,1.0,1,1,0,0,0,0,0,0,0,0,0,0,0,0,1,0,1,0,0,0,0,0,0,0,0,0,0,0,1,0,0,,,kc1,traditional_file
0,record_1474,record_1474,.,,Unknown,2.0,1.0,1.0,1.0,4.0,8.0,0.67,1.5,5.33,12.0,0.0,0.67,0.0,0.0,0.0,0.0,3.0,1.0,3.0,1.0,1.0,1,1,0,0,0,0,0,0,0,0,0,0,0,0,1,0,1,0,0,0,0,0,0,0,0,0,0,0,1,0,0,,,kc1,traditional_file
0,record_1475,record_1475,.,,Unknown,2.0,1.0,1.0,1.0,4.0,8.0,0.67,1.5,5.33,12.0,0.0,0.67,0.0,0.0,0.0,0.0,3.0,1.0,3.0,1.0,1.0,1,1,0,0,0,0,0,0,0,0,0,0,0,0,1,0,1,0,0,0,0,0,0,0,0,0,0,0,1,0,0,,,kc1,traditional_file
0,record_1476,record_1476,.,,Unknown,1.0,1.0,1.0,1.0,1.0,0.0,0.0,0.0,0.0,0.0,0.0,0.0,0.0,0.0,0.0,0.0,1.0,0.0,1.0,0.0,1.0,1,1,0,0,0,0,0,0,0,0,0,0,0,0,1,0,1,0,0,0,0,0,0,0,0,0,0,0,1,0,0,,,kc1,traditional_file
0,record_1477,record_1477,.,,Unknown,9.0,1.0,1.0,1.0,14.0,46.51,0.27,3.75,12.4,174.4,0.02,9.69,5.0,0.0,0.0,1.0,6.0,4.0,9.0,5.0,1.0,1,1,0,0,0,0,0,0,0,0,0,0,0,0,1,0,1,0,0,0,0,0,0,0,0,0,0,0,1,0,0,,,kc1,traditional_file
0,record_1478,record_1478,.,,Unknown,9.0,1.0,1.0,1.0,14.0,46.51,0.27,3.75,12.4,174.4,0.02,9.69,5.0,0.0,0.0,1.0,6.0,4.0,9.0,5.0,1.0,1,1,0,0,0,0,0,0,0,0,0,0,0,0,1,0,1,0,0,0,0,0,0,0,0,0,0,0,1,0,0,,,kc1,traditional_file
0,record_1479,record_1479,.,,Unknown,49.0,4.0,3.0,3.0,139.0,796.18,0.07,14.4,55.28,11467.22,0.27,637.07,35.0,1.0,6.0,0.0,17.0,36.0,78.0,61.0,7.0,1,1,0,0,0,0,0,0,0,0,0,0,0,0,1,0,1,0,0,0,0,0,0,0,0,0,0,0,1,0,0,,,kc1,traditional_file
0,record_1480,record_1480,.,,Unknown,1.0,1.0,1.0,1.0,5.0,11.61,0.67,1.5,7.74,17.41,0.0,0.97,0.0,0.0,0.0,0.0,3.0,2.0,3.0,2.0,1.0,1,1,0,0,0,0,0,0,0,0,0,0,0,0,1,0,1,0,0,0,0,0,0,0,0,0,0,0,1,0,0,,,kc1,traditional_file
0,record_1481,record_1481,.,,Unknown,1.0,1.0,1.0,1.0,5.0,11.61,0.67,1.5,7.74,17.41,0.0,0.97,0.0,0.0,0.0,0.0,3.0,2.0,3.0,2.0,1.0,1,1,0,0,0,0,0,0,0,0,0,0,0,0,1,0,1,0,0,0,0,0,0,0,0,0,0,0,1,0,0,,,kc1,traditional_file
0,record_1482,record_1482,.,,Unknown,19.0,2.0,1.0,2.0,41.0,174.17,0.15,6.75,25.8,1175.61,0.06,65.31,14.0,0.0,2.0,1.0,9.0,10.0,26.0,15.0,3.0,1,1,0,0,0,0,0,0,0,0,0,0,0,0,1,0,1,0,0,0,0,0,0,0,0,0,0,0,1,0,0,,,kc1,traditional_file
0,record_1483,record_1483,.,,Unknown,32.0,3.0,1.0,3.0,62.0,301.19,0.11,9.34,32.22,2814.29,0.1,156.35,23.0,4.0,3.0,0.0,13.0,16.0,39.0,23.0,5.0,1,1,0,0,0,0,0,0,0,0,0,0,0,0,1,0,1,0,0,0,0,0,0,0,0,0,0,0,1,0,0,,,kc1,traditional_file
0,record_1484,record_1484,.,,Unknown,15.0,2.0,1.0,2.0,45.0,194.49,0.13,8.0,24.31,1555.89,0.06,86.44,12.0,0.0,0.0,0.0,10.0,10.0,29.0,16.0,3.0,1,1,0,0,0,0,0,0,0,0,0,0,0,0,1,0,1,0,0,0,0,0,0,0,0,0,0,0,1,0,0,,,kc1,traditional_file
0,record_1485,record_1485,.,,Unknown,16.0,2.0,1.0,2.0,45.0,194.49,0.13,8.0,24.31,1555.89,0.06,86.44,13.0,0.0,0.0,0.0,10.0,10.0,29.0,16.0,3.0,1,1,0,0,0,0,0,0,0,0,0,0,0,0,1,0,1,0,0,0,0,0,0,0,0,0,0,0,1,0,0,,,kc1,traditional_file
0,record_1486,record_1486,.,,Unknown,9.0,1.0,1.0,1.0,27.0,102.8,0.17,6.0,17.13,616.79,0.03,34.27,6.0,0.0,0.0,0.0,8.0,6.0,18.0,9.0,1.0,1,1,0,0,0,0,0,0,0,0,0,0,0,0,1,0,1,0,0,0,0,0,0,0,0,0,0,0,1,0,0,,,kc1,traditional_file
0,record_1487,record_1487,.,,Unknown,16.0,1.0,1.0,1.0,34.0,144.43,0.17,5.85,24.69,844.91,0.05,46.94,9.0,1.0,1.0,0.0,9.0,10.0,21.0,13.0,1.0,1,1,0,0,0,0,0,0,0,0,0,0,0,0,1,0,1,0,0,0,0,0,0,0,0,0,0,0,1,0,0,,,kc1,traditional_file
0,record_1488,record_1488,.,,Unknown,14.0,1.0,1.0,1.0,26.0,106.27,0.18,5.63,18.89,597.79,0.04,33.21,8.0,1.0,2.0,0.0,9.0,8.0,16.0,10.0,1.0,1,1,0,0,0,0,0,0,0,0,0,0,0,0,1,0,1,0,0,0,0,0,0,0,0,0,0,0,1,0,0,,,kc1,traditional_file
0,record_1489,record_1489,.,,Unknown,9.0,1.0,1.0,1.0,27.0,102.8,0.17,6.0,17.13,616.79,0.03,34.27,6.0,0.0,0.0,0.0,8.0,6.0,18.0,9.0,1.0,1,1,0,0,0,0,0,0,0,0,0,0,0,0,1,0,1,0,0,0,0,0,0,0,0,0,0,0,1,0,0,,,kc1,traditional_file
0,record_1490,record_1490,.,,Unknown,6.0,1.0,1.0,1.0,5.0,11.61,0.67,1.5,7.74,17.41,0.0,0.97,2.0,2.0,0.0,0.0,3.0,2.0,3.0,2.0,1.0,1,1,0,0,0,0,0,0,0,0,0,0,0,0,1,0,1,0,0,0,0,0,0,0,0,0,0,0,1,0,0,,,kc1,traditional_file
0,record_1491,record_1491,.,,Unknown,17.0,2.0,1.0,2.0,53.0,236.35,0.13,7.92,29.85,1871.1,0.08,103.95,14.0,0.0,0.0,0.0,10.0,12.0,34.0,19.0,3.0,1,1,0,0,0,0,0,0,0,0,0,0,0,0,1,0,1,0,0,0,0,0,0,0,0,0,0,0,1,0,0,,,kc1,traditional_file
0,record_1492,record_1492,.,,Unknown,17.0,2.0,1.0,2.0,53.0,236.35,0.13,7.92,29.85,1871.1,0.08,103.95,14.0,0.0,0.0,0.0,10.0,12.0,34.0,19.0,3.0,1,1,0,0,0,0,0,0,0,0,0,0,0,0,1,0,1,0,0,0,0,0,0,0,0,0,0,0,1,0,0,,,kc1,traditional_file
0,record_1493,record_1493,.,,Unknown,15.0,2.0,1.0,2.0,45.0,194.49,0.13,8.0,24.31,1555.89,0.06,86.44,12.0,0.0,0.0,0.0,10.0,10.0,29.0,16.0,3.0,1,1,0,0,0,0,0,0,0,0,0,0,0,0,1,0,1,0,0,0,0,0,0,0,0,0,0,0,1,0,0,,,kc1,traditional_file
0,record_1494,record_1494,.,,Unknown,16.0,2.0,1.0,2.0,52.0,231.89,0.13,7.92,29.29,1835.8,0.08,101.99,14.0,0.0,0.0,0.0,10.0,12.0,33.0,19.0,3.0,1,1,0,0,0,0,0,0,0,0,0,0,0,0,1,0,1,0,0,0,0,0,0,0,0,0,0,0,1,0,0,,,kc1,traditional_file
0,record_1495,record_1495,.,,Unknown,22.0,2.0,1.0,2.0,36.0,144.0,0.21,4.67,30.86,672.0,0.05,37.33,14.0,3.0,2.0,1.0,7.0,9.0,24.0,12.0,3.0,1,1,0,0,0,0,0,0,0,0,0,0,0,0,1,0,1,0,0,0,0,0,0,0,0,0,0,0,1,0,0,,,kc1,traditional_file
0,record_1496,record_1496,.,,Unknown,50.0,4.0,3.0,3.0,138.0,794.17,0.07,13.78,57.62,10946.73,0.26,608.15,36.0,2.0,6.0,0.0,17.0,37.0,78.0,60.0,7.0,1,1,0,0,0,0,0,0,0,0,0,0,0,0,1,0,1,0,0,0,0,0,0,0,0,0,0,0,1,0,0,,,kc1,traditional_file
0,record_1497,record_1497,.,,Unknown,3.0,1.0,1.0,1.0,1.0,0.0,0.0,0.0,0.0,0.0,0.0,0.0,1.0,0.0,0.0,0.0,1.0,0.0,1.0,0.0,1.0,1,1,0,0,0,0,0,0,0,0,0,0,0,0,1,0,1,0,0,0,0,0,0,0,0,0,0,0,1,0,0,,,kc1,traditional_file
0,record_1498,record_1498,.,,Unknown,3.0,1.0,1.0,1.0,1.0,0.0,0.0,0.0,0.0,0.0,0.0,0.0,1.0,0.0,0.0,0.0,1.0,0.0,1.0,0.0,1.0,1,1,0,0,0,0,0,0,0,0,0,0,0,0,1,0,1,0,0,0,0,0,0,0,0,0,0,0,1,0,0,,,kc1,traditional_file
0,record_1499,record_1499,.,,Unknown,36.0,5.0,1.0,4.0,95.0,475.0,0.07,13.34,35.6,6337.5,0.16,352.08,30.0,0.0,1.0,0.0,13.0,19.0,56.0,39.0,9.0,1,1,0,0,0,0,0,0,0,0,0,0,0,0,1,0,1,0,0,0,0,0,0,0,0,0,0,0,1,0,0,,,kc1,traditional_file
0,record_1500,record_1500,.,,Unknown,18.0,1.0,1.0,1.0,48.0,207.45,0.12,8.18,25.36,1697.34,0.07,94.3,10.0,1.0,1.0,1.0,9.0,11.0,28.0,20.0,1.0,1,1,0,0,0,0,0,0,0,0,0,0,0,0,1,0,1,0,0,0,0,0,0,0,0,0,0,0,1,0,0,,,kc1,traditional_file
0,record_1501,record_1501,.,,Unknown,12.0,1.0,1.0,1.0,11.0,34.87,0.25,4.0,8.72,139.48,0.01,7.75,5.0,3.0,1.0,0.0,6.0,3.0,7.0,4.0,1.0,1,1,0,0,0,0,0,0,0,0,0,0,0,0,1,0,1,0,0,0,0,0,0,0,0,0,0,0,1,0,0,,,kc1,traditional_file
0,record_1502,record_1502,.,,Unknown,25.0,3.0,1.0,3.0,78.0,370.88,0.09,11.0,33.72,4079.69,0.12,226.65,17.0,3.0,1.0,0.0,11.0,16.0,46.0,32.0,5.0,1,1,0,0,0,0,0,0,0,0,0,0,0,0,1,0,1,0,0,0,0,0,0,0,0,0,0,0,1,0,0,,,kc1,traditional_file
0,record_1503,record_1503,.,,Unknown,13.0,2.0,1.0,2.0,32.0,125.02,0.18,5.69,21.98,711.05,0.04,39.5,9.0,1.0,2.0,0.0,7.0,8.0,19.0,13.0,3.0,1,1,0,0,0,0,0,0,0,0,0,0,0,0,1,0,1,0,0,0,0,0,0,0,0,0,0,0,1,0,0,,,kc1,traditional_file
0,record_1504,record_1504,.,,Unknown,5.0,1.0,1.0,1.0,4.0,8.0,1.0,1.0,8.0,8.0,0.0,0.44,2.0,0.0,0.0,0.0,2.0,2.0,2.0,2.0,1.0,1,1,0,0,0,0,0,0,0,0,0,0,0,0,1,0,1,0,0,0,0,0,0,0,0,0,0,0,1,0,0,,,kc1,traditional_file
0,record_1505,record_1505,.,,Unknown,3.0,1.0,1.0,1.0,4.0,8.0,1.0,1.0,8.0,8.0,0.0,0.44,2.0,0.0,0.0,0.0,2.0,2.0,2.0,2.0,1.0,1,1,0,0,0,0,0,0,0,0,0,0,0,0,1,0,1,0,0,0,0,0,0,0,0,0,0,0,1,0,0,,,kc1,traditional_file
0,record_1506,record_1506,.,,Unknown,4.0,1.0,1.0,1.0,3.0,4.75,1.0,1.0,4.75,4.75,0.0,0.26,0.0,0.0,0.0,0.0,2.0,1.0,2.0,1.0,1.0,1,1,0,0,0,0,0,0,0,0,0,0,0,0,1,0,1,0,0,0,0,0,0,0,0,0,0,0,1,0,0,,,kc1,traditional_file
0,record_1507,record_1507,.,,Unknown,11.0,1.0,1.0,1.0,22.0,85.95,0.19,5.25,16.37,451.25,0.03,25.07,7.0,0.0,0.0,0.0,9.0,6.0,15.0,7.0,1.0,1,1,0,0,0,0,0,0,0,0,0,0,0,0,1,0,1,0,0,0,0,0,0,0,0,0,0,0,1,0,0,,,kc1,traditional_file
0,record_1508,record_1508,.,,Unknown,45.0,7.0,3.0,7.0,112.0,579.03,0.07,14.95,38.72,8659.15,0.19,481.06,31.0,6.0,1.0,1.0,14.0,22.0,65.0,47.0,13.0,1,1,0,0,0,0,0,0,0,0,0,0,0,0,1,0,1,0,0,0,0,0,0,0,0,0,0,0,1,0,0,,,kc1,traditional_file
0,record_1509,record_1509,.,,Unknown,13.0,2.0,1.0,2.0,23.0,82.45,0.14,7.0,11.78,577.18,0.03,32.07,9.0,0.0,0.0,0.0,7.0,5.0,13.0,10.0,3.0,1,1,0,0,0,0,0,0,0,0,0,0,0,0,1,0,1,0,0,0,0,0,0,0,0,0,0,0,1,0,0,,,kc1,traditional_file
0,record_1510,record_1510,.,,Unknown,6.0,1.0,1.0,1.0,10.0,31.7,0.4,2.5,12.68,79.25,0.01,4.4,1.0,0.0,0.0,0.0,5.0,4.0,6.0,4.0,1.0,1,1,0,0,0,0,0,0,0,0,0,0,0,0,1,0,1,0,0,0,0,0,0,0,0,0,0,0,1,0,0,,,kc1,traditional_file
0,record_1511,record_1511,.,,Unknown,16.0,1.0,1.0,1.0,8.0,24.0,0.4,2.5,9.6,60.0,0.01,3.33,3.0,6.0,2.0,0.0,5.0,3.0,5.0,3.0,1.0,1,1,0,0,0,0,0,0,0,0,0,0,0,0,1,0,1,0,0,0,0,0,0,0,0,0,0,0,1,0,0,,,kc1,traditional_file
0,record_1512,record_1512,.,,Unknown,6.0,1.0,1.0,1.0,10.0,31.7,0.4,2.5,12.68,79.25,0.01,4.4,1.0,0.0,0.0,0.0,5.0,4.0,6.0,4.0,1.0,1,1,0,0,0,0,0,0,0,0,0,0,0,0,1,0,1,0,0,0,0,0,0,0,0,0,0,0,1,0,0,,,kc1,traditional_file
0,record_1513,record_1513,.,,Unknown,2.0,1.0,1.0,1.0,4.0,8.0,0.67,1.5,5.33,12.0,0.0,0.67,0.0,0.0,0.0,0.0,3.0,1.0,3.0,1.0,1.0,1,1,0,0,0,0,0,0,0,0,0,0,0,0,1,0,1,0,0,0,0,0,0,0,0,0,0,0,1,0,0,,,kc1,traditional_file
0,record_1514,record_1514,.,,Unknown,2.0,1.0,1.0,1.0,4.0,8.0,0.67,1.5,5.33,12.0,0.0,0.67,0.0,0.0,0.0,0.0,3.0,1.0,3.0,1.0,1.0,1,1,0,0,0,0,0,0,0,0,0,0,0,0,1,0,1,0,0,0,0,0,0,0,0,0,0,0,1,0,0,,,kc1,traditional_file
0,record_1515,record_1515,.,,Unknown,2.0,1.0,1.0,1.0,4.0,8.0,0.67,1.5,5.33,12.0,0.0,0.67,0.0,0.0,0.0,0.0,3.0,1.0,3.0,1.0,1.0,1,1,0,0,0,0,0,0,0,0,0,0,0,0,1,0,1,0,0,0,0,0,0,0,0,0,0,0,1,0,0,,,kc1,traditional_file
0,record_1516,record_1516,.,,Unknown,2.0,1.0,1.0,1.0,4.0,8.0,0.67,1.5,5.33,12.0,0.0,0.67,0.0,0.0,0.0,0.0,3.0,1.0,3.0,1.0,1.0,1,1,0,0,0,0,0,0,0,0,0,0,0,0,1,0,1,0,0,0,0,0,0,0,0,0,0,0,1,0,0,,,kc1,traditional_file
0,record_1517,record_1517,.,,Unknown,42.0,5.0,3.0,5.0,107.0,539.75,0.1,10.0,53.98,5397.5,0.18,299.86,34.0,1.0,3.0,0.0,12.0,21.0,72.0,35.0,8.0,1,1,0,0,0,0,0,0,0,0,0,0,0,0,1,0,1,0,0,0,0,0,0,0,0,0,0,0,1,0,0,,,kc1,traditional_file
0,record_1518,record_1518,.,,Unknown,2.0,1.0,1.0,1.0,5.0,11.61,0.67,1.5,7.74,17.41,0.0,0.97,0.0,0.0,0.0,0.0,3.0,2.0,3.0,2.0,1.0,1,1,0,0,0,0,0,0,0,0,0,0,0,0,1,0,1,0,0,0,0,0,0,0,0,0,0,0,1,0,0,,,kc1,traditional_file
0,record_1519,record_1519,.,,Unknown,135.0,29.0,13.0,29.0,519.0,3125.61,0.03,36.77,85.01,114916.0,1.04,6384.22,126.0,2.0,3.0,1.0,18.0,47.0,327.0,192.0,57.0,1,1,0,0,0,0,0,0,0,0,0,0,0,0,1,0,1,0,0,0,0,0,0,0,0,0,0,0,1,0,0,,,kc1,traditional_file
0,record_1520,record_1520,.,,Unknown,4.0,1.0,1.0,1.0,4.0,8.0,0.67,1.5,5.33,12.0,0.0,0.67,0.0,0.0,0.0,0.0,3.0,1.0,3.0,1.0,1.0,1,1,0,0,0,0,0,0,0,0,0,0,0,0,1,0,1,0,0,0,0,0,0,0,0,0,0,0,1,0,0,,,kc1,traditional_file
0,record_1521,record_1521,.,,Unknown,4.0,1.0,1.0,1.0,4.0,8.0,0.67,1.5,5.33,12.0,0.0,0.67,0.0,0.0,0.0,0.0,3.0,1.0,3.0,1.0,1.0,1,1,0,0,0,0,0,0,0,0,0,0,0,0,1,0,1,0,0,0,0,0,0,0,0,0,0,0,1,0,0,,,kc1,traditional_file
0,record_1522,record_1522,.,,Unknown,61.0,5.0,1.0,5.0,167.0,922.43,0.08,13.0,70.96,11991.65,0.31,666.2,51.0,1.0,6.0,0.0,13.0,33.0,101.0,66.0,9.0,1,1,0,0,0,0,0,0,0,0,0,0,0,0,1,0,1,0,0,0,0,0,0,0,0,0,0,0,1,0,0,,,kc1,traditional_file
0,record_1523,record_1523,.,,Unknown,25.0,3.0,1.0,3.0,65.0,305.53,0.11,9.17,33.33,2800.68,0.1,155.59,17.0,2.0,1.0,0.0,11.0,15.0,40.0,25.0,5.0,1,1,0,0,0,0,0,0,0,0,0,0,0,0,1,0,1,0,0,0,0,0,0,0,0,0,0,0,1,0,0,,,kc1,traditional_file
0,record_1524,record_1524,.,,Unknown,12.0,1.0,1.0,1.0,35.0,143.06,0.22,4.55,31.44,650.93,0.05,36.16,6.0,0.0,0.0,0.0,7.0,10.0,22.0,13.0,1.0,1,1,0,0,0,0,0,0,0,0,0,0,0,0,1,0,1,0,0,0,0,0,0,0,0,0,0,0,1,0,0,,,kc1,traditional_file
0,record_1525,record_1525,.,,Unknown,44.0,5.0,3.0,5.0,99.0,495.0,0.08,13.22,37.44,6545.0,0.17,363.61,35.0,1.0,4.0,0.0,14.0,18.0,65.0,34.0,8.0,1,1,0,0,0,0,0,0,0,0,0,0,0,0,1,0,1,0,0,0,0,0,0,0,0,0,0,0,1,0,0,,,kc1,traditional_file
0,record_1526,record_1526,.,,Unknown,4.0,1.0,1.0,1.0,5.0,11.61,0.67,1.5,7.74,17.41,0.0,0.97,0.0,0.0,0.0,0.0,3.0,2.0,3.0,2.0,1.0,1,1,0,0,0,0,0,0,0,0,0,0,0,0,1,0,1,0,0,0,0,0,0,0,0,0,0,0,1,0,0,,,kc1,traditional_file
0,record_1527,record_1527,.,,Unknown,11.0,1.0,1.0,1.0,11.0,36.54,0.33,3.0,12.18,109.62,0.01,6.09,6.0,0.0,1.0,0.0,6.0,4.0,7.0,4.0,1.0,1,1,0,0,0,0,0,0,0,0,0,0,0,0,1,0,1,0,0,0,0,0,0,0,0,0,0,0,1,0,0,,,kc1,traditional_file
0,record_1528,record_1528,.,,Unknown,57.0,9.0,1.0,6.0,121.0,599.46,0.07,14.76,40.61,8849.14,0.2,491.62,50.0,1.0,4.0,0.0,10.0,21.0,59.0,62.0,17.0,1,1,0,0,0,0,0,0,0,0,0,0,0,0,1,0,1,0,0,0,0,0,0,0,0,0,0,0,1,0,0,,,kc1,traditional_file
0,record_1529,record_1529,.,,Unknown,39.0,9.0,7.0,7.0,137.0,708.28,0.05,21.6,32.79,15298.84,0.24,849.94,32.0,0.0,1.0,0.0,16.0,20.0,83.0,54.0,17.0,1,1,0,0,0,0,0,0,0,0,0,0,0,0,1,0,1,0,0,0,0,0,0,0,0,0,0,0,1,0,0,,,kc1,traditional_file
0,record_1530,record_1530,.,,Unknown,4.0,1.0,1.0,1.0,5.0,11.61,0.67,1.5,7.74,17.41,0.0,0.97,2.0,0.0,0.0,0.0,3.0,2.0,3.0,2.0,1.0,1,1,0,0,0,0,0,0,0,0,0,0,0,0,1,0,1,0,0,0,0,0,0,0,0,0,0,0,1,0,0,,,kc1,traditional_file
0,record_1531,record_1531,.,,Unknown,1.0,1.0,1.0,1.0,1.0,0.0,0.0,0.0,0.0,0.0,0.0,0.0,0.0,0.0,0.0,0.0,1.0,0.0,1.0,0.0,1.0,1,1,0,0,0,0,0,0,0,0,0,0,0,0,1,0,1,0,0,0,0,0,0,0,0,0,0,0,1,0,0,,,kc1,traditional_file
0,record_1532,record_1532,.,,Unknown,4.0,1.0,1.0,1.0,5.0,11.61,0.5,2.0,5.8,23.22,0.0,1.29,2.0,0.0,0.0,0.0,4.0,1.0,4.0,1.0,1.0,1,1,0,0,0,0,0,0,0,0,0,0,0,0,1,0,1,0,0,0,0,0,0,0,0,0,0,0,1,0,0,,,kc1,traditional_file
0,record_1533,record_1533,.,,Unknown,7.0,1.0,1.0,1.0,17.0,51.0,0.42,2.4,21.25,122.4,0.02,6.8,5.0,0.0,0.0,0.0,3.0,5.0,9.0,8.0,1.0,1,1,0,0,0,0,0,0,0,0,0,0,0,0,1,0,1,0,0,0,0,0,0,0,0,0,0,0,1,0,0,,,kc1,traditional_file
0,record_1534,record_1534,.,,Unknown,7.0,2.0,1.0,2.0,8.0,20.68,0.2,5.0,4.14,103.4,0.01,5.74,5.0,0.0,0.0,0.0,5.0,1.0,6.0,2.0,3.0,1,1,0,0,0,0,0,0,0,0,0,0,0,0,1,0,1,0,0,0,0,0,0,0,0,0,0,0,1,0,0,,,kc1,traditional_file
0,record_1535,record_1535,.,,Unknown,4.0,1.0,1.0,1.0,1.0,0.0,0.0,0.0,0.0,0.0,0.0,0.0,1.0,1.0,0.0,0.0,1.0,0.0,1.0,0.0,1.0,1,1,0,0,0,0,0,0,0,0,0,0,0,0,1,0,1,0,0,0,0,0,0,0,0,0,0,0,1,0,0,,,kc1,traditional_file
0,record_1536,record_1536,.,,Unknown,3.0,1.0,1.0,1.0,1.0,0.0,0.0,0.0,0.0,0.0,0.0,0.0,1.0,0.0,0.0,0.0,1.0,0.0,1.0,0.0,1.0,1,1,0,0,0,0,0,0,0,0,0,0,0,0,1,0,1,0,0,0,0,0,0,0,0,0,0,0,1,0,0,,,kc1,traditional_file
0,record_1537,record_1537,.,,Unknown,4.0,1.0,1.0,1.0,5.0,11.61,0.5,2.0,5.8,23.22,0.0,1.29,2.0,0.0,0.0,0.0,4.0,1.0,4.0,1.0,1.0,1,1,0,0,0,0,0,0,0,0,0,0,0,0,1,0,1,0,0,0,0,0,0,0,0,0,0,0,1,0,0,,,kc1,traditional_file
0,record_1538,record_1538,.,,Unknown,6.0,1.0,1.0,1.0,18.0,62.27,0.19,5.25,11.86,326.92,0.02,18.16,3.0,0.0,0.0,1.0,7.0,4.0,12.0,6.0,1.0,1,1,0,0,0,0,0,0,0,0,0,0,0,0,1,0,1,0,0,0,0,0,0,0,0,0,0,0,1,0,0,,,kc1,traditional_file
0,record_1539,record_1539,.,,Unknown,5.0,1.0,1.0,1.0,12.0,36.0,0.22,4.5,8.0,162.0,0.01,9.0,3.0,0.0,0.0,0.0,6.0,2.0,9.0,3.0,1.0,1,1,0,0,0,0,0,0,0,0,0,0,0,0,1,0,1,0,0,0,0,0,0,0,0,0,0,0,1,0,0,,,kc1,traditional_file
0,record_1540,record_1540,.,,Unknown,20.0,2.0,1.0,2.0,49.0,208.15,0.1,10.0,20.81,2081.48,0.07,115.64,14.0,0.0,2.0,0.0,10.0,9.0,31.0,18.0,3.0,1,1,0,0,0,0,0,0,0,0,0,0,0,0,1,0,1,0,0,0,0,0,0,0,0,0,0,0,1,0,0,,,kc1,traditional_file
0,record_1541,record_1541,.,,Unknown,5.0,1.0,1.0,1.0,7.0,19.65,0.4,2.5,7.86,49.13,0.01,2.73,0.0,0.0,0.0,0.0,5.0,2.0,5.0,2.0,1.0,1,1,0,0,0,0,0,0,0,0,0,0,0,0,1,0,1,0,0,0,0,0,0,0,0,0,0,0,1,0,0,,,kc1,traditional_file
0,record_1542,record_1542,.,,Unknown,14.0,1.0,1.0,1.0,16.0,44.92,0.38,2.67,16.84,119.78,0.01,6.65,5.0,3.0,4.0,0.0,4.0,3.0,12.0,4.0,1.0,1,1,0,0,0,0,0,0,0,0,0,0,0,0,1,0,1,0,0,0,0,0,0,0,0,0,0,0,1,0,0,,,kc1,traditional_file
0,record_1543,record_1543,.,,Unknown,2.0,1.0,1.0,1.0,4.0,8.0,0.67,1.5,5.33,12.0,0.0,0.67,0.0,0.0,0.0,0.0,3.0,1.0,3.0,1.0,1.0,1,1,0,0,0,0,0,0,0,0,0,0,0,0,1,0,1,0,0,0,0,0,0,0,0,0,0,0,1,0,0,,,kc1,traditional_file
0,record_1544,record_1544,.,,Unknown,2.0,1.0,1.0,1.0,5.0,11.61,0.67,1.5,7.74,17.41,0.0,0.97,0.0,0.0,0.0,0.0,3.0,2.0,3.0,2.0,1.0,1,1,0,0,0,0,0,0,0,0,0,0,0,0,1,0,1,0,0,0,0,0,0,0,0,0,0,0,1,0,0,,,kc1,traditional_file
0,record_1545,record_1545,.,,Unknown,18.0,1.0,1.0,1.0,45.0,203.56,0.12,8.25,24.67,1679.37,0.07,93.3,12.0,0.0,1.0,0.0,11.0,12.0,27.0,18.0,1.0,1,1,0,0,0,0,0,0,0,0,0,0,0,0,1,0,1,0,0,0,0,0,0,0,0,0,0,0,1,0,0,,,kc1,traditional_file
0,record_1546,record_1546,.,,Unknown,2.0,2.0,1.0,2.0,7.0,18.09,0.2,5.0,3.62,90.47,0.01,5.03,0.0,0.0,0.0,0.0,5.0,1.0,5.0,2.0,3.0,1,1,0,0,0,0,0,0,0,0,0,0,0,0,1,0,1,0,0,0,0,0,0,0,0,0,0,0,1,0,0,,,kc1,traditional_file
0,record_1547,record_1547,.,,Unknown,2.0,1.0,1.0,1.0,5.0,11.61,0.67,1.5,7.74,17.41,0.0,0.97,0.0,0.0,0.0,0.0,3.0,2.0,3.0,2.0,1.0,1,1,0,0,0,0,0,0,0,0,0,0,0,0,1,0,1,0,0,0,0,0,0,0,0,0,0,0,1,0,0,,,kc1,traditional_file
0,record_1548,record_1548,.,,Unknown,9.0,2.0,1.0,1.0,14.0,48.43,0.34,2.92,16.61,141.26,0.02,7.85,6.0,0.0,1.0,0.0,5.0,6.0,7.0,7.0,3.0,1,1,0,0,0,0,0,0,0,0,0,0,0,0,1,0,1,0,0,0,0,0,0,0,0,0,0,0,1,0,0,,,kc1,traditional_file
0,record_1549,record_1549,.,,Unknown,5.0,1.0,1.0,1.0,13.0,43.19,0.33,3.0,14.4,129.56,0.01,7.2,1.0,0.0,0.0,0.0,6.0,4.0,9.0,4.0,1.0,1,1,0,0,0,0,0,0,0,0,0,0,0,0,1,0,1,0,0,0,0,0,0,0,0,0,0,0,1,0,0,,,kc1,traditional_file
0,record_1550,record_1550,.,,Unknown,2.0,1.0,1.0,1.0,5.0,11.61,0.67,1.5,7.74,17.41,0.0,0.97,0.0,0.0,0.0,0.0,3.0,2.0,3.0,2.0,1.0,1,1,0,0,0,0,0,0,0,0,0,0,0,0,1,0,1,0,0,0,0,0,0,0,0,0,0,0,1,0,0,,,kc1,traditional_file
0,record_1551,record_1551,.,,Unknown,16.0,2.0,1.0,2.0,26.0,101.58,0.11,9.0,11.29,914.21,0.03,50.79,9.0,0.0,1.0,0.0,10.0,5.0,17.0,9.0,3.0,1,1,0,0,0,0,0,0,0,0,0,0,0,0,1,0,1,0,0,0,0,0,0,0,0,0,0,0,1,0,0,,,kc1,traditional_file
0,record_1552,record_1552,.,,Unknown,17.0,2.0,1.0,2.0,30.0,125.1,0.13,7.86,15.92,982.91,0.04,54.61,10.0,0.0,1.0,0.0,11.0,7.0,20.0,10.0,3.0,1,1,0,0,0,0,0,0,0,0,0,0,0,0,1,0,1,0,0,0,0,0,0,0,0,0,0,0,1,0,0,,,kc1,traditional_file
0,record_1553,record_1553,.,,Unknown,2.0,1.0,1.0,1.0,5.0,11.61,0.5,2.0,5.8,23.22,0.0,1.29,0.0,0.0,0.0,0.0,4.0,1.0,4.0,1.0,1.0,1,1,0,0,0,0,0,0,0,0,0,0,0,0,1,0,1,0,0,0,0,0,0,0,0,0,0,0,1,0,0,,,kc1,traditional_file
0,record_1554,record_1554,.,,Unknown,10.0,2.0,1.0,2.0,19.0,70.31,0.15,6.75,10.42,474.58,0.02,26.37,8.0,0.0,0.0,0.0,9.0,4.0,13.0,6.0,3.0,1,1,0,0,0,0,0,0,0,0,0,0,0,0,1,0,1,0,0,0,0,0,0,0,0,0,0,0,1,0,0,,,kc1,traditional_file
0,record_1555,record_1555,.,,Unknown,4.0,1.0,1.0,1.0,5.0,11.61,0.0,0.0,0.0,0.0,0.0,0.0,2.0,0.0,0.0,0.0,5.0,0.0,5.0,0.0,1.0,1,1,0,0,0,0,0,0,0,0,0,0,0,0,1,0,1,0,0,0,0,0,0,0,0,0,0,0,1,0,0,,,kc1,traditional_file
0,record_1556,record_1556,.,,Unknown,2.0,1.0,1.0,1.0,4.0,8.0,0.0,0.0,0.0,0.0,0.0,0.0,0.0,0.0,0.0,0.0,4.0,0.0,4.0,0.0,1.0,1,1,0,0,0,0,0,0,0,0,0,0,0,0,1,0,1,0,0,0,0,0,0,0,0,0,0,0,1,0,0,,,kc1,traditional_file
0,record_1557,record_1557,.,,Unknown,4.0,1.0,1.0,1.0,3.0,4.75,1.0,1.0,4.75,4.75,0.0,0.26,0.0,0.0,0.0,0.0,2.0,1.0,2.0,1.0,1.0,1,1,0,0,0,0,0,0,0,0,0,0,0,0,1,0,1,0,0,0,0,0,0,0,0,0,0,0,1,0,0,,,kc1,traditional_file
0,record_1558,record_1558,.,,Unknown,4.0,1.0,1.0,1.0,3.0,4.75,1.0,1.0,4.75,4.75,0.0,0.26,0.0,0.0,0.0,0.0,2.0,1.0,2.0,1.0,1.0,1,1,0,0,0,0,0,0,0,0,0,0,0,0,1,0,1,0,0,0,0,0,0,0,0,0,0,0,1,0,0,,,kc1,traditional_file
0,record_1559,record_1559,.,,Unknown,2.0,1.0,1.0,1.0,3.0,4.75,1.0,1.0,4.75,4.75,0.0,0.26,0.0,0.0,0.0,0.0,2.0,1.0,2.0,1.0,1.0,1,1,0,0,0,0,0,0,0,0,0,0,0,0,1,0,1,0,0,0,0,0,0,0,0,0,0,0,1,0,0,,,kc1,traditional_file
0,record_1560,record_1560,.,,Unknown,1.0,1.0,1.0,1.0,0.0,0.0,0.0,0.0,0.0,0.0,0.0,0.0,0.0,0.0,0.0,0.0,0.0,0.0,0.0,0.0,1.0,1,1,0,0,0,0,0,0,0,0,0,0,0,0,1,0,1,0,0,0,0,0,0,0,0,0,0,0,1,0,0,,,kc1,traditional_file
0,record_1561,record_1561,.,,Unknown,4.0,1.0,1.0,1.0,5.0,10.0,0.67,1.5,6.67,15.0,0.0,0.83,1.0,0.0,0.0,0.0,2.0,2.0,2.0,3.0,1.0,1,1,0,0,0,0,0,0,0,0,0,0,0,0,1,0,1,0,0,0,0,0,0,0,0,0,0,0,1,0,0,,,kc1,traditional_file
0,record_1562,record_1562,.,,Unknown,3.0,1.0,1.0,1.0,5.0,10.0,0.67,1.5,6.67,15.0,0.0,0.83,2.0,0.0,0.0,0.0,2.0,2.0,2.0,3.0,1.0,1,1,0,0,0,0,0,0,0,0,0,0,0,0,1,0,1,0,0,0,0,0,0,0,0,0,0,0,1,0,0,,,kc1,traditional_file
0,record_1563,record_1563,.,,Unknown,2.0,1.0,1.0,1.0,8.0,20.68,1.0,1.0,20.68,20.68,0.01,1.15,0.0,0.0,0.0,0.0,2.0,4.0,4.0,4.0,1.0,1,1,0,0,0,0,0,0,0,0,0,0,0,0,1,0,1,0,0,0,0,0,0,0,0,0,0,0,1,0,0,,,kc1,traditional_file
0,record_1564,record_1564,.,,Unknown,1.0,1.0,1.0,1.0,0.0,0.0,0.0,0.0,0.0,0.0,0.0,0.0,0.0,0.0,0.0,0.0,0.0,0.0,0.0,0.0,1.0,1,1,0,0,0,0,0,0,0,0,0,0,0,0,1,0,1,0,0,0,0,0,0,0,0,0,0,0,1,0,0,,,kc1,traditional_file
0,record_1565,record_1565,.,,Unknown,1.0,1.0,1.0,1.0,0.0,0.0,0.0,0.0,0.0,0.0,0.0,0.0,0.0,0.0,0.0,0.0,0.0,0.0,0.0,0.0,1.0,1,1,0,0,0,0,0,0,0,0,0,0,0,0,1,0,1,0,0,0,0,0,0,0,0,0,0,0,1,0,0,,,kc1,traditional_file
0,record_1566,record_1566,.,,Unknown,4.0,1.0,1.0,1.0,1.0,0.0,0.0,0.0,0.0,0.0,0.0,0.0,1.0,1.0,0.0,0.0,1.0,0.0,1.0,0.0,1.0,1,1,0,0,0,0,0,0,0,0,0,0,0,0,1,0,1,0,0,0,0,0,0,0,0,0,0,0,1,0,0,,,kc1,traditional_file
0,record_1567,record_1567,.,,Unknown,3.0,1.0,1.0,1.0,1.0,0.0,0.0,0.0,0.0,0.0,0.0,0.0,1.0,0.0,0.0,0.0,0.0,1.0,0.0,1.0,1.0,1,1,0,0,0,0,0,0,0,0,0,0,0,0,1,0,1,0,0,0,0,0,0,0,0,0,0,0,1,0,0,,,kc1,traditional_file
0,record_1568,record_1568,.,,Unknown,2.0,1.0,1.0,1.0,3.0,4.75,1.0,1.0,4.75,4.75,0.0,0.26,0.0,0.0,0.0,0.0,2.0,1.0,2.0,1.0,1.0,1,1,0,0,0,0,0,0,0,0,0,0,0,0,1,0,1,0,0,0,0,0,0,0,0,0,0,0,1,0,0,,,kc1,traditional_file
0,record_1569,record_1569,.,,Unknown,4.0,1.0,1.0,1.0,3.0,4.75,1.0,1.0,4.75,4.75,0.0,0.26,0.0,0.0,0.0,0.0,2.0,1.0,2.0,1.0,1.0,1,1,0,0,0,0,0,0,0,0,0,0,0,0,1,0,1,0,0,0,0,0,0,0,0,0,0,0,1,0,0,,,kc1,traditional_file
0,record_1570,record_1570,.,,Unknown,1.0,1.0,1.0,1.0,0.0,0.0,0.0,0.0,0.0,0.0,0.0,0.0,0.0,0.0,0.0,0.0,0.0,0.0,0.0,0.0,1.0,1,1,0,0,0,0,0,0,0,0,0,0,0,0,1,0,1,0,0,0,0,0,0,0,0,0,0,0,1,0,0,,,kc1,traditional_file
0,record_1571,record_1571,.,,Unknown,2.0,1.0,1.0,1.0,3.0,4.75,1.0,1.0,4.75,4.75,0.0,0.26,0.0,0.0,0.0,0.0,2.0,1.0,2.0,1.0,1.0,1,1,0,0,0,0,0,0,0,0,0,0,0,0,1,0,1,0,0,0,0,0,0,0,0,0,0,0,1,0,0,,,kc1,traditional_file
0,record_1572,record_1572,.,,Unknown,4.0,1.0,1.0,1.0,3.0,4.75,1.0,1.0,4.75,4.75,0.0,0.26,0.0,0.0,0.0,0.0,2.0,1.0,2.0,1.0,1.0,1,1,0,0,0,0,0,0,0,0,0,0,0,0,1,0,1,0,0,0,0,0,0,0,0,0,0,0,1,0,0,,,kc1,traditional_file
0,record_1573,record_1573,.,,Unknown,5.0,1.0,1.0,1.0,12.0,36.0,0.4,2.5,14.4,90.0,0.01,5.0,3.0,0.0,0.0,0.0,5.0,3.0,9.0,3.0,1.0,1,1,0,0,0,0,0,0,0,0,0,0,0,0,1,0,1,0,0,0,0,0,0,0,0,0,0,0,1,0,0,,,kc1,traditional_file
0,record_1574,record_1574,.,,Unknown,6.0,1.0,1.0,1.0,12.0,36.0,0.4,2.5,14.4,90.0,0.01,5.0,3.0,0.0,0.0,0.0,4.0,4.0,7.0,5.0,1.0,1,1,0,0,0,0,0,0,0,0,0,0,0,0,1,0,1,0,0,0,0,0,0,0,0,0,0,0,1,0,0,,,kc1,traditional_file
0,record_1575,record_1575,.,,Unknown,6.0,1.0,1.0,1.0,5.0,11.61,0.67,1.5,7.74,17.41,0.0,0.97,3.0,0.0,1.0,0.0,3.0,2.0,3.0,2.0,1.0,1,1,0,0,0,0,0,0,0,0,0,0,0,0,1,0,1,0,0,0,0,0,0,0,0,0,0,0,1,0,0,,,kc1,traditional_file
0,record_1576,record_1576,.,,Unknown,3.0,1.0,1.0,1.0,4.0,8.0,1.0,1.0,8.0,8.0,0.0,0.44,2.0,0.0,0.0,0.0,2.0,2.0,2.0,2.0,1.0,1,1,0,0,0,0,0,0,0,0,0,0,0,0,1,0,1,0,0,0,0,0,0,0,0,0,0,0,1,0,0,,,kc1,traditional_file
0,record_1577,record_1577,.,,Unknown,4.0,1.0,1.0,1.0,4.0,8.0,1.0,1.0,8.0,8.0,0.0,0.44,1.0,0.0,0.0,0.0,2.0,2.0,2.0,2.0,1.0,1,1,0,0,0,0,0,0,0,0,0,0,0,0,1,0,1,0,0,0,0,0,0,0,0,0,0,0,1,0,0,,,kc1,traditional_file
0,record_1578,record_1578,.,,Unknown,4.0,1.0,1.0,1.0,3.0,4.75,1.0,1.0,4.75,4.75,0.0,0.26,0.0,0.0,0.0,0.0,2.0,1.0,2.0,1.0,1.0,1,1,0,0,0,0,0,0,0,0,0,0,0,0,1,0,1,0,0,0,0,0,0,0,0,0,0,0,1,0,0,,,kc1,traditional_file
0,record_1579,record_1579,.,,Unknown,11.0,1.0,1.0,1.0,13.0,44.97,0.34,2.92,15.42,131.17,0.01,7.29,6.0,0.0,0.0,0.0,5.0,6.0,6.0,7.0,1.0,1,1,0,0,0,0,0,0,0,0,0,0,0,0,1,0,1,0,0,0,0,0,0,0,0,0,0,0,1,0,0,,,kc1,traditional_file
0,record_1580,record_1580,.,,Unknown,2.0,1.0,1.0,1.0,3.0,4.75,1.0,1.0,4.75,4.75,0.0,0.26,0.0,0.0,0.0,0.0,2.0,1.0,2.0,1.0,1.0,1,1,0,0,0,0,0,0,0,0,0,0,0,0,1,0,1,0,0,0,0,0,0,0,0,0,0,0,1,0,0,,,kc1,traditional_file
0,record_1581,record_1581,.,,Unknown,4.0,1.0,1.0,1.0,3.0,4.75,1.0,1.0,4.75,4.75,0.0,0.26,0.0,0.0,0.0,0.0,2.0,1.0,2.0,1.0,1.0,1,1,0,0,0,0,0,0,0,0,0,0,0,0,1,0,1,0,0,0,0,0,0,0,0,0,0,0,1,0,0,,,kc1,traditional_file
0,record_1582,record_1582,.,,Unknown,48.0,7.0,6.0,6.0,119.0,619.92,0.07,14.91,41.57,9244.97,0.21,513.61,39.0,1.0,3.0,0.0,14.0,23.0,70.0,49.0,13.0,1,1,0,0,0,0,0,0,0,0,0,0,0,0,1,0,1,0,0,0,0,0,0,0,0,0,0,0,1,0,0,,,kc1,traditional_file
0,record_1583,record_1583,.,,Unknown,3.0,1.0,1.0,1.0,4.0,8.0,1.0,1.0,8.0,8.0,0.0,0.44,2.0,0.0,0.0,0.0,2.0,2.0,2.0,2.0,1.0,1,1,0,0,0,0,0,0,0,0,0,0,0,0,1,0,1,0,0,0,0,0,0,0,0,0,0,0,1,0,0,,,kc1,traditional_file
0,record_1584,record_1584,.,,Unknown,11.0,1.0,1.0,1.0,25.0,97.67,0.25,3.94,24.81,384.58,0.03,21.37,8.0,0.0,0.0,0.0,7.0,8.0,16.0,9.0,1.0,1,1,0,0,0,0,0,0,0,0,0,0,0,0,1,0,1,0,0,0,0,0,0,0,0,0,0,0,1,0,0,,,kc1,traditional_file
0,record_1585,record_1585,.,,Unknown,4.0,1.0,1.0,1.0,3.0,4.75,1.0,1.0,4.75,4.75,0.0,0.26,0.0,0.0,0.0,0.0,2.0,1.0,2.0,1.0,1.0,1,1,0,0,0,0,0,0,0,0,0,0,0,0,1,0,1,0,0,0,0,0,0,0,0,0,0,0,1,0,0,,,kc1,traditional_file
0,record_1586,record_1586,.,,Unknown,5.0,1.0,1.0,1.0,7.0,19.65,0.5,2.0,9.83,39.3,0.01,2.18,4.0,0.0,0.0,0.0,4.0,3.0,4.0,3.0,1.0,1,1,0,0,0,0,0,0,0,0,0,0,0,0,1,0,1,0,0,0,0,0,0,0,0,0,0,0,1,0,0,,,kc1,traditional_file
0,record_1587,record_1587,.,,Unknown,1.0,1.0,1.0,1.0,5.0,11.61,0.67,1.5,7.74,17.41,0.0,0.97,0.0,0.0,0.0,0.0,3.0,2.0,3.0,2.0,1.0,1,1,0,0,0,0,0,0,0,0,0,0,0,0,1,0,1,0,0,0,0,0,0,0,0,0,0,0,1,0,0,,,kc1,traditional_file
0,record_1588,record_1588,.,,Unknown,4.0,1.0,1.0,1.0,3.0,4.75,1.0,1.0,4.75,4.75,0.0,0.26,0.0,0.0,0.0,0.0,2.0,1.0,2.0,1.0,1.0,1,1,0,0,0,0,0,0,0,0,0,0,0,0,1,0,1,0,0,0,0,0,0,0,0,0,0,0,1,0,0,,,kc1,traditional_file
0,record_1589,record_1589,.,,Unknown,4.0,1.0,1.0,1.0,4.0,8.0,1.0,1.0,8.0,8.0,0.0,0.44,1.0,0.0,0.0,0.0,2.0,2.0,2.0,2.0,1.0,1,1,0,0,0,0,0,0,0,0,0,0,0,0,1,0,1,0,0,0,0,0,0,0,0,0,0,0,1,0,0,,,kc1,traditional_file
0,record_1590,record_1590,.,,Unknown,14.0,1.0,1.0,1.0,24.0,91.38,1.0,1.0,91.38,91.38,0.03,5.08,7.0,0.0,0.0,0.0,2.0,12.0,12.0,12.0,1.0,1,1,0,0,0,0,0,0,0,0,0,0,0,0,1,0,1,0,0,0,0,0,0,0,0,0,0,0,1,0,0,,,kc1,traditional_file
0,record_1591,record_1591,.,,Unknown,10.0,2.0,1.0,1.0,56.0,256.76,0.14,7.2,35.66,1848.66,0.09,102.7,8.0,0.0,0.0,0.0,9.0,15.0,32.0,24.0,3.0,1,1,0,0,0,0,0,0,0,0,0,0,0,0,1,0,1,0,0,0,0,0,0,0,0,0,0,0,1,0,0,,,kc1,traditional_file
0,record_1592,record_1592,.,,Unknown,15.0,2.0,1.0,2.0,41.0,180.09,0.11,8.8,20.46,1584.75,0.06,88.04,13.0,0.0,0.0,0.0,11.0,10.0,25.0,16.0,3.0,1,1,0,0,0,0,0,0,0,0,0,0,0,0,1,0,1,0,0,0,0,0,0,0,0,0,0,0,1,0,0,,,kc1,traditional_file
0,record_1593,record_1593,.,,Unknown,12.0,2.0,1.0,2.0,41.0,182.84,0.11,9.5,19.25,1736.95,0.06,96.5,10.0,0.0,0.0,0.0,11.0,11.0,22.0,19.0,3.0,1,1,0,0,0,0,0,0,0,0,0,0,0,0,1,0,1,0,0,0,0,0,0,0,0,0,0,0,1,0,0,,,kc1,traditional_file
0,record_1594,record_1594,.,,Unknown,5.0,1.0,1.0,1.0,8.0,24.0,0.4,2.5,9.6,60.0,0.01,3.33,3.0,0.0,0.0,0.0,5.0,3.0,5.0,3.0,1.0,1,1,0,0,0,0,0,0,0,0,0,0,0,0,1,0,1,0,0,0,0,0,0,0,0,0,0,0,1,0,0,,,kc1,traditional_file
0,record_1595,record_1595,.,,Unknown,7.0,2.0,1.0,2.0,9.0,25.27,0.17,6.0,4.21,151.6,0.01,8.42,5.0,0.0,0.0,0.0,6.0,1.0,7.0,2.0,3.0,1,1,0,0,0,0,0,0,0,0,0,0,0,0,1,0,1,0,0,0,0,0,0,0,0,0,0,0,1,0,0,,,kc1,traditional_file
0,record_1596,record_1596,.,,Unknown,7.0,1.0,1.0,1.0,15.0,53.77,0.24,4.2,12.8,225.85,0.02,12.55,5.0,0.0,0.0,0.0,7.0,5.0,9.0,6.0,1.0,1,1,0,0,0,0,0,0,0,0,0,0,0,0,1,0,1,0,0,0,0,0,0,0,0,0,0,0,1,0,0,,,kc1,traditional_file
0,record_1597,record_1597,.,,Unknown,6.0,1.0,1.0,1.0,10.0,31.7,0.4,2.5,12.68,79.25,0.01,4.4,1.0,0.0,0.0,0.0,5.0,4.0,6.0,4.0,1.0,1,1,0,0,0,0,0,0,0,0,0,0,0,0,1,0,1,0,0,0,0,0,0,0,0,0,0,0,1,0,0,,,kc1,traditional_file
0,record_1598,record_1598,.,,Unknown,6.0,1.0,1.0,1.0,10.0,31.7,0.4,2.5,12.68,79.25,0.01,4.4,1.0,0.0,0.0,0.0,5.0,4.0,6.0,4.0,1.0,1,1,0,0,0,0,0,0,0,0,0,0,0,0,1,0,1,0,0,0,0,0,0,0,0,0,0,0,1,0,0,,,kc1,traditional_file
0,record_1599,record_1599,.,,Unknown,9.0,1.0,1.0,1.0,29.0,118.54,0.16,6.19,19.16,733.44,0.04,40.75,6.0,0.0,1.0,0.0,9.0,8.0,18.0,11.0,1.0,1,1,0,0,0,0,0,0,0,0,0,0,0,0,1,0,1,0,0,0,0,0,0,0,0,0,0,0,1,0,0,,,kc1,traditional_file
0,record_1600,record_1600,.,,Unknown,2.0,1.0,1.0,1.0,5.0,11.61,0.5,2.0,5.8,23.22,0.0,1.29,0.0,0.0,0.0,0.0,4.0,1.0,4.0,1.0,1.0,1,1,0,0,0,0,0,0,0,0,0,0,0,0,1,0,1,0,0,0,0,0,0,0,0,0,0,0,1,0,0,,,kc1,traditional_file
0,record_1601,record_1601,.,,Unknown,2.0,1.0,1.0,1.0,4.0,8.0,0.67,1.5,5.33,12.0,0.0,0.67,0.0,0.0,0.0,0.0,3.0,1.0,3.0,1.0,1.0,1,1,0,0,0,0,0,0,0,0,0,0,0,0,1,0,1,0,0,0,0,0,0,0,0,0,0,0,1,0,0,,,kc1,traditional_file
0,record_1602,record_1602,.,,Unknown,2.0,1.0,1.0,1.0,4.0,8.0,0.67,1.5,5.33,12.0,0.0,0.67,0.0,0.0,0.0,0.0,3.0,1.0,3.0,1.0,1.0,1,1,0,0,0,0,0,0,0,0,0,0,0,0,1,0,1,0,0,0,0,0,0,0,0,0,0,0,1,0,0,,,kc1,traditional_file
0,record_1603,record_1603,.,,Unknown,2.0,1.0,1.0,1.0,4.0,8.0,0.67,1.5,5.33,12.0,0.0,0.67,0.0,0.0,0.0,0.0,3.0,1.0,3.0,1.0,1.0,1,1,0,0,0,0,0,0,0,0,0,0,0,0,1,0,1,0,0,0,0,0,0,0,0,0,0,0,1,0,0,,,kc1,traditional_file
0,record_1604,record_1604,.,,Unknown,2.0,1.0,1.0,1.0,4.0,8.0,0.67,1.5,5.33,12.0,0.0,0.67,0.0,0.0,0.0,0.0,3.0,1.0,3.0,1.0,1.0,1,1,0,0,0,0,0,0,0,0,0,0,0,0,1,0,1,0,0,0,0,0,0,0,0,0,0,0,1,0,0,,,kc1,traditional_file
0,record_1605,record_1605,.,,Unknown,2.0,1.0,1.0,1.0,4.0,8.0,0.67,1.5,5.33,12.0,0.0,0.67,0.0,0.0,0.0,0.0,3.0,1.0,3.0,1.0,1.0,1,1,0,0,0,0,0,0,0,0,0,0,0,0,1,0,1,0,0,0,0,0,0,0,0,0,0,0,1,0,0,,,kc1,traditional_file
0,record_1606,record_1606,.,,Unknown,2.0,1.0,1.0,1.0,4.0,8.0,0.67,1.5,5.33,12.0,0.0,0.67,0.0,0.0,0.0,0.0,3.0,1.0,3.0,1.0,1.0,1,1,0,0,0,0,0,0,0,0,0,0,0,0,1,0,1,0,0,0,0,0,0,0,0,0,0,0,1,0,0,,,kc1,traditional_file
0,record_1607,record_1607,.,,Unknown,1.0,1.0,1.0,1.0,4.0,8.0,0.67,1.5,5.33,12.0,0.0,0.67,0.0,0.0,0.0,0.0,3.0,1.0,3.0,1.0,1.0,1,1,0,0,0,0,0,0,0,0,0,0,0,0,1,0,1,0,0,0,0,0,0,0,0,0,0,0,1,0,0,,,kc1,traditional_file
0,record_1608,record_1608,.,,Unknown,1.0,1.0,1.0,1.0,9.0,25.27,0.67,1.5,16.84,37.9,0.01,2.11,0.0,0.0,0.0,0.0,3.0,4.0,5.0,4.0,1.0,1,1,0,0,0,0,0,0,0,0,0,0,0,0,1,0,1,0,0,0,0,0,0,0,0,0,0,0,1,0,0,,,kc1,traditional_file
0,record_1609,record_1609,.,,Unknown,2.0,1.0,1.0,1.0,5.0,11.61,0.67,1.5,7.74,17.41,0.0,0.97,0.0,0.0,0.0,0.0,3.0,2.0,3.0,2.0,1.0,1,1,0,0,0,0,0,0,0,0,0,0,0,0,1,0,1,0,0,0,0,0,0,0,0,0,0,0,1,0,0,,,kc1,traditional_file
0,record_1610,record_1610,.,,Unknown,2.0,1.0,1.0,1.0,5.0,11.61,0.67,1.5,7.74,17.41,0.0,0.97,0.0,0.0,0.0,0.0,3.0,2.0,3.0,2.0,1.0,1,1,0,0,0,0,0,0,0,0,0,0,0,0,1,0,1,0,0,0,0,0,0,0,0,0,0,0,1,0,0,,,kc1,traditional_file
0,record_1611,record_1611,.,,Unknown,2.0,1.0,1.0,1.0,5.0,11.61,0.67,1.5,7.74,17.41,0.0,0.97,0.0,0.0,0.0,0.0,3.0,2.0,3.0,2.0,1.0,1,1,0,0,0,0,0,0,0,0,0,0,0,0,1,0,1,0,0,0,0,0,0,0,0,0,0,0,1,0,0,,,kc1,traditional_file
0,record_1612,record_1612,.,,Unknown,2.0,1.0,1.0,1.0,4.0,8.0,0.67,1.5,5.33,12.0,0.0,0.67,0.0,0.0,0.0,0.0,3.0,1.0,3.0,1.0,1.0,1,1,0,0,0,0,0,0,0,0,0,0,0,0,1,0,1,0,0,0,0,0,0,0,0,0,0,0,1,0,0,,,kc1,traditional_file
0,record_1613,record_1613,.,,Unknown,2.0,1.0,1.0,1.0,4.0,8.0,0.67,1.5,5.33,12.0,0.0,0.67,0.0,0.0,0.0,0.0,3.0,1.0,3.0,1.0,1.0,1,1,0,0,0,0,0,0,0,0,0,0,0,0,1,0,1,0,0,0,0,0,0,0,0,0,0,0,1,0,0,,,kc1,traditional_file
0,record_1614,record_1614,.,,Unknown,2.0,1.0,1.0,1.0,4.0,8.0,0.67,1.5,5.33,12.0,0.0,0.67,1.0,0.0,0.0,0.0,3.0,1.0,3.0,1.0,1.0,1,1,0,0,0,0,0,0,0,0,0,0,0,0,1,0,1,0,0,0,0,0,0,0,0,0,0,0,1,0,0,,,kc1,traditional_file
0,record_1615,record_1615,.,,Unknown,2.0,1.0,1.0,1.0,4.0,8.0,0.67,1.5,5.33,12.0,0.0,0.67,1.0,0.0,0.0,0.0,3.0,1.0,3.0,1.0,1.0,1,1,0,0,0,0,0,0,0,0,0,0,0,0,1,0,1,0,0,0,0,0,0,0,0,0,0,0,1,0,0,,,kc1,traditional_file
0,record_1616,record_1616,.,,Unknown,2.0,1.0,1.0,1.0,4.0,8.0,0.67,1.5,5.33,12.0,0.0,0.67,0.0,0.0,0.0,0.0,3.0,1.0,3.0,1.0,1.0,1,1,0,0,0,0,0,0,0,0,0,0,0,0,1,0,1,0,0,0,0,0,0,0,0,0,0,0,1,0,0,,,kc1,traditional_file
0,record_1617,record_1617,.,,Unknown,2.0,1.0,1.0,1.0,4.0,8.0,0.67,1.5,5.33,12.0,0.0,0.67,0.0,0.0,0.0,0.0,3.0,1.0,3.0,1.0,1.0,1,1,0,0,0,0,0,0,0,0,0,0,0,0,1,0,1,0,0,0,0,0,0,0,0,0,0,0,1,0,0,,,kc1,traditional_file
0,record_1618,record_1618,.,,Unknown,2.0,1.0,1.0,1.0,4.0,8.0,0.67,1.5,5.33,12.0,0.0,0.67,0.0,0.0,0.0,0.0,3.0,1.0,3.0,1.0,1.0,1,1,0,0,0,0,0,0,0,0,0,0,0,0,1,0,1,0,0,0,0,0,0,0,0,0,0,0,1,0,0,,,kc1,traditional_file
0,record_1619,record_1619,.,,Unknown,2.0,1.0,1.0,1.0,4.0,8.0,0.67,1.5,5.33,12.0,0.0,0.67,0.0,0.0,0.0,0.0,3.0,1.0,3.0,1.0,1.0,1,1,0,0,0,0,0,0,0,0,0,0,0,0,1,0,1,0,0,0,0,0,0,0,0,0,0,0,1,0,0,,,kc1,traditional_file
0,record_1620,record_1620,.,,Unknown,2.0,1.0,1.0,1.0,4.0,8.0,0.67,1.5,5.33,12.0,0.0,0.67,0.0,0.0,0.0,0.0,3.0,1.0,3.0,1.0,1.0,1,1,0,0,0,0,0,0,0,0,0,0,0,0,1,0,1,0,0,0,0,0,0,0,0,0,0,0,1,0,0,,,kc1,traditional_file
0,record_1621,record_1621,.,,Unknown,1.0,1.0,1.0,1.0,4.0,8.0,0.67,1.5,5.33,12.0,0.0,0.67,0.0,0.0,0.0,0.0,3.0,1.0,3.0,1.0,1.0,1,1,0,0,0,0,0,0,0,0,0,0,0,0,1,0,1,0,0,0,0,0,0,0,0,0,0,0,1,0,0,,,kc1,traditional_file
0,record_1622,record_1622,.,,Unknown,2.0,1.0,1.0,1.0,4.0,8.0,0.67,1.5,5.33,12.0,0.0,0.67,0.0,0.0,0.0,0.0,3.0,1.0,3.0,1.0,1.0,1,1,0,0,0,0,0,0,0,0,0,0,0,0,1,0,1,0,0,0,0,0,0,0,0,0,0,0,1,0,0,,,kc1,traditional_file
0,record_1623,record_1623,.,,Unknown,2.0,1.0,1.0,1.0,4.0,8.0,0.67,1.5,5.33,12.0,0.0,0.67,1.0,0.0,0.0,0.0,3.0,1.0,3.0,1.0,1.0,1,1,0,0,0,0,0,0,0,0,0,0,0,0,1,0,1,0,0,0,0,0,0,0,0,0,0,0,1,0,0,,,kc1,traditional_file
0,record_1624,record_1624,.,,Unknown,1.0,1.0,1.0,1.0,4.0,8.0,0.67,1.5,5.33,12.0,0.0,0.67,0.0,0.0,0.0,0.0,3.0,1.0,3.0,1.0,1.0,1,1,0,0,0,0,0,0,0,0,0,0,0,0,1,0,1,0,0,0,0,0,0,0,0,0,0,0,1,0,0,,,kc1,traditional_file
0,record_1625,record_1625,.,,Unknown,2.0,1.0,1.0,1.0,4.0,8.0,0.67,1.5,5.33,12.0,0.0,0.67,0.0,0.0,0.0,0.0,3.0,1.0,3.0,1.0,1.0,1,1,0,0,0,0,0,0,0,0,0,0,0,0,1,0,1,0,0,0,0,0,0,0,0,0,0,0,1,0,0,,,kc1,traditional_file
0,record_1626,record_1626,.,,Unknown,2.0,1.0,1.0,1.0,4.0,8.0,0.67,1.5,5.33,12.0,0.0,0.67,0.0,0.0,0.0,0.0,3.0,1.0,3.0,1.0,1.0,1,1,0,0,0,0,0,0,0,0,0,0,0,0,1,0,1,0,0,0,0,0,0,0,0,0,0,0,1,0,0,,,kc1,traditional_file
0,record_1627,record_1627,.,,Unknown,2.0,1.0,1.0,1.0,4.0,8.0,0.67,1.5,5.33,12.0,0.0,0.67,0.0,0.0,0.0,0.0,3.0,1.0,3.0,1.0,1.0,1,1,0,0,0,0,0,0,0,0,0,0,0,0,1,0,1,0,0,0,0,0,0,0,0,0,0,0,1,0,0,,,kc1,traditional_file
0,record_1628,record_1628,.,,Unknown,2.0,1.0,1.0,1.0,4.0,8.0,0.67,1.5,5.33,12.0,0.0,0.67,0.0,0.0,0.0,0.0,3.0,1.0,3.0,1.0,1.0,1,1,0,0,0,0,0,0,0,0,0,0,0,0,1,0,1,0,0,0,0,0,0,0,0,0,0,0,1,0,0,,,kc1,traditional_file
0,record_1629,record_1629,.,,Unknown,2.0,1.0,1.0,1.0,4.0,8.0,0.67,1.5,5.33,12.0,0.0,0.67,0.0,0.0,0.0,0.0,3.0,1.0,3.0,1.0,1.0,1,1,0,0,0,0,0,0,0,0,0,0,0,0,1,0,1,0,0,0,0,0,0,0,0,0,0,0,1,0,0,,,kc1,traditional_file
0,record_1630,record_1630,.,,Unknown,8.0,1.0,1.0,1.0,13.0,44.97,0.19,5.33,8.43,239.85,0.01,13.33,6.0,0.0,0.0,0.0,8.0,3.0,9.0,4.0,1.0,1,1,0,0,0,0,0,0,0,0,0,0,0,0,1,0,1,0,0,0,0,0,0,0,0,0,0,0,1,0,0,,,kc1,traditional_file
0,record_1631,record_1631,.,,Unknown,2.0,1.0,1.0,1.0,4.0,8.0,0.67,1.5,5.33,12.0,0.0,0.67,0.0,0.0,0.0,0.0,3.0,1.0,3.0,1.0,1.0,1,1,0,0,0,0,0,0,0,0,0,0,0,0,1,0,1,0,0,0,0,0,0,0,0,0,0,0,1,0,0,,,kc1,traditional_file
0,record_1632,record_1632,.,,Unknown,1.0,1.0,1.0,1.0,4.0,8.0,0.67,1.5,5.33,12.0,0.0,0.67,0.0,0.0,0.0,0.0,3.0,1.0,3.0,1.0,1.0,1,1,0,0,0,0,0,0,0,0,0,0,0,0,1,0,1,0,0,0,0,0,0,0,0,0,0,0,1,0,0,,,kc1,traditional_file
0,record_1633,record_1633,.,,Unknown,2.0,1.0,1.0,1.0,4.0,8.0,0.67,1.5,5.33,12.0,0.0,0.67,0.0,0.0,0.0,0.0,3.0,1.0,3.0,1.0,1.0,1,1,0,0,0,0,0,0,0,0,0,0,0,0,1,0,1,0,0,0,0,0,0,0,0,0,0,0,1,0,0,,,kc1,traditional_file
0,record_1634,record_1634,.,,Unknown,2.0,1.0,1.0,1.0,4.0,8.0,0.67,1.5,5.33,12.0,0.0,0.67,1.0,0.0,0.0,0.0,3.0,1.0,3.0,1.0,1.0,1,1,0,0,0,0,0,0,0,0,0,0,0,0,1,0,1,0,0,0,0,0,0,0,0,0,0,0,1,0,0,,,kc1,traditional_file
0,record_1635,record_1635,.,,Unknown,2.0,1.0,1.0,1.0,4.0,8.0,0.67,1.5,5.33,12.0,0.0,0.67,1.0,0.0,0.0,0.0,3.0,1.0,3.0,1.0,1.0,1,1,0,0,0,0,0,0,0,0,0,0,0,0,1,0,1,0,0,0,0,0,0,0,0,0,0,0,1,0,0,,,kc1,traditional_file
0,record_1636,record_1636,.,,Unknown,2.0,1.0,1.0,1.0,4.0,8.0,0.67,1.5,5.33,12.0,0.0,0.67,0.0,0.0,0.0,0.0,3.0,1.0,3.0,1.0,1.0,1,1,0,0,0,0,0,0,0,0,0,0,0,0,1,0,1,0,0,0,0,0,0,0,0,0,0,0,1,0,0,,,kc1,traditional_file
0,record_1637,record_1637,.,,Unknown,2.0,1.0,1.0,1.0,4.0,8.0,0.67,1.5,5.33,12.0,0.0,0.67,0.0,0.0,0.0,0.0,3.0,1.0,3.0,1.0,1.0,1,1,0,0,0,0,0,0,0,0,0,0,0,0,1,0,1,0,0,0,0,0,0,0,0,0,0,0,1,0,0,,,kc1,traditional_file
0,record_1638,record_1638,.,,Unknown,2.0,1.0,1.0,1.0,4.0,8.0,0.67,1.5,5.33,12.0,0.0,0.67,0.0,0.0,0.0,0.0,3.0,1.0,3.0,1.0,1.0,1,1,0,0,0,0,0,0,0,0,0,0,0,0,1,0,1,0,0,0,0,0,0,0,0,0,0,0,1,0,0,,,kc1,traditional_file
0,record_1639,record_1639,.,,Unknown,2.0,1.0,1.0,1.0,4.0,8.0,0.67,1.5,5.33,12.0,0.0,0.67,1.0,0.0,0.0,0.0,3.0,1.0,3.0,1.0,1.0,1,1,0,0,0,0,0,0,0,0,0,0,0,0,1,0,1,0,0,0,0,0,0,0,0,0,0,0,1,0,0,,,kc1,traditional_file
0,record_1640,record_1640,.,,Unknown,2.0,1.0,1.0,1.0,4.0,8.0,0.67,1.5,5.33,12.0,0.0,0.67,0.0,0.0,0.0,0.0,3.0,1.0,3.0,1.0,1.0,1,1,0,0,0,0,0,0,0,0,0,0,0,0,1,0,1,0,0,0,0,0,0,0,0,0,0,0,1,0,0,,,kc1,traditional_file
0,record_1641,record_1641,.,,Unknown,2.0,1.0,1.0,1.0,4.0,8.0,0.67,1.5,5.33,12.0,0.0,0.67,0.0,0.0,0.0,0.0,3.0,1.0,3.0,1.0,1.0,1,1,0,0,0,0,0,0,0,0,0,0,0,0,1,0,1,0,0,0,0,0,0,0,0,0,0,0,1,0,0,,,kc1,traditional_file
0,record_1642,record_1642,.,,Unknown,2.0,1.0,1.0,1.0,4.0,8.0,0.67,1.5,5.33,12.0,0.0,0.67,0.0,0.0,0.0,0.0,3.0,1.0,3.0,1.0,1.0,1,1,0,0,0,0,0,0,0,0,0,0,0,0,1,0,1,0,0,0,0,0,0,0,0,0,0,0,1,0,0,,,kc1,traditional_file
0,record_1643,record_1643,.,,Unknown,2.0,1.0,1.0,1.0,4.0,8.0,0.67,1.5,5.33,12.0,0.0,0.67,0.0,0.0,0.0,0.0,3.0,1.0,3.0,1.0,1.0,1,1,0,0,0,0,0,0,0,0,0,0,0,0,1,0,1,0,0,0,0,0,0,0,0,0,0,0,1,0,0,,,kc1,traditional_file
0,record_1644,record_1644,.,,Unknown,2.0,1.0,1.0,1.0,4.0,8.0,0.67,1.5,5.33,12.0,0.0,0.67,0.0,0.0,0.0,0.0,3.0,1.0,3.0,1.0,1.0,1,1,0,0,0,0,0,0,0,0,0,0,0,0,1,0,1,0,0,0,0,0,0,0,0,0,0,0,1,0,0,,,kc1,traditional_file
0,record_1645,record_1645,.,,Unknown,2.0,1.0,1.0,1.0,4.0,8.0,0.67,1.5,5.33,12.0,0.0,0.67,0.0,0.0,0.0,0.0,3.0,1.0,3.0,1.0,1.0,1,1,0,0,0,0,0,0,0,0,0,0,0,0,1,0,1,0,0,0,0,0,0,0,0,0,0,0,1,0,0,,,kc1,traditional_file
0,record_1646,record_1646,.,,Unknown,2.0,1.0,1.0,1.0,4.0,8.0,0.67,1.5,5.33,12.0,0.0,0.67,0.0,0.0,0.0,0.0,3.0,1.0,3.0,1.0,1.0,1,1,0,0,0,0,0,0,0,0,0,0,0,0,1,0,1,0,0,0,0,0,0,0,0,0,0,0,1,0,0,,,kc1,traditional_file
0,record_1647,record_1647,.,,Unknown,2.0,1.0,1.0,1.0,4.0,8.0,0.67,1.5,5.33,12.0,0.0,0.67,0.0,0.0,0.0,0.0,3.0,1.0,3.0,1.0,1.0,1,1,0,0,0,0,0,0,0,0,0,0,0,0,1,0,1,0,0,0,0,0,0,0,0,0,0,0,1,0,0,,,kc1,traditional_file
0,record_1648,record_1648,.,,Unknown,23.0,1.0,1.0,1.0,65.0,301.85,0.08,12.18,24.79,3676.11,0.1,204.23,16.0,0.0,5.0,0.0,11.0,14.0,34.0,31.0,1.0,1,1,0,0,0,0,0,0,0,0,0,0,0,0,1,0,1,0,0,0,0,0,0,0,0,0,0,0,1,0,0,,,kc1,traditional_file
0,record_1649,record_1649,.,,Unknown,2.0,1.0,1.0,1.0,4.0,8.0,0.67,1.5,5.33,12.0,0.0,0.67,0.0,0.0,0.0,0.0,3.0,1.0,3.0,1.0,1.0,1,1,0,0,0,0,0,0,0,0,0,0,0,0,1,0,1,0,0,0,0,0,0,0,0,0,0,0,1,0,0,,,kc1,traditional_file
0,record_1650,record_1650,.,,Unknown,6.0,1.0,1.0,1.0,9.0,28.53,0.33,3.0,9.51,85.59,0.01,4.75,4.0,0.0,0.0,0.0,6.0,3.0,6.0,3.0,1.0,1,1,0,0,0,0,0,0,0,0,0,0,0,0,1,0,1,0,0,0,0,0,0,0,0,0,0,0,1,0,0,,,kc1,traditional_file
0,record_1651,record_1651,.,,Unknown,2.0,1.0,1.0,1.0,6.0,15.51,0.4,2.5,6.2,38.77,0.01,2.15,0.0,0.0,0.0,0.0,5.0,1.0,5.0,1.0,1.0,1,1,0,0,0,0,0,0,0,0,0,0,0,0,1,0,1,0,0,0,0,0,0,0,0,0,0,0,1,0,0,,,kc1,traditional_file
0,record_1652,record_1652,.,,Unknown,2.0,1.0,1.0,1.0,6.0,15.51,0.4,2.5,6.2,38.77,0.01,2.15,0.0,0.0,0.0,0.0,5.0,1.0,5.0,1.0,1.0,1,1,0,0,0,0,0,0,0,0,0,0,0,0,1,0,1,0,0,0,0,0,0,0,0,0,0,0,1,0,0,,,kc1,traditional_file
0,record_1653,record_1653,.,,Unknown,2.0,1.0,1.0,1.0,5.0,11.61,0.5,2.0,5.8,23.22,0.0,1.29,0.0,0.0,0.0,0.0,4.0,1.0,4.0,1.0,1.0,1,1,0,0,0,0,0,0,0,0,0,0,0,0,1,0,1,0,0,0,0,0,0,0,0,0,0,0,1,0,0,,,kc1,traditional_file
0,record_1654,record_1654,.,,Unknown,2.0,1.0,1.0,1.0,5.0,11.61,0.5,2.0,5.8,23.22,0.0,1.29,0.0,0.0,0.0,0.0,4.0,1.0,4.0,1.0,1.0,1,1,0,0,0,0,0,0,0,0,0,0,0,0,1,0,1,0,0,0,0,0,0,0,0,0,0,0,1,0,0,,,kc1,traditional_file
0,record_1655,record_1655,.,,Unknown,5.0,1.0,1.0,1.0,11.0,28.43,0.25,4.0,7.11,113.74,0.01,6.32,3.0,0.0,0.0,0.0,4.0,2.0,7.0,4.0,1.0,1,1,0,0,0,0,0,0,0,0,0,0,0,0,1,0,1,0,0,0,0,0,0,0,0,0,0,0,1,0,0,,,kc1,traditional_file
0,record_1656,record_1656,.,,Unknown,6.0,1.0,1.0,1.0,9.0,28.53,0.33,3.0,9.51,85.59,0.01,4.75,2.0,0.0,2.0,0.0,6.0,3.0,6.0,3.0,1.0,1,1,0,0,0,0,0,0,0,0,0,0,0,0,1,0,1,0,0,0,0,0,0,0,0,0,0,0,1,0,0,,,kc1,traditional_file
0,record_1657,record_1657,.,,Unknown,1.0,1.0,1.0,1.0,4.0,8.0,0.67,1.5,5.33,12.0,0.0,0.67,0.0,0.0,0.0,0.0,3.0,1.0,3.0,1.0,1.0,1,1,0,0,0,0,0,0,0,0,0,0,0,0,1,0,1,0,0,0,0,0,0,0,0,0,0,0,1,0,0,,,kc1,traditional_file
0,record_1658,record_1658,.,,Unknown,2.0,2.0,1.0,1.0,8.0,24.0,0.4,2.5,9.6,60.0,0.01,3.33,0.0,0.0,0.0,0.0,5.0,3.0,5.0,3.0,3.0,1,1,0,0,0,0,0,0,0,0,0,0,0,0,1,0,1,0,0,0,0,0,0,0,0,0,0,0,1,0,0,,,kc1,traditional_file
0,record_1659,record_1659,.,,Unknown,1.0,1.0,1.0,1.0,4.0,8.0,0.67,1.5,5.33,12.0,0.0,0.67,0.0,0.0,0.0,0.0,3.0,1.0,3.0,1.0,1.0,1,1,0,0,0,0,0,0,0,0,0,0,0,0,1,0,1,0,0,0,0,0,0,0,0,0,0,0,1,0,0,,,kc1,traditional_file
0,record_1660,record_1660,.,,Unknown,3.0,3.0,1.0,2.0,15.0,53.77,0.17,6.0,8.96,322.65,0.02,17.92,1.0,0.0,0.0,0.0,9.0,3.0,11.0,4.0,5.0,1,1,0,0,0,0,0,0,0,0,0,0,0,0,1,0,1,0,0,0,0,0,0,0,0,0,0,0,1,0,0,,,kc1,traditional_file
0,record_1661,record_1661,.,,Unknown,3.0,3.0,1.0,2.0,16.0,57.36,0.17,6.0,9.56,344.16,0.02,19.12,1.0,0.0,0.0,0.0,9.0,3.0,12.0,4.0,5.0,1,1,0,0,0,0,0,0,0,0,0,0,0,0,1,0,1,0,0,0,0,0,0,0,0,0,0,0,1,0,0,,,kc1,traditional_file
0,record_1662,record_1662,.,,Unknown,2.0,1.0,1.0,1.0,4.0,8.0,0.67,1.5,5.33,12.0,0.0,0.67,0.0,0.0,0.0,0.0,3.0,1.0,3.0,1.0,1.0,1,1,0,0,0,0,0,0,0,0,0,0,0,0,1,0,1,0,0,0,0,0,0,0,0,0,0,0,1,0,0,,,kc1,traditional_file
0,record_1663,record_1663,.,,Unknown,2.0,2.0,1.0,2.0,9.0,27.0,0.14,7.0,3.86,189.0,0.01,10.5,0.0,0.0,0.0,0.0,7.0,1.0,7.0,2.0,3.0,1,1,0,0,0,0,0,0,0,0,0,0,0,0,1,0,1,0,0,0,0,0,0,0,0,0,0,0,1,0,0,,,kc1,traditional_file
0,record_1664,record_1664,.,,Unknown,2.0,1.0,1.0,1.0,4.0,8.0,0.67,1.5,5.33,12.0,0.0,0.67,0.0,0.0,0.0,0.0,3.0,1.0,3.0,1.0,1.0,1,1,0,0,0,0,0,0,0,0,0,0,0,0,1,0,1,0,0,0,0,0,0,0,0,0,0,0,1,0,0,,,kc1,traditional_file
0,record_1665,record_1665,.,,Unknown,13.0,3.0,3.0,2.0,21.0,77.71,0.21,4.8,16.19,373.0,0.03,20.72,10.0,0.0,1.0,0.0,8.0,5.0,15.0,6.0,5.0,1,1,0,0,0,0,0,0,0,0,0,0,0,0,1,0,1,0,0,0,0,0,0,0,0,0,0,0,1,0,0,,,kc1,traditional_file
0,record_1666,record_1666,.,,Unknown,1.0,1.0,1.0,1.0,4.0,8.0,0.67,1.5,5.33,12.0,0.0,0.67,0.0,0.0,0.0,0.0,3.0,1.0,3.0,1.0,1.0,1,1,0,0,0,0,0,0,0,0,0,0,0,0,1,0,1,0,0,0,0,0,0,0,0,0,0,0,1,0,0,,,kc1,traditional_file
0,record_1667,record_1667,.,,Unknown,2.0,2.0,1.0,2.0,9.0,27.0,0.14,7.0,3.86,189.0,0.01,10.5,0.0,0.0,0.0,0.0,7.0,1.0,7.0,2.0,3.0,1,1,0,0,0,0,0,0,0,0,0,0,0,0,1,0,1,0,0,0,0,0,0,0,0,0,0,0,1,0,0,,,kc1,traditional_file
0,record_1668,record_1668,.,,Unknown,3.0,3.0,3.0,2.0,14.0,53.3,0.22,4.5,11.85,239.86,0.02,13.33,1.0,0.0,0.0,0.0,9.0,5.0,9.0,5.0,5.0,1,1,0,0,0,0,0,0,0,0,0,0,0,0,1,0,1,0,0,0,0,0,0,0,0,0,0,0,1,0,0,,,kc1,traditional_file
0,record_1669,record_1669,.,,Unknown,2.0,1.0,1.0,1.0,5.0,11.61,0.67,1.5,7.74,17.41,0.0,0.97,0.0,0.0,0.0,0.0,3.0,2.0,3.0,2.0,1.0,1,1,0,0,0,0,0,0,0,0,0,0,0,0,1,0,1,0,0,0,0,0,0,0,0,0,0,0,1,0,0,,,kc1,traditional_file
0,record_1670,record_1670,.,,Unknown,2.0,1.0,1.0,1.0,4.0,8.0,0.67,1.5,5.33,12.0,0.0,0.67,0.0,0.0,0.0,0.0,3.0,1.0,3.0,1.0,1.0,1,1,0,0,0,0,0,0,0,0,0,0,0,0,1,0,1,0,0,0,0,0,0,0,0,0,0,0,1,0,0,,,kc1,traditional_file
0,record_1671,record_1671,.,,Unknown,13.0,2.0,1.0,1.0,21.0,82.04,0.14,7.0,11.72,574.31,0.03,31.91,7.0,0.0,4.0,0.0,10.0,5.0,14.0,7.0,3.0,1,1,0,0,0,0,0,0,0,0,0,0,0,0,1,0,1,0,0,0,0,0,0,0,0,0,0,0,1,0,0,,,kc1,traditional_file
0,record_1672,record_1672,.,,Unknown,2.0,1.0,1.0,1.0,5.0,11.61,0.67,1.5,7.74,17.41,0.0,0.97,0.0,0.0,0.0,0.0,3.0,2.0,3.0,2.0,1.0,1,1,0,0,0,0,0,0,0,0,0,0,0,0,1,0,1,0,0,0,0,0,0,0,0,0,0,0,1,0,0,,,kc1,traditional_file
0,record_1673,record_1673,.,,Unknown,3.0,1.0,1.0,1.0,9.0,23.26,0.5,2.0,11.63,46.53,0.01,2.58,1.0,0.0,0.0,0.0,3.0,3.0,5.0,4.0,1.0,1,1,0,0,0,0,0,0,0,0,0,0,0,0,1,0,1,0,0,0,0,0,0,0,0,0,0,0,1,0,0,,,kc1,traditional_file
0,record_1674,record_1674,.,,Unknown,2.0,1.0,1.0,1.0,5.0,11.61,0.67,1.5,7.74,17.41,0.0,0.97,0.0,0.0,0.0,0.0,3.0,2.0,3.0,2.0,1.0,1,1,0,0,0,0,0,0,0,0,0,0,0,0,1,0,1,0,0,0,0,0,0,0,0,0,0,0,1,0,0,,,kc1,traditional_file
0,record_1675,record_1675,.,,Unknown,4.0,1.0,1.0,1.0,4.0,8.0,0.67,1.5,5.33,12.0,0.0,0.67,0.0,0.0,0.0,0.0,3.0,1.0,3.0,1.0,1.0,1,1,0,0,0,0,0,0,0,0,0,0,0,0,1,0,1,0,0,0,0,0,0,0,0,0,0,0,1,0,0,,,kc1,traditional_file
0,record_1676,record_1676,.,,Unknown,4.0,1.0,1.0,1.0,4.0,8.0,0.67,1.5,5.33,12.0,0.0,0.67,0.0,0.0,0.0,0.0,3.0,1.0,3.0,1.0,1.0,1,1,0,0,0,0,0,0,0,0,0,0,0,0,1,0,1,0,0,0,0,0,0,0,0,0,0,0,1,0,0,,,kc1,traditional_file
0,record_1677,record_1677,.,,Unknown,4.0,1.0,1.0,1.0,4.0,8.0,0.67,1.5,5.33,12.0,0.0,0.67,0.0,0.0,0.0,0.0,3.0,1.0,3.0,1.0,1.0,1,1,0,0,0,0,0,0,0,0,0,0,0,0,1,0,1,0,0,0,0,0,0,0,0,0,0,0,1,0,0,,,kc1,traditional_file
0,record_1678,record_1678,.,,Unknown,4.0,1.0,1.0,1.0,4.0,8.0,0.67,1.5,5.33,12.0,0.0,0.67,0.0,0.0,0.0,0.0,3.0,1.0,3.0,1.0,1.0,1,1,0,0,0,0,0,0,0,0,0,0,0,0,1,0,1,0,0,0,0,0,0,0,0,0,0,0,1,0,0,,,kc1,traditional_file
0,record_1679,record_1679,.,,Unknown,4.0,1.0,1.0,1.0,4.0,8.0,0.67,1.5,5.33,12.0,0.0,0.67,0.0,0.0,0.0,0.0,3.0,1.0,3.0,1.0,1.0,1,1,0,0,0,0,0,0,0,0,0,0,0,0,1,0,1,0,0,0,0,0,0,0,0,0,0,0,1,0,0,,,kc1,traditional_file
0,record_1680,record_1680,.,,Unknown,4.0,1.0,1.0,1.0,4.0,8.0,0.67,1.5,5.33,12.0,0.0,0.67,0.0,0.0,0.0,0.0,3.0,1.0,3.0,1.0,1.0,1,1,0,0,0,0,0,0,0,0,0,0,0,0,1,0,1,0,0,0,0,0,0,0,0,0,0,0,1,0,0,,,kc1,traditional_file
0,record_1681,record_1681,.,,Unknown,2.0,1.0,1.0,1.0,4.0,8.0,0.67,1.5,5.33,12.0,0.0,0.67,0.0,0.0,0.0,0.0,3.0,1.0,3.0,1.0,1.0,1,1,0,0,0,0,0,0,0,0,0,0,0,0,1,0,1,0,0,0,0,0,0,0,0,0,0,0,1,0,0,,,kc1,traditional_file
0,record_1682,record_1682,.,,Unknown,1.0,1.0,1.0,1.0,1.0,0.0,0.0,0.0,0.0,0.0,0.0,0.0,0.0,0.0,0.0,0.0,1.0,0.0,1.0,0.0,1.0,1,1,0,0,0,0,0,0,0,0,0,0,0,0,1,0,1,0,0,0,0,0,0,0,0,0,0,0,1,0,0,,,kc1,traditional_file
0,record_1683,record_1683,.,,Unknown,4.0,1.0,1.0,1.0,4.0,8.0,0.67,1.5,5.33,12.0,0.0,0.67,0.0,0.0,0.0,0.0,3.0,1.0,3.0,1.0,1.0,1,1,0,0,0,0,0,0,0,0,0,0,0,0,1,0,1,0,0,0,0,0,0,0,0,0,0,0,1,0,0,,,kc1,traditional_file
0,record_1684,record_1684,.,,Unknown,1.0,1.0,1.0,1.0,1.0,0.0,0.0,0.0,0.0,0.0,0.0,0.0,0.0,0.0,0.0,0.0,1.0,0.0,1.0,0.0,1.0,1,1,0,0,0,0,0,0,0,0,0,0,0,0,1,0,1,0,0,0,0,0,0,0,0,0,0,0,1,0,0,,,kc1,traditional_file
0,record_1685,record_1685,.,,Unknown,4.0,1.0,1.0,1.0,4.0,8.0,0.67,1.5,5.33,12.0,0.0,0.67,0.0,0.0,0.0,0.0,3.0,1.0,3.0,1.0,1.0,1,1,0,0,0,0,0,0,0,0,0,0,0,0,1,0,1,0,0,0,0,0,0,0,0,0,0,0,1,0,0,,,kc1,traditional_file
0,record_1686,record_1686,.,,Unknown,4.0,1.0,1.0,1.0,4.0,8.0,0.67,1.5,5.33,12.0,0.0,0.67,0.0,0.0,0.0,0.0,3.0,1.0,3.0,1.0,1.0,1,1,0,0,0,0,0,0,0,0,0,0,0,0,1,0,1,0,0,0,0,0,0,0,0,0,0,0,1,0,0,,,kc1,traditional_file
0,record_1687,record_1687,.,,Unknown,4.0,1.0,1.0,1.0,4.0,8.0,0.67,1.5,5.33,12.0,0.0,0.67,0.0,0.0,0.0,0.0,3.0,1.0,3.0,1.0,1.0,1,1,0,0,0,0,0,0,0,0,0,0,0,0,1,0,1,0,0,0,0,0,0,0,0,0,0,0,1,0,0,,,kc1,traditional_file
0,record_1688,record_1688,.,,Unknown,4.0,1.0,1.0,1.0,4.0,8.0,0.67,1.5,5.33,12.0,0.0,0.67,0.0,0.0,0.0,0.0,3.0,1.0,3.0,1.0,1.0,1,1,0,0,0,0,0,0,0,0,0,0,0,0,1,0,1,0,0,0,0,0,0,0,0,0,0,0,1,0,0,,,kc1,traditional_file
0,record_1689,record_1689,.,,Unknown,4.0,1.0,1.0,1.0,4.0,8.0,0.67,1.5,5.33,12.0,0.0,0.67,0.0,0.0,0.0,0.0,3.0,1.0,3.0,1.0,1.0,1,1,0,0,0,0,0,0,0,0,0,0,0,0,1,0,1,0,0,0,0,0,0,0,0,0,0,0,1,0,0,,,kc1,traditional_file
0,record_1690,record_1690,.,,Unknown,2.0,1.0,1.0,1.0,8.0,24.0,0.33,3.0,8.0,72.0,0.01,4.0,0.0,0.0,0.0,0.0,6.0,2.0,6.0,2.0,1.0,1,1,0,0,0,0,0,0,0,0,0,0,0,0,1,0,1,0,0,0,0,0,0,0,0,0,0,0,1,0,0,,,kc1,traditional_file
0,record_1691,record_1691,.,,Unknown,3.0,1.0,1.0,1.0,14.0,44.38,0.25,4.0,11.09,177.52,0.01,9.86,0.0,0.0,0.0,0.0,8.0,1.0,13.0,1.0,1.0,1,1,0,0,0,0,0,0,0,0,0,0,0,0,1,0,1,0,0,0,0,0,0,0,0,0,0,0,1,0,0,,,kc1,traditional_file
0,record_1692,record_1692,.,,Unknown,28.0,3.0,3.0,2.0,119.0,628.96,0.07,13.75,45.74,8648.24,0.21,480.46,22.0,0.0,4.0,0.0,13.0,26.0,64.0,55.0,5.0,1,1,0,0,0,0,0,0,0,0,0,0,0,0,1,0,1,0,0,0,0,0,0,0,0,0,0,0,1,0,0,,,kc1,traditional_file
0,record_1693,record_1693,.,,Unknown,4.0,1.0,1.0,1.0,4.0,8.0,0.67,1.5,5.33,12.0,0.0,0.67,2.0,0.0,0.0,0.0,3.0,1.0,3.0,1.0,1.0,1,1,0,0,0,0,0,0,0,0,0,0,0,0,1,0,1,0,0,0,0,0,0,0,0,0,0,0,1,0,0,,,kc1,traditional_file
0,record_1694,record_1694,.,,Unknown,2.0,1.0,1.0,1.0,7.0,18.09,0.5,2.0,9.05,36.19,0.01,2.0,0.0,0.0,0.0,0.0,4.0,2.0,5.0,2.0,1.0,1,1,0,0,0,0,0,0,0,0,0,0,0,0,1,0,1,0,0,0,0,0,0,0,0,0,0,0,1,0,0,,,kc1,traditional_file
0,record_1695,record_1695,.,,Unknown,7.0,1.0,1.0,1.0,16.0,53.15,0.27,3.75,14.17,199.32,0.02,11.07,4.0,1.0,0.0,0.0,6.0,4.0,11.0,5.0,1.0,1,1,0,0,0,0,0,0,0,0,0,0,0,0,1,0,1,0,0,0,0,0,0,0,0,0,0,0,1,0,0,,,kc1,traditional_file
0,record_1696,record_1696,.,,Unknown,9.0,2.0,1.0,1.0,17.0,58.81,0.15,6.67,8.82,392.07,0.02,21.78,7.0,0.0,0.0,0.0,8.0,3.0,12.0,5.0,3.0,1,1,0,0,0,0,0,0,0,0,0,0,0,0,1,0,1,0,0,0,0,0,0,0,0,0,0,0,1,0,0,,,kc1,traditional_file
0,record_1697,record_1697,.,,Unknown,4.0,1.0,1.0,1.0,6.0,15.51,0.5,2.0,7.75,31.02,0.01,1.72,0.0,0.0,0.0,0.0,4.0,2.0,4.0,2.0,1.0,1,1,0,0,0,0,0,0,0,0,0,0,0,0,1,0,1,0,0,0,0,0,0,0,0,0,0,0,1,0,0,,,kc1,traditional_file
0,record_1698,record_1698,.,,Unknown,2.0,1.0,1.0,1.0,5.0,11.61,0.5,2.0,5.8,23.22,0.0,1.29,0.0,0.0,0.0,0.0,4.0,1.0,4.0,1.0,1.0,1,1,0,0,0,0,0,0,0,0,0,0,0,0,1,0,1,0,0,0,0,0,0,0,0,0,0,0,1,0,0,,,kc1,traditional_file
0,record_1699,record_1699,.,,Unknown,2.0,1.0,1.0,1.0,5.0,11.61,0.67,1.5,7.74,17.41,0.0,0.97,0.0,0.0,0.0,0.0,3.0,2.0,3.0,2.0,1.0,1,1,0,0,0,0,0,0,0,0,0,0,0,0,1,0,1,0,0,0,0,0,0,0,0,0,0,0,1,0,0,,,kc1,traditional_file
0,record_1700,record_1700,.,,Unknown,2.0,1.0,1.0,1.0,5.0,11.61,0.67,1.5,7.74,17.41,0.0,0.97,0.0,0.0,0.0,0.0,3.0,2.0,3.0,2.0,1.0,1,1,0,0,0,0,0,0,0,0,0,0,0,0,1,0,1,0,0,0,0,0,0,0,0,0,0,0,1,0,0,,,kc1,traditional_file
0,record_1701,record_1701,.,,Unknown,2.0,1.0,1.0,1.0,5.0,11.61,0.67,1.5,7.74,17.41,0.0,0.97,0.0,0.0,0.0,0.0,3.0,2.0,3.0,2.0,1.0,1,1,0,0,0,0,0,0,0,0,0,0,0,0,1,0,1,0,0,0,0,0,0,0,0,0,0,0,1,0,0,,,kc1,traditional_file
0,record_1702,record_1702,.,,Unknown,27.0,5.0,4.0,5.0,63.0,288.85,0.07,14.7,19.65,4246.13,0.1,235.9,19.0,3.0,3.0,0.0,14.0,10.0,42.0,21.0,9.0,1,1,0,0,0,0,0,0,0,0,0,0,0,0,1,0,1,0,0,0,0,0,0,0,0,0,0,0,1,0,0,,,kc1,traditional_file
0,record_1703,record_1703,.,,Unknown,2.0,1.0,1.0,1.0,5.0,11.61,0.67,1.5,7.74,17.41,0.0,0.97,0.0,0.0,0.0,0.0,3.0,2.0,3.0,2.0,1.0,1,1,0,0,0,0,0,0,0,0,0,0,0,0,1,0,1,0,0,0,0,0,0,0,0,0,0,0,1,0,0,,,kc1,traditional_file
0,record_1704,record_1704,.,,Unknown,1.0,1.0,1.0,1.0,5.0,11.61,0.67,1.5,7.74,17.41,0.0,0.97,0.0,0.0,0.0,0.0,3.0,2.0,3.0,2.0,1.0,1,1,0,0,0,0,0,0,0,0,0,0,0,0,1,0,1,0,0,0,0,0,0,0,0,0,0,0,1,0,0,,,kc1,traditional_file
0,record_1705,record_1705,.,,Unknown,5.0,2.0,1.0,1.0,17.0,68.0,0.22,4.5,15.11,306.0,0.02,17.0,3.0,0.0,0.0,0.0,9.0,7.0,10.0,7.0,3.0,1,1,0,0,0,0,0,0,0,0,0,0,0,0,1,0,1,0,0,0,0,0,0,0,0,0,0,0,1,0,0,,,kc1,traditional_file
0,record_1706,record_1706,.,,Unknown,5.0,2.0,1.0,1.0,17.0,68.0,0.22,4.5,15.11,306.0,0.02,17.0,3.0,0.0,0.0,0.0,9.0,7.0,10.0,7.0,3.0,1,1,0,0,0,0,0,0,0,0,0,0,0,0,1,0,1,0,0,0,0,0,0,0,0,0,0,0,1,0,0,,,kc1,traditional_file
0,record_1707,record_1707,.,,Unknown,5.0,2.0,1.0,1.0,17.0,68.0,0.22,4.5,15.11,306.0,0.02,17.0,3.0,0.0,0.0,0.0,9.0,7.0,10.0,7.0,3.0,1,1,0,0,0,0,0,0,0,0,0,0,0,0,1,0,1,0,0,0,0,0,0,0,0,0,0,0,1,0,0,,,kc1,traditional_file
0,record_1708,record_1708,.,,Unknown,5.0,2.0,1.0,1.0,17.0,68.0,0.22,4.5,15.11,306.0,0.02,17.0,3.0,0.0,0.0,0.0,9.0,7.0,10.0,7.0,3.0,1,1,0,0,0,0,0,0,0,0,0,0,0,0,1,0,1,0,0,0,0,0,0,0,0,0,0,0,1,0,0,,,kc1,traditional_file
0,record_1709,record_1709,.,,Unknown,5.0,2.0,1.0,1.0,17.0,68.0,0.22,4.5,15.11,306.0,0.02,17.0,3.0,0.0,0.0,0.0,9.0,7.0,10.0,7.0,3.0,1,1,0,0,0,0,0,0,0,0,0,0,0,0,1,0,1,0,0,0,0,0,0,0,0,0,0,0,1,0,0,,,kc1,traditional_file
0,record_1710,record_1710,.,,Unknown,5.0,2.0,1.0,1.0,17.0,68.0,0.22,4.5,15.11,306.0,0.02,17.0,3.0,0.0,0.0,0.0,9.0,7.0,10.0,7.0,3.0,1,1,0,0,0,0,0,0,0,0,0,0,0,0,1,0,1,0,0,0,0,0,0,0,0,0,0,0,1,0,0,,,kc1,traditional_file
0,record_1711,record_1711,.,,Unknown,4.0,1.0,1.0,1.0,5.0,11.61,0.67,1.5,7.74,17.41,0.0,0.97,0.0,0.0,0.0,0.0,3.0,2.0,3.0,2.0,1.0,1,1,0,0,0,0,0,0,0,0,0,0,0,0,1,0,1,0,0,0,0,0,0,0,0,0,0,0,1,0,0,,,kc1,traditional_file
0,record_1712,record_1712,.,,Unknown,4.0,1.0,1.0,1.0,5.0,11.61,0.67,1.5,7.74,17.41,0.0,0.97,0.0,0.0,0.0,0.0,3.0,2.0,3.0,2.0,1.0,1,1,0,0,0,0,0,0,0,0,0,0,0,0,1,0,1,0,0,0,0,0,0,0,0,0,0,0,1,0,0,,,kc1,traditional_file
0,record_1713,record_1713,.,,Unknown,1.0,1.0,1.0,1.0,5.0,11.61,0.67,1.5,7.74,17.41,0.0,0.97,0.0,0.0,0.0,0.0,3.0,2.0,3.0,2.0,1.0,1,1,0,0,0,0,0,0,0,0,0,0,0,0,1,0,1,0,0,0,0,0,0,0,0,0,0,0,1,0,0,,,kc1,traditional_file
0,record_1714,record_1714,.,,Unknown,35.0,6.0,3.0,5.0,125.0,630.55,0.05,21.37,29.51,13473.84,0.21,748.55,32.0,0.0,1.0,0.0,14.0,19.0,67.0,58.0,11.0,1,1,0,0,0,0,0,0,0,0,0,0,0,0,1,0,1,0,0,0,0,0,0,0,0,0,0,0,1,0,0,,,kc1,traditional_file
0,record_1715,record_1715,.,,Unknown,8.0,1.0,1.0,1.0,9.0,25.27,0.67,1.5,16.84,37.9,0.01,2.11,3.0,0.0,0.0,0.0,3.0,4.0,5.0,4.0,1.0,1,1,0,0,0,0,0,0,0,0,0,0,0,0,1,0,1,0,0,0,0,0,0,0,0,0,0,0,1,0,0,,,kc1,traditional_file
0,record_1716,record_1716,.,,Unknown,10.0,2.0,1.0,2.0,11.0,34.87,0.25,4.0,8.72,139.48,0.01,7.75,5.0,0.0,0.0,0.0,6.0,3.0,7.0,4.0,3.0,1,1,0,0,0,0,0,0,0,0,0,0,0,0,1,0,1,0,0,0,0,0,0,0,0,0,0,0,1,0,0,,,kc1,traditional_file
0,record_1717,record_1717,.,,Unknown,2.0,1.0,1.0,1.0,5.0,11.61,0.67,1.5,7.74,17.41,0.0,0.97,0.0,0.0,0.0,0.0,3.0,2.0,3.0,2.0,1.0,1,1,0,0,0,0,0,0,0,0,0,0,0,0,1,0,1,0,0,0,0,0,0,0,0,0,0,0,1,0,0,,,kc1,traditional_file
0,record_1718,record_1718,.,,Unknown,5.0,2.0,1.0,1.0,17.0,68.0,0.22,4.5,15.11,306.0,0.02,17.0,3.0,0.0,0.0,0.0,9.0,7.0,10.0,7.0,3.0,1,1,0,0,0,0,0,0,0,0,0,0,0,0,1,0,1,0,0,0,0,0,0,0,0,0,0,0,1,0,0,,,kc1,traditional_file
0,record_1719,record_1719,.,,Unknown,5.0,2.0,1.0,1.0,17.0,68.0,0.22,4.5,15.11,306.0,0.02,17.0,3.0,0.0,0.0,0.0,9.0,7.0,10.0,7.0,3.0,1,1,0,0,0,0,0,0,0,0,0,0,0,0,1,0,1,0,0,0,0,0,0,0,0,0,0,0,1,0,0,,,kc1,traditional_file
0,record_1720,record_1720,.,,Unknown,5.0,2.0,1.0,1.0,17.0,68.0,0.22,4.5,15.11,306.0,0.02,17.0,3.0,0.0,0.0,0.0,9.0,7.0,10.0,7.0,3.0,1,1,0,0,0,0,0,0,0,0,0,0,0,0,1,0,1,0,0,0,0,0,0,0,0,0,0,0,1,0,0,,,kc1,traditional_file
0,record_1721,record_1721,.,,Unknown,5.0,2.0,1.0,1.0,17.0,68.0,0.22,4.5,15.11,306.0,0.02,17.0,3.0,0.0,0.0,0.0,9.0,7.0,10.0,7.0,3.0,1,1,0,0,0,0,0,0,0,0,0,0,0,0,1,0,1,0,0,0,0,0,0,0,0,0,0,0,1,0,0,,,kc1,traditional_file
0,record_1722,record_1722,.,,Unknown,2.0,1.0,1.0,1.0,5.0,11.61,0.67,1.5,7.74,17.41,0.0,0.97,0.0,0.0,0.0,0.0,3.0,2.0,3.0,2.0,1.0,1,1,0,0,0,0,0,0,0,0,0,0,0,0,1,0,1,0,0,0,0,0,0,0,0,0,0,0,1,0,0,,,kc1,traditional_file
0,record_1723,record_1723,.,,Unknown,2.0,1.0,1.0,1.0,5.0,11.61,0.67,1.5,7.74,17.41,0.0,0.97,0.0,0.0,0.0,0.0,3.0,2.0,3.0,2.0,1.0,1,1,0,0,0,0,0,0,0,0,0,0,0,0,1,0,1,0,0,0,0,0,0,0,0,0,0,0,1,0,0,,,kc1,traditional_file
0,record_1724,record_1724,.,,Unknown,2.0,1.0,1.0,1.0,5.0,11.61,0.67,1.5,7.74,17.41,0.0,0.97,0.0,0.0,0.0,0.0,3.0,2.0,3.0,2.0,1.0,1,1,0,0,0,0,0,0,0,0,0,0,0,0,1,0,1,0,0,0,0,0,0,0,0,0,0,0,1,0,0,,,kc1,traditional_file
0,record_1725,record_1725,.,,Unknown,2.0,1.0,1.0,1.0,8.0,22.46,0.5,2.0,11.23,44.92,0.01,2.5,0.0,0.0,0.0,0.0,4.0,3.0,5.0,3.0,1.0,1,1,0,0,0,0,0,0,0,0,0,0,0,0,1,0,1,0,0,0,0,0,0,0,0,0,0,0,1,0,0,,,kc1,traditional_file
0,record_1726,record_1726,.,,Unknown,4.0,1.0,1.0,1.0,5.0,11.61,0.67,1.5,7.74,17.41,0.0,0.97,0.0,0.0,0.0,0.0,3.0,2.0,3.0,2.0,1.0,1,1,0,0,0,0,0,0,0,0,0,0,0,0,1,0,1,0,0,0,0,0,0,0,0,0,0,0,1,0,0,,,kc1,traditional_file
0,record_1727,record_1727,.,,Unknown,4.0,1.0,1.0,1.0,5.0,11.61,0.67,1.5,7.74,17.41,0.0,0.97,0.0,0.0,0.0,0.0,3.0,2.0,3.0,2.0,1.0,1,1,0,0,0,0,0,0,0,0,0,0,0,0,1,0,1,0,0,0,0,0,0,0,0,0,0,0,1,0,0,,,kc1,traditional_file
0,record_1728,record_1728,.,,Unknown,16.0,2.0,1.0,2.0,20.0,76.15,0.19,5.33,14.28,406.12,0.03,22.56,8.0,0.0,1.0,0.0,8.0,6.0,12.0,8.0,3.0,1,1,0,0,0,0,0,0,0,0,0,0,0,0,1,0,1,0,0,0,0,0,0,0,0,0,0,0,1,0,0,,,kc1,traditional_file
0,record_1729,record_1729,.,,Unknown,18.0,1.0,1.0,1.0,45.0,203.56,0.12,8.25,24.67,1679.37,0.07,93.3,12.0,0.0,1.0,0.0,11.0,12.0,27.0,18.0,1.0,1,1,0,0,0,0,0,0,0,0,0,0,0,0,1,0,1,0,0,0,0,0,0,0,0,0,0,0,1,0,0,,,kc1,traditional_file
0,record_1730,record_1730,.,,Unknown,7.0,1.0,1.0,1.0,17.0,58.81,0.44,2.29,25.73,134.42,0.02,7.47,5.0,0.0,0.0,0.0,4.0,7.0,9.0,8.0,1.0,1,1,0,0,0,0,0,0,0,0,0,0,0,0,1,0,1,0,0,0,0,0,0,0,0,0,0,0,1,0,0,,,kc1,traditional_file
0,record_1731,record_1731,.,,Unknown,2.0,1.0,1.0,1.0,5.0,11.61,0.67,1.5,7.74,17.41,0.0,0.97,0.0,0.0,0.0,0.0,3.0,2.0,3.0,2.0,1.0,1,1,0,0,0,0,0,0,0,0,0,0,0,0,1,0,1,0,0,0,0,0,0,0,0,0,0,0,1,0,0,,,kc1,traditional_file
0,record_1732,record_1732,.,,Unknown,2.0,1.0,1.0,1.0,4.0,8.0,0.67,1.5,5.33,12.0,0.0,0.67,0.0,0.0,0.0,0.0,3.0,1.0,3.0,1.0,1.0,1,1,0,0,0,0,0,0,0,0,0,0,0,0,1,0,1,0,0,0,0,0,0,0,0,0,0,0,1,0,0,,,kc1,traditional_file
0,record_1733,record_1733,.,,Unknown,2.0,1.0,1.0,1.0,5.0,11.61,0.67,1.5,7.74,17.41,0.0,0.97,0.0,0.0,0.0,0.0,3.0,2.0,3.0,2.0,1.0,1,1,0,0,0,0,0,0,0,0,0,0,0,0,1,0,1,0,0,0,0,0,0,0,0,0,0,0,1,0,0,,,kc1,traditional_file
0,record_1734,record_1734,.,,Unknown,2.0,1.0,1.0,1.0,5.0,11.61,0.67,1.5,7.74,17.41,0.0,0.97,0.0,0.0,0.0,0.0,3.0,2.0,3.0,2.0,1.0,1,1,0,0,0,0,0,0,0,0,0,0,0,0,1,0,1,0,0,0,0,0,0,0,0,0,0,0,1,0,0,,,kc1,traditional_file
0,record_1735,record_1735,.,,Unknown,10.0,2.0,1.0,2.0,22.0,78.87,0.24,4.2,18.78,331.25,0.03,18.4,8.0,0.0,0.0,0.0,7.0,5.0,16.0,6.0,3.0,1,1,0,0,0,0,0,0,0,0,0,0,0,0,1,0,1,0,0,0,0,0,0,0,0,0,0,0,1,0,0,,,kc1,traditional_file
0,record_1736,record_1736,.,,Unknown,5.0,1.0,1.0,1.0,6.0,15.51,0.5,2.0,7.75,31.02,0.01,1.72,2.0,0.0,1.0,0.0,4.0,2.0,4.0,2.0,1.0,1,1,0,0,0,0,0,0,0,0,0,0,0,0,1,0,1,0,0,0,0,0,0,0,0,0,0,0,1,0,0,,,kc1,traditional_file
0,record_1737,record_1737,.,,Unknown,3.0,1.0,1.0,1.0,1.0,0.0,0.0,0.0,0.0,0.0,0.0,0.0,1.0,0.0,0.0,0.0,1.0,0.0,1.0,0.0,1.0,1,1,0,0,0,0,0,0,0,0,0,0,0,0,1,0,1,0,0,0,0,0,0,0,0,0,0,0,1,0,0,,,kc1,traditional_file
0,record_1738,record_1738,.,,Unknown,3.0,1.0,1.0,1.0,1.0,0.0,0.0,0.0,0.0,0.0,0.0,0.0,1.0,0.0,0.0,0.0,1.0,0.0,1.0,0.0,1.0,1,1,0,0,0,0,0,0,0,0,0,0,0,0,1,0,1,0,0,0,0,0,0,0,0,0,0,0,1,0,0,,,kc1,traditional_file
0,record_1739,record_1739,.,,Unknown,3.0,1.0,1.0,1.0,1.0,0.0,0.0,0.0,0.0,0.0,0.0,0.0,1.0,0.0,0.0,0.0,1.0,0.0,1.0,0.0,1.0,1,1,0,0,0,0,0,0,0,0,0,0,0,0,1,0,1,0,0,0,0,0,0,0,0,0,0,0,1,0,0,,,kc1,traditional_file
0,record_1740,record_1740,.,,Unknown,3.0,1.0,1.0,1.0,1.0,0.0,0.0,0.0,0.0,0.0,0.0,0.0,1.0,0.0,0.0,0.0,1.0,0.0,1.0,0.0,1.0,1,1,0,0,0,0,0,0,0,0,0,0,0,0,1,0,1,0,0,0,0,0,0,0,0,0,0,0,1,0,0,,,kc1,traditional_file
0,record_1741,record_1741,.,,Unknown,3.0,1.0,1.0,1.0,1.0,0.0,0.0,0.0,0.0,0.0,0.0,0.0,1.0,0.0,0.0,0.0,1.0,0.0,1.0,0.0,1.0,1,1,0,0,0,0,0,0,0,0,0,0,0,0,1,0,1,0,0,0,0,0,0,0,0,0,0,0,1,0,0,,,kc1,traditional_file
0,record_1742,record_1742,.,,Unknown,3.0,1.0,1.0,1.0,1.0,0.0,0.0,0.0,0.0,0.0,0.0,0.0,1.0,0.0,0.0,0.0,1.0,0.0,1.0,0.0,1.0,1,1,0,0,0,0,0,0,0,0,0,0,0,0,1,0,1,0,0,0,0,0,0,0,0,0,0,0,1,0,0,,,kc1,traditional_file
0,record_1743,record_1743,.,,Unknown,3.0,1.0,1.0,1.0,1.0,0.0,0.0,0.0,0.0,0.0,0.0,0.0,1.0,0.0,0.0,0.0,1.0,0.0,1.0,0.0,1.0,1,1,0,0,0,0,0,0,0,0,0,0,0,0,1,0,1,0,0,0,0,0,0,0,0,0,0,0,1,0,0,,,kc1,traditional_file
0,record_1744,record_1744,.,,Unknown,3.0,1.0,1.0,1.0,1.0,0.0,0.0,0.0,0.0,0.0,0.0,0.0,1.0,0.0,0.0,0.0,1.0,0.0,1.0,0.0,1.0,1,1,0,0,0,0,0,0,0,0,0,0,0,0,1,0,1,0,0,0,0,0,0,0,0,0,0,0,1,0,0,,,kc1,traditional_file
0,record_1745,record_1745,.,,Unknown,3.0,1.0,1.0,1.0,1.0,0.0,0.0,0.0,0.0,0.0,0.0,0.0,1.0,0.0,0.0,0.0,1.0,0.0,1.0,0.0,1.0,1,1,0,0,0,0,0,0,0,0,0,0,0,0,1,0,1,0,0,0,0,0,0,0,0,0,0,0,1,0,0,,,kc1,traditional_file
0,record_1746,record_1746,.,,Unknown,13.0,3.0,1.0,3.0,23.0,85.11,0.16,6.4,13.3,544.7,0.03,30.26,10.0,1.0,0.0,0.0,8.0,5.0,15.0,8.0,5.0,1,1,0,0,0,0,0,0,0,0,0,0,0,0,1,0,1,0,0,0,0,0,0,0,0,0,0,0,1,0,0,,,kc1,traditional_file
0,record_1747,record_1747,.,,Unknown,27.0,6.0,1.0,2.0,64.0,300.83,0.04,22.4,13.43,6738.55,0.1,374.36,19.0,5.0,0.0,0.0,16.0,10.0,36.0,28.0,11.0,1,1,0,0,0,0,0,0,0,0,0,0,0,0,1,0,1,0,0,0,0,0,0,0,0,0,0,0,1,0,0,,,kc1,traditional_file
0,record_1748,record_1748,.,,Unknown,43.0,4.0,1.0,2.0,111.0,590.73,0.1,9.63,61.35,5688.55,0.2,316.03,25.0,2.0,3.0,0.0,13.0,27.0,71.0,40.0,7.0,1,1,0,0,0,0,0,0,0,0,0,0,0,0,1,0,1,0,0,0,0,0,0,0,0,0,0,0,1,0,0,,,kc1,traditional_file
0,record_1749,record_1749,.,,Unknown,9.0,1.0,1.0,1.0,20.0,76.15,0.21,4.67,16.32,355.35,0.03,19.74,6.0,0.0,0.0,0.0,8.0,6.0,13.0,7.0,1.0,1,1,0,0,0,0,0,0,0,0,0,0,0,0,1,0,1,0,0,0,0,0,0,0,0,0,0,0,1,0,0,,,kc1,traditional_file
0,record_1750,record_1750,.,,Unknown,23.0,1.0,1.0,1.0,69.0,331.71,0.18,5.6,59.23,1857.56,0.11,103.2,13.0,0.0,0.0,0.0,8.0,20.0,41.0,28.0,1.0,1,1,0,0,0,0,0,0,0,0,0,0,0,0,1,0,1,0,0,0,0,0,0,0,0,0,0,0,1,0,0,,,kc1,traditional_file
0,record_1751,record_1751,.,,Unknown,25.0,4.0,1.0,3.0,64.0,293.44,0.11,8.93,32.87,2619.98,0.1,145.55,21.0,1.0,1.0,0.0,10.0,14.0,39.0,25.0,7.0,1,1,0,0,0,0,0,0,0,0,0,0,0,0,1,0,1,0,0,0,0,0,0,0,0,0,0,0,1,0,0,,,kc1,traditional_file
0,record_1752,record_1752,.,,Unknown,4.0,1.0,1.0,1.0,5.0,11.61,0.5,2.0,5.8,23.22,0.0,1.29,2.0,0.0,0.0,0.0,4.0,1.0,4.0,1.0,1.0,1,1,0,0,0,0,0,0,0,0,0,0,0,0,1,0,1,0,0,0,0,0,0,0,0,0,0,0,1,0,0,,,kc1,traditional_file
0,record_1753,record_1753,.,,Unknown,4.0,1.0,1.0,1.0,5.0,11.61,0.5,2.0,5.8,23.22,0.0,1.29,2.0,0.0,0.0,0.0,4.0,1.0,4.0,1.0,1.0,1,1,0,0,0,0,0,0,0,0,0,0,0,0,1,0,1,0,0,0,0,0,0,0,0,0,0,0,1,0,0,,,kc1,traditional_file
0,record_1754,record_1754,.,,Unknown,4.0,1.0,1.0,1.0,8.0,22.46,0.33,3.0,7.49,67.38,0.01,3.74,2.0,0.0,0.0,0.0,6.0,1.0,7.0,1.0,1.0,1,1,0,0,0,0,0,0,0,0,0,0,0,0,1,0,1,0,0,0,0,0,0,0,0,0,0,0,1,0,0,,,kc1,traditional_file
0,record_1755,record_1755,.,,Unknown,11.0,1.0,1.0,1.0,25.0,100.0,0.2,5.0,20.0,500.0,0.03,27.78,7.0,0.0,0.0,0.0,8.0,8.0,15.0,10.0,1.0,1,1,0,0,0,0,0,0,0,0,0,0,0,0,1,0,1,0,0,0,0,0,0,0,0,0,0,0,1,0,0,,,kc1,traditional_file
0,record_1756,record_1756,.,,Unknown,4.0,1.0,1.0,1.0,5.0,11.61,0.67,1.5,7.74,17.41,0.0,0.97,2.0,0.0,0.0,0.0,3.0,2.0,3.0,2.0,1.0,1,1,0,0,0,0,0,0,0,0,0,0,0,0,1,0,1,0,0,0,0,0,0,0,0,0,0,0,1,0,0,,,kc1,traditional_file
0,record_1757,record_1757,.,,Unknown,74.0,6.0,5.0,6.0,155.0,781.88,0.05,18.79,41.61,14691.13,0.26,816.17,54.0,7.0,7.0,4.0,14.0,19.0,104.0,51.0,11.0,1,1,0,0,0,0,0,0,0,0,0,0,0,0,1,0,1,0,0,0,0,0,0,0,0,0,0,0,1,0,0,,,kc1,traditional_file
0,record_1758,record_1758,.,,Unknown,44.0,4.0,1.0,4.0,99.0,490.47,0.08,12.63,38.83,6195.35,0.16,344.19,38.0,0.0,3.0,0.0,12.0,19.0,59.0,40.0,7.0,1,1,0,0,0,0,0,0,0,0,0,0,0,0,1,0,1,0,0,0,0,0,0,0,0,0,0,0,1,0,0,,,kc1,traditional_file
0,record_1759,record_1759,.,,Unknown,20.0,1.0,1.0,1.0,62.0,291.43,0.18,5.56,52.46,1619.04,0.1,89.95,12.0,0.0,0.0,0.0,8.0,18.0,37.0,25.0,1.0,1,1,0,0,0,0,0,0,0,0,0,0,0,0,1,0,1,0,0,0,0,0,0,0,0,0,0,0,1,0,0,,,kc1,traditional_file
0,record_1760,record_1760,.,,Unknown,13.0,1.0,1.0,1.0,20.0,78.14,0.33,3.0,26.05,234.41,0.03,13.02,9.0,0.0,0.0,0.0,6.0,9.0,11.0,9.0,1.0,1,1,0,0,0,0,0,0,0,0,0,0,0,0,1,0,1,0,0,0,0,0,0,0,0,0,0,0,1,0,0,,,kc1,traditional_file
0,record_1761,record_1761,.,,Unknown,5.0,1.0,1.0,1.0,7.0,19.65,0.5,2.0,9.83,39.3,0.01,2.18,3.0,0.0,0.0,0.0,4.0,3.0,4.0,3.0,1.0,1,1,0,0,0,0,0,0,0,0,0,0,0,0,1,0,1,0,0,0,0,0,0,0,0,0,0,0,1,0,0,,,kc1,traditional_file
0,record_1762,record_1762,.,,Unknown,19.0,2.0,1.0,1.0,22.0,85.95,0.11,9.0,9.55,773.56,0.03,42.98,8.0,5.0,3.0,0.0,10.0,5.0,13.0,9.0,3.0,1,1,0,0,0,0,0,0,0,0,0,0,0,0,1,0,1,0,0,0,0,0,0,0,0,0,0,0,1,0,0,,,kc1,traditional_file
0,record_1763,record_1763,.,,Unknown,9.0,1.0,1.0,1.0,11.0,34.87,0.32,3.12,11.16,108.97,0.01,6.05,4.0,2.0,0.0,0.0,5.0,4.0,6.0,5.0,1.0,1,1,0,0,0,0,0,0,0,0,0,0,0,0,1,0,1,0,0,0,0,0,0,0,0,0,0,0,1,0,0,,,kc1,traditional_file
0,record_1764,record_1764,.,,Unknown,19.0,2.0,1.0,1.0,23.0,92.0,0.1,9.9,9.29,910.8,0.03,50.6,8.0,5.0,3.0,0.0,11.0,5.0,14.0,9.0,3.0,1,1,0,0,0,0,0,0,0,0,0,0,0,0,1,0,1,0,0,0,0,0,0,0,0,0,0,0,1,0,0,,,kc1,traditional_file
0,record_1765,record_1765,.,,Unknown,46.0,4.0,1.0,4.0,97.0,485.0,0.09,11.4,42.54,5529.0,0.16,307.17,38.0,0.0,3.0,0.0,12.0,20.0,59.0,38.0,7.0,1,1,0,0,0,0,0,0,0,0,0,0,0,0,1,0,1,0,0,0,0,0,0,0,0,0,0,0,1,0,0,,,kc1,traditional_file
0,record_1766,record_1766,.,,Unknown,68.0,9.0,8.0,9.0,191.0,1029.93,0.04,24.14,42.66,24862.57,0.34,1381.25,49.0,7.0,10.0,0.0,17.0,25.0,120.0,71.0,17.0,1,1,0,0,0,0,0,0,0,0,0,0,0,0,1,0,1,0,0,0,0,0,0,0,0,0,0,0,1,0,0,,,kc1,traditional_file
0,record_1767,record_1767,.,,Unknown,20.0,1.0,1.0,1.0,62.0,291.43,0.18,5.56,52.46,1619.04,0.1,89.95,12.0,0.0,0.0,0.0,8.0,18.0,37.0,25.0,1.0,1,1,0,0,0,0,0,0,0,0,0,0,0,0,1,0,1,0,0,0,0,0,0,0,0,0,0,0,1,0,0,,,kc1,traditional_file
0,record_1768,record_1768,.,,Unknown,14.0,1.0,1.0,1.0,20.0,78.14,0.33,3.0,26.05,234.41,0.03,13.02,9.0,0.0,0.0,0.0,6.0,9.0,11.0,9.0,1.0,1,1,0,0,0,0,0,0,0,0,0,0,0,0,1,0,1,0,0,0,0,0,0,0,0,0,0,0,1,0,0,,,kc1,traditional_file
0,record_1769,record_1769,.,,Unknown,5.0,1.0,1.0,1.0,7.0,19.65,0.5,2.0,9.83,39.3,0.01,2.18,3.0,0.0,0.0,0.0,4.0,3.0,4.0,3.0,1.0,1,1,0,0,0,0,0,0,0,0,0,0,0,0,1,0,1,0,0,0,0,0,0,0,0,0,0,0,1,0,0,,,kc1,traditional_file
0,record_1770,record_1770,.,,Unknown,22.0,1.0,1.0,1.0,69.0,331.71,0.18,5.6,59.23,1857.56,0.11,103.2,13.0,0.0,0.0,0.0,8.0,20.0,41.0,28.0,1.0,1,1,0,0,0,0,0,0,0,0,0,0,0,0,1,0,1,0,0,0,0,0,0,0,0,0,0,0,1,0,0,,,kc1,traditional_file
0,record_1771,record_1771,.,,Unknown,16.0,1.0,1.0,1.0,22.0,88.0,0.33,3.0,29.33,264.0,0.03,14.67,10.0,0.0,0.0,0.0,6.0,10.0,12.0,10.0,1.0,1,1,0,0,0,0,0,0,0,0,0,0,0,0,1,0,1,0,0,0,0,0,0,0,0,0,0,0,1,0,0,,,kc1,traditional_file
0,record_1772,record_1772,.,,Unknown,5.0,1.0,1.0,1.0,7.0,19.65,0.5,2.0,9.83,39.3,0.01,2.18,3.0,0.0,0.0,0.0,4.0,3.0,4.0,3.0,1.0,1,1,0,0,0,0,0,0,0,0,0,0,0,0,1,0,1,0,0,0,0,0,0,0,0,0,0,0,1,0,0,,,kc1,traditional_file
0,record_1773,record_1773,.,,Unknown,41.0,3.0,1.0,3.0,92.0,446.93,0.09,11.61,38.49,5189.4,0.15,288.3,34.0,0.0,4.0,0.0,11.0,18.0,54.0,38.0,5.0,1,1,0,0,0,0,0,0,0,0,0,0,0,0,1,0,1,0,0,0,0,0,0,0,0,0,0,0,1,0,0,,,kc1,traditional_file
0,record_1774,record_1774,.,,Unknown,14.0,1.0,1.0,1.0,26.0,106.27,0.2,4.89,21.74,519.55,0.04,28.86,8.0,0.0,0.0,0.0,8.0,9.0,15.0,11.0,1.0,1,1,0,0,0,0,0,0,0,0,0,0,0,0,1,0,1,0,0,0,0,0,0,0,0,0,0,0,1,0,0,,,kc1,traditional_file
0,record_1775,record_1775,.,,Unknown,10.0,1.0,1.0,1.0,17.0,64.73,0.33,3.0,21.58,194.18,0.02,10.79,6.0,0.0,0.0,0.0,6.0,8.0,9.0,8.0,1.0,1,1,0,0,0,0,0,0,0,0,0,0,0,0,1,0,1,0,0,0,0,0,0,0,0,0,0,0,1,0,0,,,kc1,traditional_file
0,record_1776,record_1776,.,,Unknown,44.0,4.0,1.0,4.0,101.0,505.0,0.08,12.0,42.08,6060.0,0.17,336.67,38.0,0.0,3.0,0.0,12.0,20.0,61.0,40.0,7.0,1,1,0,0,0,0,0,0,0,0,0,0,0,0,1,0,1,0,0,0,0,0,0,0,0,0,0,0,1,0,0,,,kc1,traditional_file
0,record_1777,record_1777,.,,Unknown,34.0,2.0,1.0,2.0,56.0,245.97,0.09,11.0,22.36,2705.67,0.08,150.31,17.0,6.0,9.0,0.0,11.0,10.0,36.0,20.0,3.0,1,1,0,0,0,0,0,0,0,0,0,0,0,0,1,0,1,0,0,0,0,0,0,0,0,0,0,0,1,0,0,,,kc1,traditional_file
0,record_1778,record_1778,.,,Unknown,7.0,1.0,1.0,1.0,15.0,51.89,0.23,4.38,11.86,227.03,0.02,12.61,4.0,0.0,1.0,0.0,7.0,4.0,10.0,5.0,1.0,1,1,0,0,0,0,0,0,0,0,0,0,0,0,1,0,1,0,0,0,0,0,0,0,0,0,0,0,1,0,0,,,kc1,traditional_file
0,record_1779,record_1779,.,,Unknown,5.0,1.0,1.0,1.0,13.0,44.97,0.33,3.0,14.99,134.92,0.01,7.5,3.0,0.0,0.0,0.0,6.0,5.0,8.0,5.0,1.0,1,1,0,0,0,0,0,0,0,0,0,0,0,0,1,0,1,0,0,0,0,0,0,0,0,0,0,0,1,0,0,,,kc1,traditional_file
0,record_1780,record_1780,.,,Unknown,7.0,1.0,1.0,1.0,15.0,51.89,0.23,4.38,11.86,227.03,0.02,12.61,4.0,0.0,1.0,0.0,7.0,4.0,10.0,5.0,1.0,1,1,0,0,0,0,0,0,0,0,0,0,0,0,1,0,1,0,0,0,0,0,0,0,0,0,0,0,1,0,0,,,kc1,traditional_file
0,record_1781,record_1781,.,,Unknown,20.0,1.0,1.0,1.0,62.0,291.43,0.18,5.56,52.46,1619.04,0.1,89.95,12.0,0.0,0.0,0.0,8.0,18.0,37.0,25.0,1.0,1,1,0,0,0,0,0,0,0,0,0,0,0,0,1,0,1,0,0,0,0,0,0,0,0,0,0,0,1,0,0,,,kc1,traditional_file
0,record_1782,record_1782,.,,Unknown,9.0,1.0,1.0,1.0,20.0,78.14,0.33,3.0,26.05,234.41,0.03,13.02,4.0,0.0,1.0,0.0,6.0,9.0,11.0,9.0,1.0,1,1,0,0,0,0,0,0,0,0,0,0,0,0,1,0,1,0,0,0,0,0,0,0,0,0,0,0,1,0,0,,,kc1,traditional_file
0,record_1783,record_1783,.,,Unknown,5.0,1.0,1.0,1.0,7.0,19.65,0.5,2.0,9.83,39.3,0.01,2.18,3.0,0.0,0.0,0.0,4.0,3.0,4.0,3.0,1.0,1,1,0,0,0,0,0,0,0,0,0,0,0,0,1,0,1,0,0,0,0,0,0,0,0,0,0,0,1,0,0,,,kc1,traditional_file
0,record_1784,record_1784,.,,Unknown,74.0,9.0,7.0,6.0,177.0,1036.85,0.05,18.76,55.28,19447.82,0.35,1080.43,58.0,5.0,6.0,0.0,19.0,39.0,100.0,77.0,17.0,1,1,0,0,0,0,0,0,0,0,0,0,0,0,1,0,1,0,0,0,0,0,0,0,0,0,0,0,1,0,0,,,kc1,traditional_file
0,record_1785,record_1785,.,,Unknown,25.0,3.0,1.0,2.0,50.0,226.18,0.1,10.08,22.43,2280.63,0.08,126.7,17.0,1.0,2.0,0.0,11.0,12.0,28.0,22.0,5.0,1,1,0,0,0,0,0,0,0,0,0,0,0,0,1,0,1,0,0,0,0,0,0,0,0,0,0,0,1,0,0,,,kc1,traditional_file
0,record_1786,record_1786,.,,Unknown,82.0,7.0,1.0,6.0,218.0,1303.05,0.05,21.63,60.25,28182.18,0.43,1565.68,62.0,10.0,8.0,0.0,20.0,43.0,125.0,93.0,13.0,1,1,0,0,0,0,0,0,0,0,0,0,0,0,1,0,1,0,0,0,0,0,0,0,0,0,0,0,1,0,0,,,kc1,traditional_file
0,record_1787,record_1787,.,,Unknown,12.0,1.0,1.0,1.0,25.0,100.0,0.2,5.0,20.0,500.0,0.03,27.78,7.0,0.0,0.0,0.0,8.0,8.0,15.0,10.0,1.0,1,1,0,0,0,0,0,0,0,0,0,0,0,0,1,0,1,0,0,0,0,0,0,0,0,0,0,0,1,0,0,,,kc1,traditional_file
0,record_1788,record_1788,.,,Unknown,13.0,1.0,1.0,1.0,34.0,141.78,0.19,5.2,27.26,737.24,0.05,40.96,8.0,0.0,0.0,0.0,8.0,10.0,21.0,13.0,1.0,1,1,0,0,0,0,0,0,0,0,0,0,0,0,1,0,1,0,0,0,0,0,0,0,0,0,0,0,1,0,0,,,kc1,traditional_file
0,record_1789,record_1789,.,,Unknown,15.0,2.0,1.0,2.0,28.0,109.39,0.16,6.29,17.4,687.61,0.04,38.2,10.0,1.0,2.0,0.0,8.0,7.0,17.0,11.0,3.0,1,1,0,0,0,0,0,0,0,0,0,0,0,0,1,0,1,0,0,0,0,0,0,0,0,0,0,0,1,0,0,,,kc1,traditional_file
0,record_1790,record_1790,.,,Unknown,22.0,1.0,1.0,1.0,6.0,15.51,0.5,2.0,7.75,31.02,0.01,1.72,2.0,17.0,1.0,0.0,4.0,2.0,4.0,2.0,1.0,1,1,0,0,0,0,0,0,0,0,0,0,0,0,1,0,1,0,0,0,0,0,0,0,0,0,0,0,1,0,0,,,kc1,traditional_file
0,record_1791,record_1791,.,,Unknown,27.0,2.0,1.0,2.0,35.0,153.73,0.07,15.0,10.25,2305.97,0.05,128.11,12.0,12.0,0.0,0.0,14.0,7.0,20.0,15.0,3.0,1,1,0,0,0,0,0,0,0,0,0,0,0,0,1,0,1,0,0,0,0,0,0,0,0,0,0,0,1,0,0,,,kc1,traditional_file
0,record_1792,record_1792,.,,Unknown,34.0,3.0,1.0,3.0,67.0,311.14,0.09,11.54,26.97,3590.06,0.1,199.45,24.0,6.0,1.0,1.0,12.0,13.0,42.0,25.0,5.0,1,1,0,0,0,0,0,0,0,0,0,0,0,0,1,0,1,0,0,0,0,0,0,0,0,0,0,0,1,0,0,,,kc1,traditional_file
0,record_1793,record_1793,.,,Unknown,44.0,4.0,1.0,4.0,103.0,536.57,0.1,9.84,54.53,5279.89,0.18,293.33,38.0,0.0,1.0,0.0,12.0,25.0,62.0,41.0,7.0,1,1,0,0,0,0,0,0,0,0,0,0,0,0,1,0,1,0,0,0,0,0,0,0,0,0,0,0,1,0,0,,,kc1,traditional_file
0,record_1794,record_1794,.,,Unknown,7.0,1.0,1.0,1.0,13.0,44.97,0.33,3.0,14.99,134.92,0.01,7.5,3.0,0.0,0.0,0.0,6.0,5.0,8.0,5.0,1.0,1,1,0,0,0,0,0,0,0,0,0,0,0,0,1,0,1,0,0,0,0,0,0,0,0,0,0,0,1,0,0,,,kc1,traditional_file
0,record_1795,record_1795,.,,Unknown,8.0,1.0,1.0,1.0,15.0,51.89,0.19,5.25,9.88,272.43,0.02,15.14,5.0,0.0,0.0,0.0,7.0,4.0,9.0,6.0,1.0,1,1,0,0,0,0,0,0,0,0,0,0,0,0,1,0,1,0,0,0,0,0,0,0,0,0,0,0,1,0,0,,,kc1,traditional_file
0,record_1796,record_1796,.,,Unknown,102.0,13.0,10.0,11.0,304.0,1899.37,0.03,28.86,65.81,54815.82,0.63,3045.32,85.0,3.0,6.0,5.0,26.0,50.0,193.0,111.0,25.0,1,1,0,0,0,0,0,0,0,0,0,0,0,0,1,0,1,0,0,0,0,0,0,0,0,0,0,0,1,0,0,,,kc1,traditional_file
0,record_1797,record_1797,.,,Unknown,9.0,1.0,1.0,1.0,18.0,68.53,0.21,4.67,14.69,319.82,0.02,17.77,6.0,0.0,0.0,0.0,8.0,6.0,11.0,7.0,1.0,1,1,0,0,0,0,0,0,0,0,0,0,0,0,1,0,1,0,0,0,0,0,0,0,0,0,0,0,1,0,0,,,kc1,traditional_file
0,record_1798,record_1798,.,,Unknown,13.0,2.0,1.0,2.0,21.0,75.28,0.14,7.0,10.75,526.99,0.03,29.28,9.0,0.0,2.0,0.0,8.0,4.0,14.0,7.0,3.0,1,1,0,0,0,0,0,0,0,0,0,0,0,0,1,0,1,0,0,0,0,0,0,0,0,0,0,0,1,0,0,,,kc1,traditional_file
0,record_1799,record_1799,.,,Unknown,40.0,5.0,1.0,4.0,81.0,412.08,0.1,9.55,43.17,3933.53,0.14,218.53,30.0,0.0,1.0,0.0,12.0,22.0,46.0,35.0,9.0,1,1,0,0,0,0,0,0,0,0,0,0,0,0,1,0,1,0,0,0,0,0,0,0,0,0,0,0,1,0,0,,,kc1,traditional_file
0,record_1800,record_1800,.,,Unknown,5.0,1.0,1.0,1.0,11.0,34.87,0.5,2.0,17.43,69.74,0.01,3.87,4.0,0.0,0.0,0.0,4.0,5.0,6.0,5.0,1.0,1,1,0,0,0,0,0,0,0,0,0,0,0,0,1,0,1,0,0,0,0,0,0,0,0,0,0,0,1,0,0,,,kc1,traditional_file
0,record_1801,record_1801,.,,Unknown,5.0,1.0,1.0,1.0,3.0,4.75,2.0,0.5,9.51,2.38,0.0,0.13,3.0,0.0,0.0,0.0,1.0,2.0,1.0,2.0,1.0,1,1,0,0,0,0,0,0,0,0,0,0,0,0,1,0,1,0,0,0,0,0,0,0,0,0,0,0,1,0,0,,,kc1,traditional_file
0,record_1802,record_1802,.,,Unknown,6.0,1.0,1.0,1.0,3.0,4.75,2.0,0.5,9.51,2.38,0.0,0.13,3.0,0.0,0.0,0.0,1.0,2.0,1.0,2.0,1.0,1,1,0,0,0,0,0,0,0,0,0,0,0,0,1,0,1,0,0,0,0,0,0,0,0,0,0,0,1,0,0,,,kc1,traditional_file
0,record_1803,record_1803,.,,Unknown,39.0,5.0,5.0,5.0,132.0,677.07,0.09,11.22,60.36,7594.91,0.23,421.94,33.0,3.0,1.0,0.0,12.0,23.0,89.0,43.0,9.0,1,1,0,0,0,0,0,0,0,0,0,0,0,0,1,0,1,0,0,0,0,0,0,0,0,0,0,0,1,0,0,,,kc1,traditional_file
0,record_1804,record_1804,.,,Unknown,3.0,1.0,1.0,1.0,1.0,0.0,0.0,0.0,0.0,0.0,0.0,0.0,1.0,0.0,0.0,0.0,1.0,0.0,1.0,0.0,1.0,1,1,0,0,0,0,0,0,0,0,0,0,0,0,1,0,1,0,0,0,0,0,0,0,0,0,0,0,1,0,0,,,kc1,traditional_file
0,record_1805,record_1805,.,,Unknown,3.0,1.0,1.0,1.0,1.0,0.0,0.0,0.0,0.0,0.0,0.0,0.0,1.0,0.0,0.0,0.0,1.0,0.0,1.0,0.0,1.0,1,1,0,0,0,0,0,0,0,0,0,0,0,0,1,0,1,0,0,0,0,0,0,0,0,0,0,0,1,0,0,,,kc1,traditional_file
0,record_1806,record_1806,.,,Unknown,3.0,1.0,1.0,1.0,1.0,0.0,0.0,0.0,0.0,0.0,0.0,0.0,1.0,0.0,0.0,0.0,1.0,0.0,1.0,0.0,1.0,1,1,0,0,0,0,0,0,0,0,0,0,0,0,1,0,1,0,0,0,0,0,0,0,0,0,0,0,1,0,0,,,kc1,traditional_file
0,record_1807,record_1807,.,,Unknown,1.0,1.0,1.0,1.0,0.0,0.0,0.0,0.0,0.0,0.0,0.0,0.0,0.0,0.0,0.0,0.0,0.0,0.0,0.0,0.0,1.0,1,1,0,0,0,0,0,0,0,0,0,0,0,0,1,0,1,0,0,0,0,0,0,0,0,0,0,0,1,0,0,,,kc1,traditional_file
0,record_1808,record_1808,.,,Unknown,34.0,1.0,1.0,1.0,90.0,465.29,0.23,4.34,107.09,2021.62,0.16,112.31,30.0,2.0,1.0,0.0,7.0,29.0,54.0,36.0,1.0,1,1,0,0,0,0,0,0,0,0,0,0,0,0,1,0,1,0,0,0,0,0,0,0,0,0,0,0,1,0,0,,,kc1,traditional_file
0,record_1809,record_1809,.,,Unknown,3.0,1.0,1.0,1.0,1.0,0.0,0.0,0.0,0.0,0.0,0.0,0.0,1.0,0.0,0.0,0.0,1.0,0.0,1.0,0.0,1.0,1,1,0,0,0,0,0,0,0,0,0,0,0,0,1,0,1,0,0,0,0,0,0,0,0,0,0,0,1,0,0,,,kc1,traditional_file
0,record_1810,record_1810,.,,Unknown,8.0,1.0,1.0,1.0,21.0,66.57,0.4,2.5,26.63,166.42,0.02,9.25,7.0,0.0,0.0,0.0,3.0,6.0,11.0,10.0,1.0,1,1,0,0,0,0,0,0,0,0,0,0,0,0,1,0,1,0,0,0,0,0,0,0,0,0,0,0,1,0,0,,,kc1,traditional_file
0,record_1811,record_1811,.,,Unknown,8.0,1.0,1.0,1.0,22.0,76.11,0.35,2.86,26.64,217.45,0.03,12.08,7.0,0.0,0.0,0.0,4.0,7.0,12.0,10.0,1.0,1,1,0,0,0,0,0,0,0,0,0,0,0,0,1,0,1,0,0,0,0,0,0,0,0,0,0,0,1,0,0,,,kc1,traditional_file
0,record_1812,record_1812,.,,Unknown,39.0,3.0,1.0,3.0,71.0,341.32,0.07,13.43,25.41,4585.09,0.11,254.73,26.0,4.0,5.0,0.0,13.0,15.0,40.0,31.0,5.0,1,1,0,0,0,0,0,0,0,0,0,0,0,0,1,0,1,0,0,0,0,0,0,0,0,0,0,0,1,0,0,,,kc1,traditional_file
0,record_1813,record_1813,.,,Unknown,34.0,3.0,1.0,3.0,73.0,339.0,0.07,15.23,22.26,5163.25,0.11,286.85,24.0,5.0,1.0,1.0,12.0,13.0,40.0,33.0,5.0,1,1,0,0,0,0,0,0,0,0,0,0,0,0,1,0,1,0,0,0,0,0,0,0,0,0,0,0,1,0,0,,,kc1,traditional_file
0,record_1814,record_1814,.,,Unknown,4.0,1.0,1.0,1.0,5.0,11.61,0.5,2.0,5.8,23.22,0.0,1.29,2.0,0.0,0.0,0.0,4.0,1.0,4.0,1.0,1.0,1,1,0,0,0,0,0,0,0,0,0,0,0,0,1,0,1,0,0,0,0,0,0,0,0,0,0,0,1,0,0,,,kc1,traditional_file
0,record_1815,record_1815,.,,Unknown,6.0,1.0,1.0,1.0,11.0,36.54,0.33,3.0,12.18,109.62,0.01,6.09,3.0,0.0,0.0,0.0,6.0,4.0,7.0,4.0,1.0,1,1,0,0,0,0,0,0,0,0,0,0,0,0,1,0,1,0,0,0,0,0,0,0,0,0,0,0,1,0,0,,,kc1,traditional_file
0,record_1816,record_1816,.,,Unknown,24.0,4.0,3.0,2.0,43.0,191.76,0.13,8.0,23.97,1534.04,0.06,85.22,18.0,0.0,2.0,0.0,11.0,11.0,27.0,16.0,7.0,1,1,0,0,0,0,0,0,0,0,0,0,0,0,1,0,1,0,0,0,0,0,0,0,0,0,0,0,1,0,0,,,kc1,traditional_file
0,record_1817,record_1817,.,,Unknown,6.0,1.0,1.0,1.0,9.0,28.53,0.33,3.0,9.51,85.59,0.01,4.75,3.0,0.0,0.0,0.0,6.0,3.0,6.0,3.0,1.0,1,1,0,0,0,0,0,0,0,0,0,0,0,0,1,0,1,0,0,0,0,0,0,0,0,0,0,0,1,0,0,,,kc1,traditional_file
0,record_1818,record_1818,.,,Unknown,8.0,1.0,1.0,1.0,22.0,81.41,0.21,4.67,17.44,379.91,0.03,21.11,5.0,0.0,0.0,0.0,7.0,6.0,14.0,8.0,1.0,1,1,0,0,0,0,0,0,0,0,0,0,0,0,1,0,1,0,0,0,0,0,0,0,0,0,0,0,1,0,0,,,kc1,traditional_file
0,record_1819,record_1819,.,,Unknown,6.0,1.0,1.0,1.0,11.0,36.54,0.4,2.5,14.62,91.35,0.01,5.08,3.0,0.0,0.0,0.0,5.0,5.0,6.0,5.0,1.0,1,1,0,0,0,0,0,0,0,0,0,0,0,0,1,0,1,0,0,0,0,0,0,0,0,0,0,0,1,0,0,,,kc1,traditional_file
0,record_1820,record_1820,.,,Unknown,12.0,1.0,1.0,1.0,25.0,100.0,0.2,5.0,20.0,500.0,0.03,27.78,7.0,0.0,0.0,0.0,8.0,8.0,15.0,10.0,1.0,1,1,0,0,0,0,0,0,0,0,0,0,0,0,1,0,1,0,0,0,0,0,0,0,0,0,0,0,1,0,0,,,kc1,traditional_file
0,record_1821,record_1821,.,,Unknown,4.0,1.0,1.0,1.0,5.0,11.61,0.5,2.0,5.8,23.22,0.0,1.29,2.0,0.0,0.0,0.0,4.0,1.0,4.0,1.0,1.0,1,1,0,0,0,0,0,0,0,0,0,0,0,0,1,0,1,0,0,0,0,0,0,0,0,0,0,0,1,0,0,,,kc1,traditional_file
0,record_1822,record_1822,.,,Unknown,7.0,1.0,1.0,1.0,8.0,24.0,0.33,3.0,8.0,72.0,0.01,4.0,3.0,1.0,1.0,0.0,6.0,2.0,6.0,2.0,1.0,1,1,0,0,0,0,0,0,0,0,0,0,0,0,1,0,1,0,0,0,0,0,0,0,0,0,0,0,1,0,0,,,kc1,traditional_file
0,record_1823,record_1823,.,,Unknown,4.0,1.0,1.0,1.0,6.0,15.51,0.5,2.0,7.75,31.02,0.01,1.72,2.0,0.0,0.0,0.0,4.0,2.0,4.0,2.0,1.0,1,1,0,0,0,0,0,0,0,0,0,0,0,0,1,0,1,0,0,0,0,0,0,0,0,0,0,0,1,0,0,,,kc1,traditional_file
0,record_1824,record_1824,.,,Unknown,4.0,1.0,1.0,1.0,5.0,11.61,0.5,2.0,5.8,23.22,0.0,1.29,2.0,0.0,0.0,0.0,4.0,1.0,4.0,1.0,1.0,1,1,0,0,0,0,0,0,0,0,0,0,0,0,1,0,1,0,0,0,0,0,0,0,0,0,0,0,1,0,0,,,kc1,traditional_file
0,record_1825,record_1825,.,,Unknown,4.0,1.0,1.0,1.0,6.0,15.51,0.5,2.0,7.75,31.02,0.01,1.72,2.0,0.0,0.0,0.0,4.0,2.0,4.0,2.0,1.0,1,1,0,0,0,0,0,0,0,0,0,0,0,0,1,0,1,0,0,0,0,0,0,0,0,0,0,0,1,0,0,,,kc1,traditional_file
0,record_1826,record_1826,.,,Unknown,4.0,1.0,1.0,1.0,5.0,11.61,0.5,2.0,5.8,23.22,0.0,1.29,2.0,0.0,0.0,0.0,4.0,1.0,4.0,1.0,1.0,1,1,0,0,0,0,0,0,0,0,0,0,0,0,1,0,1,0,0,0,0,0,0,0,0,0,0,0,1,0,0,,,kc1,traditional_file
0,record_1827,record_1827,.,,Unknown,4.0,1.0,1.0,1.0,5.0,11.61,0.5,2.0,5.8,23.22,0.0,1.29,2.0,0.0,0.0,0.0,4.0,1.0,4.0,1.0,1.0,1,1,0,0,0,0,0,0,0,0,0,0,0,0,1,0,1,0,0,0,0,0,0,0,0,0,0,0,1,0,0,,,kc1,traditional_file
0,record_1828,record_1828,.,,Unknown,7.0,1.0,1.0,1.0,14.0,50.19,0.29,3.5,14.34,175.66,0.02,9.76,4.0,0.0,0.0,0.0,7.0,5.0,9.0,5.0,1.0,1,1,0,0,0,0,0,0,0,0,0,0,0,0,1,0,1,0,0,0,0,0,0,0,0,0,0,0,1,0,0,,,kc1,traditional_file
0,record_1829,record_1829,.,,Unknown,6.0,1.0,1.0,1.0,10.0,31.7,0.33,3.0,10.57,95.1,0.01,5.28,4.0,0.0,0.0,0.0,6.0,3.0,7.0,3.0,1.0,1,1,0,0,0,0,0,0,0,0,0,0,0,0,1,0,1,0,0,0,0,0,0,0,0,0,0,0,1,0,0,,,kc1,traditional_file
0,record_1830,record_1830,.,,Unknown,6.0,1.0,1.0,1.0,14.0,50.19,0.29,3.5,14.34,175.66,0.02,9.76,4.0,0.0,0.0,0.0,7.0,5.0,9.0,5.0,1.0,1,1,0,0,0,0,0,0,0,0,0,0,0,0,1,0,1,0,0,0,0,0,0,0,0,0,0,0,1,0,0,,,kc1,traditional_file
0,record_1831,record_1831,.,,Unknown,6.0,1.0,1.0,1.0,10.0,31.7,0.33,3.0,10.57,95.1,0.01,5.28,4.0,0.0,0.0,0.0,6.0,3.0,7.0,3.0,1.0,1,1,0,0,0,0,0,0,0,0,0,0,0,0,1,0,1,0,0,0,0,0,0,0,0,0,0,0,1,0,0,,,kc1,traditional_file
0,record_1832,record_1832,.,,Unknown,1.0,1.0,1.0,1.0,4.0,8.0,0.67,1.5,5.33,12.0,0.0,0.67,0.0,0.0,0.0,0.0,3.0,1.0,3.0,1.0,1.0,1,1,0,0,0,0,0,0,0,0,0,0,0,0,1,0,1,0,0,0,0,0,0,0,0,0,0,0,1,0,0,,,kc1,traditional_file
0,record_1833,record_1833,.,,Unknown,2.0,1.0,1.0,1.0,4.0,8.0,0.67,1.5,5.33,12.0,0.0,0.67,0.0,0.0,0.0,0.0,3.0,1.0,3.0,1.0,1.0,1,1,0,0,0,0,0,0,0,0,0,0,0,0,1,0,1,0,0,0,0,0,0,0,0,0,0,0,1,0,0,,,kc1,traditional_file
0,record_1834,record_1834,.,,Unknown,4.0,1.0,1.0,1.0,8.0,22.46,0.33,3.0,7.49,67.38,0.01,3.74,2.0,0.0,0.0,0.0,6.0,1.0,7.0,1.0,1.0,1,1,0,0,0,0,0,0,0,0,0,0,0,0,1,0,1,0,0,0,0,0,0,0,0,0,0,0,1,0,0,,,kc1,traditional_file
0,record_1835,record_1835,.,,Unknown,1.0,1.0,1.0,1.0,4.0,8.0,0.67,1.5,5.33,12.0,0.0,0.67,0.0,0.0,0.0,0.0,3.0,1.0,3.0,1.0,1.0,1,1,0,0,0,0,0,0,0,0,0,0,0,0,1,0,1,0,0,0,0,0,0,0,0,0,0,0,1,0,0,,,kc1,traditional_file
0,record_1836,record_1836,.,,Unknown,9.0,1.0,1.0,1.0,18.0,68.53,0.21,4.67,14.69,319.82,0.02,17.77,6.0,0.0,0.0,0.0,8.0,6.0,11.0,7.0,1.0,1,1,0,0,0,0,0,0,0,0,0,0,0,0,1,0,1,0,0,0,0,0,0,0,0,0,0,0,1,0,0,,,kc1,traditional_file
0,record_1837,record_1837,.,,Unknown,26.0,5.0,4.0,5.0,70.0,332.84,0.06,17.45,19.07,5809.61,0.11,322.76,22.0,0.0,2.0,0.0,16.0,11.0,46.0,24.0,9.0,1,1,0,0,0,0,0,0,0,0,0,0,0,0,1,0,1,0,0,0,0,0,0,0,0,0,0,0,1,0,0,,,kc1,traditional_file
0,record_1838,record_1838,.,,Unknown,17.0,2.0,1.0,2.0,37.0,159.91,0.17,6.0,26.65,959.47,0.05,53.3,14.0,0.0,0.0,0.0,10.0,10.0,25.0,12.0,3.0,1,1,0,0,0,0,0,0,0,0,0,0,0,0,1,0,1,0,0,0,0,0,0,0,0,0,0,0,1,0,0,,,kc1,traditional_file
0,record_1839,record_1839,.,,Unknown,1.0,1.0,1.0,1.0,4.0,8.0,0.67,1.5,5.33,12.0,0.0,0.67,0.0,0.0,0.0,0.0,3.0,1.0,3.0,1.0,1.0,1,1,0,0,0,0,0,0,0,0,0,0,0,0,1,0,1,0,0,0,0,0,0,0,0,0,0,0,1,0,0,,,kc1,traditional_file
0,record_1840,record_1840,.,,Unknown,31.0,4.0,3.0,3.0,75.0,368.02,0.08,13.0,28.31,4784.22,0.12,265.79,28.0,0.0,1.0,0.0,15.0,15.0,49.0,26.0,7.0,1,1,0,0,0,0,0,0,0,0,0,0,0,0,1,0,1,0,0,0,0,0,0,0,0,0,0,0,1,0,0,,,kc1,traditional_file
0,record_1841,record_1841,.,,Unknown,4.0,1.0,1.0,1.0,4.0,8.0,0.67,1.5,5.33,12.0,0.0,0.67,2.0,0.0,0.0,0.0,3.0,1.0,3.0,1.0,1.0,1,1,0,0,0,0,0,0,0,0,0,0,0,0,1,0,1,0,0,0,0,0,0,0,0,0,0,0,1,0,0,,,kc1,traditional_file
0,record_1842,record_1842,.,,Unknown,4.0,1.0,1.0,1.0,4.0,8.0,0.67,1.5,5.33,12.0,0.0,0.67,2.0,0.0,0.0,0.0,3.0,1.0,3.0,1.0,1.0,1,1,0,0,0,0,0,0,0,0,0,0,0,0,1,0,1,0,0,0,0,0,0,0,0,0,0,0,1,0,0,,,kc1,traditional_file
0,record_1843,record_1843,.,,Unknown,1.0,1.0,1.0,1.0,5.0,11.61,0.5,2.0,5.8,23.22,0.0,1.29,0.0,0.0,0.0,0.0,4.0,1.0,4.0,1.0,1.0,1,1,0,0,0,0,0,0,0,0,0,0,0,0,1,0,1,0,0,0,0,0,0,0,0,0,0,0,1,0,0,,,kc1,traditional_file
0,record_1844,record_1844,.,,Unknown,1.0,1.0,1.0,1.0,4.0,8.0,0.67,1.5,5.33,12.0,0.0,0.67,0.0,0.0,0.0,0.0,3.0,1.0,3.0,1.0,1.0,1,1,0,0,0,0,0,0,0,0,0,0,0,0,1,0,1,0,0,0,0,0,0,0,0,0,0,0,1,0,0,,,kc1,traditional_file
0,record_1845,record_1845,.,,Unknown,6.0,1.0,1.0,1.0,15.0,53.77,0.22,4.5,11.95,241.98,0.02,13.44,4.0,0.0,0.0,0.0,9.0,3.0,12.0,3.0,1.0,1,1,0,0,0,0,0,0,0,0,0,0,0,0,1,0,1,0,0,0,0,0,0,0,0,0,0,0,1,0,0,,,kc1,traditional_file
0,record_1846,record_1846,.,,Unknown,6.0,1.0,1.0,1.0,14.0,50.19,0.29,3.5,14.34,175.66,0.02,9.76,4.0,0.0,0.0,0.0,7.0,5.0,9.0,5.0,1.0,1,1,0,0,0,0,0,0,0,0,0,0,0,0,1,0,1,0,0,0,0,0,0,0,0,0,0,0,1,0,0,,,kc1,traditional_file
0,record_1847,record_1847,.,,Unknown,7.0,1.0,1.0,1.0,14.0,50.19,0.29,3.5,14.34,175.66,0.02,9.76,4.0,0.0,0.0,0.0,7.0,5.0,9.0,5.0,1.0,1,1,0,0,0,0,0,0,0,0,0,0,0,0,1,0,1,0,0,0,0,0,0,0,0,0,0,0,1,0,0,,,kc1,traditional_file
0,record_1848,record_1848,.,,Unknown,1.0,1.0,1.0,1.0,4.0,8.0,0.67,1.5,5.33,12.0,0.0,0.67,0.0,0.0,0.0,0.0,3.0,1.0,3.0,1.0,1.0,1,1,0,0,0,0,0,0,0,0,0,0,0,0,1,0,1,0,0,0,0,0,0,0,0,0,0,0,1,0,0,,,kc1,traditional_file
0,record_1849,record_1849,.,,Unknown,40.0,4.0,1.0,4.0,100.0,500.0,0.07,15.17,32.97,7583.33,0.17,421.3,36.0,0.0,2.0,0.0,14.0,18.0,61.0,39.0,7.0,1,1,0,0,0,0,0,0,0,0,0,0,0,0,1,0,1,0,0,0,0,0,0,0,0,0,0,0,1,0,0,,,kc1,traditional_file
0,record_1850,record_1850,.,,Unknown,6.0,1.0,1.0,1.0,12.0,41.51,0.29,3.5,11.86,145.3,0.01,8.07,3.0,0.0,0.0,0.0,7.0,4.0,8.0,4.0,1.0,1,1,0,0,0,0,0,0,0,0,0,0,0,0,1,0,1,0,0,0,0,0,0,0,0,0,0,0,1,0,0,,,kc1,traditional_file
0,record_1851,record_1851,.,,Unknown,21.0,4.0,1.0,4.0,62.0,280.46,0.07,14.3,19.61,4010.59,0.09,222.81,17.0,0.0,2.0,0.0,13.0,10.0,40.0,22.0,7.0,1,1,0,0,0,0,0,0,0,0,0,0,0,0,1,0,1,0,0,0,0,0,0,0,0,0,0,0,1,0,0,,,kc1,traditional_file
0,record_1852,record_1852,.,,Unknown,1.0,1.0,1.0,1.0,4.0,8.0,0.67,1.5,5.33,12.0,0.0,0.67,0.0,0.0,0.0,0.0,3.0,1.0,3.0,1.0,1.0,1,1,0,0,0,0,0,0,0,0,0,0,0,0,1,0,1,0,0,0,0,0,0,0,0,0,0,0,1,0,0,,,kc1,traditional_file
0,record_1853,record_1853,.,,Unknown,1.0,1.0,1.0,1.0,4.0,8.0,0.67,1.5,5.33,12.0,0.0,0.67,0.0,0.0,0.0,0.0,3.0,1.0,3.0,1.0,1.0,1,1,0,0,0,0,0,0,0,0,0,0,0,0,1,0,1,0,0,0,0,0,0,0,0,0,0,0,1,0,0,,,kc1,traditional_file
0,record_1854,record_1854,.,,Unknown,1.0,1.0,1.0,1.0,4.0,8.0,0.67,1.5,5.33,12.0,0.0,0.67,0.0,0.0,0.0,0.0,3.0,1.0,3.0,1.0,1.0,1,1,0,0,0,0,0,0,0,0,0,0,0,0,1,0,1,0,0,0,0,0,0,0,0,0,0,0,1,0,0,,,kc1,traditional_file
0,record_1855,record_1855,.,,Unknown,1.0,1.0,1.0,1.0,4.0,8.0,0.67,1.5,5.33,12.0,0.0,0.67,0.0,0.0,0.0,0.0,3.0,1.0,3.0,1.0,1.0,1,1,0,0,0,0,0,0,0,0,0,0,0,0,1,0,1,0,0,0,0,0,0,0,0,0,0,0,1,0,0,,,kc1,traditional_file
0,record_1856,record_1856,.,,Unknown,10.0,1.0,1.0,1.0,18.0,68.53,0.21,4.67,14.69,319.82,0.02,17.77,6.0,0.0,0.0,0.0,8.0,6.0,11.0,7.0,1.0,1,1,0,0,0,0,0,0,0,0,0,0,0,0,1,0,1,0,0,0,0,0,0,0,0,0,0,0,1,0,0,,,kc1,traditional_file
0,record_1857,record_1857,.,,Unknown,17.0,2.0,1.0,2.0,37.0,159.91,0.17,6.0,26.65,959.47,0.05,53.3,14.0,0.0,0.0,0.0,10.0,10.0,25.0,12.0,3.0,1,1,0,0,0,0,0,0,0,0,0,0,0,0,1,0,1,0,0,0,0,0,0,0,0,0,0,0,1,0,0,,,kc1,traditional_file
0,record_1858,record_1858,.,,Unknown,26.0,5.0,4.0,5.0,71.0,333.73,0.06,16.36,20.39,5461.06,0.11,303.39,22.0,0.0,2.0,0.0,15.0,11.0,47.0,24.0,9.0,1,1,0,0,0,0,0,0,0,0,0,0,0,0,1,0,1,0,0,0,0,0,0,0,0,0,0,0,1,0,0,,,kc1,traditional_file
0,record_1859,record_1859,.,,Unknown,1.0,1.0,1.0,1.0,4.0,8.0,0.67,1.5,5.33,12.0,0.0,0.67,0.0,0.0,0.0,0.0,3.0,1.0,3.0,1.0,1.0,1,1,0,0,0,0,0,0,0,0,0,0,0,0,1,0,1,0,0,0,0,0,0,0,0,0,0,0,1,0,0,,,kc1,traditional_file
0,record_1860,record_1860,.,,Unknown,1.0,1.0,1.0,1.0,4.0,8.0,0.67,1.5,5.33,12.0,0.0,0.67,0.0,0.0,0.0,0.0,3.0,1.0,3.0,1.0,1.0,1,1,0,0,0,0,0,0,0,0,0,0,0,0,1,0,1,0,0,0,0,0,0,0,0,0,0,0,1,0,0,,,kc1,traditional_file
0,record_1861,record_1861,.,,Unknown,1.0,1.0,1.0,1.0,4.0,8.0,0.67,1.5,5.33,12.0,0.0,0.67,0.0,0.0,0.0,0.0,3.0,1.0,3.0,1.0,1.0,1,1,0,0,0,0,0,0,0,0,0,0,0,0,1,0,1,0,0,0,0,0,0,0,0,0,0,0,1,0,0,,,kc1,traditional_file
0,record_1862,record_1862,.,,Unknown,1.0,1.0,1.0,1.0,4.0,8.0,0.67,1.5,5.33,12.0,0.0,0.67,0.0,0.0,0.0,0.0,3.0,1.0,3.0,1.0,1.0,1,1,0,0,0,0,0,0,0,0,0,0,0,0,1,0,1,0,0,0,0,0,0,0,0,0,0,0,1,0,0,,,kc1,traditional_file
0,record_1863,record_1863,.,,Unknown,4.0,1.0,1.0,1.0,4.0,8.0,0.67,1.5,5.33,12.0,0.0,0.67,2.0,0.0,0.0,0.0,3.0,1.0,3.0,1.0,1.0,1,1,0,0,0,0,0,0,0,0,0,0,0,0,1,0,1,0,0,0,0,0,0,0,0,0,0,0,1,0,0,,,kc1,traditional_file
0,record_1864,record_1864,.,,Unknown,4.0,1.0,1.0,1.0,4.0,8.0,0.67,1.5,5.33,12.0,0.0,0.67,2.0,0.0,0.0,0.0,3.0,1.0,3.0,1.0,1.0,1,1,0,0,0,0,0,0,0,0,0,0,0,0,1,0,1,0,0,0,0,0,0,0,0,0,0,0,1,0,0,,,kc1,traditional_file
0,record_1865,record_1865,.,,Unknown,4.0,1.0,1.0,1.0,4.0,8.0,0.67,1.5,5.33,12.0,0.0,0.67,2.0,0.0,0.0,0.0,3.0,1.0,3.0,1.0,1.0,1,1,0,0,0,0,0,0,0,0,0,0,0,0,1,0,1,0,0,0,0,0,0,0,0,0,0,0,1,0,0,,,kc1,traditional_file
0,record_1866,record_1866,.,,Unknown,4.0,1.0,1.0,1.0,4.0,8.0,0.67,1.5,5.33,12.0,0.0,0.67,2.0,0.0,0.0,0.0,3.0,1.0,3.0,1.0,1.0,1,1,0,0,0,0,0,0,0,0,0,0,0,0,1,0,1,0,0,0,0,0,0,0,0,0,0,0,1,0,0,,,kc1,traditional_file
0,record_1867,record_1867,.,,Unknown,19.0,2.0,1.0,2.0,47.0,218.26,0.15,6.68,32.68,1457.67,0.07,80.98,16.0,0.0,0.0,0.0,11.0,14.0,30.0,17.0,3.0,1,1,0,0,0,0,0,0,0,0,0,0,0,0,1,0,1,0,0,0,0,0,0,0,0,0,0,0,1,0,0,,,kc1,traditional_file
0,record_1868,record_1868,.,,Unknown,11.0,1.0,1.0,1.0,18.0,68.53,0.21,4.67,14.69,319.82,0.02,17.77,6.0,0.0,0.0,0.0,8.0,6.0,11.0,7.0,1.0,1,1,0,0,0,0,0,0,0,0,0,0,0,0,1,0,1,0,0,0,0,0,0,0,0,0,0,0,1,0,0,,,kc1,traditional_file
0,record_1869,record_1869,.,,Unknown,39.0,4.0,1.0,4.0,100.0,490.69,0.07,14.91,32.91,7317.04,0.16,406.5,35.0,0.0,2.0,0.0,13.0,17.0,61.0,39.0,7.0,1,1,0,0,0,0,0,0,0,0,0,0,0,0,1,0,1,0,0,0,0,0,0,0,0,0,0,0,1,0,0,,,kc1,traditional_file
0,record_1870,record_1870,.,,Unknown,1.0,1.0,1.0,1.0,4.0,8.0,0.67,1.5,5.33,12.0,0.0,0.67,0.0,0.0,0.0,0.0,3.0,1.0,3.0,1.0,1.0,1,1,0,0,0,0,0,0,0,0,0,0,0,0,1,0,1,0,0,0,0,0,0,0,0,0,0,0,1,0,0,,,kc1,traditional_file
0,record_1871,record_1871,.,,Unknown,9.0,2.0,1.0,1.0,13.0,41.21,0.25,4.0,10.3,164.84,0.01,9.16,7.0,0.0,0.0,0.0,6.0,3.0,9.0,4.0,3.0,1,1,0,0,0,0,0,0,0,0,0,0,0,0,1,0,1,0,0,0,0,0,0,0,0,0,0,0,1,0,0,,,kc1,traditional_file
0,record_1872,record_1872,.,,Unknown,1.0,1.0,1.0,1.0,4.0,8.0,0.67,1.5,5.33,12.0,0.0,0.67,0.0,0.0,0.0,0.0,3.0,1.0,3.0,1.0,1.0,1,1,0,0,0,0,0,0,0,0,0,0,0,0,1,0,1,0,0,0,0,0,0,0,0,0,0,0,1,0,0,,,kc1,traditional_file
0,record_1873,record_1873,.,,Unknown,1.0,1.0,1.0,1.0,4.0,8.0,0.67,1.5,5.33,12.0,0.0,0.67,0.0,0.0,0.0,0.0,3.0,1.0,3.0,1.0,1.0,1,1,0,0,0,0,0,0,0,0,0,0,0,0,1,0,1,0,0,0,0,0,0,0,0,0,0,0,1,0,0,,,kc1,traditional_file
0,record_1874,record_1874,.,,Unknown,4.0,1.0,1.0,1.0,5.0,11.61,0.5,2.0,5.8,23.22,0.0,1.29,2.0,0.0,0.0,0.0,4.0,1.0,4.0,1.0,1.0,1,1,0,0,0,0,0,0,0,0,0,0,0,0,1,0,1,0,0,0,0,0,0,0,0,0,0,0,1,0,0,,,kc1,traditional_file
0,record_1875,record_1875,.,,Unknown,6.0,1.0,1.0,1.0,12.0,41.51,0.29,3.5,11.86,145.3,0.01,8.07,4.0,0.0,0.0,0.0,7.0,4.0,8.0,4.0,1.0,1,1,0,0,0,0,0,0,0,0,0,0,0,0,1,0,1,0,0,0,0,0,0,0,0,0,0,0,1,0,0,,,kc1,traditional_file
0,record_1876,record_1876,.,,Unknown,2.0,1.0,1.0,1.0,5.0,11.61,0.5,2.0,5.8,23.22,0.0,1.29,0.0,0.0,0.0,0.0,4.0,1.0,4.0,1.0,1.0,1,1,0,0,0,0,0,0,0,0,0,0,0,0,1,0,1,0,0,0,0,0,0,0,0,0,0,0,1,0,0,,,kc1,traditional_file
0,record_1877,record_1877,.,,Unknown,4.0,1.0,1.0,1.0,6.0,15.51,0.5,2.0,7.75,31.02,0.01,1.72,2.0,0.0,0.0,0.0,4.0,2.0,4.0,2.0,1.0,1,1,0,0,0,0,0,0,0,0,0,0,0,0,1,0,1,0,0,0,0,0,0,0,0,0,0,0,1,0,0,,,kc1,traditional_file
0,record_1878,record_1878,.,,Unknown,49.0,4.0,1.0,4.0,109.0,559.09,0.09,11.74,47.63,6563.25,0.19,364.63,41.0,0.0,3.0,0.0,12.0,23.0,64.0,45.0,7.0,1,1,0,0,0,0,0,0,0,0,0,0,0,0,1,0,1,0,0,0,0,0,0,0,0,0,0,0,1,0,0,,,kc1,traditional_file
0,record_1879,record_1879,.,,Unknown,24.0,1.0,1.0,1.0,76.0,372.92,0.18,5.64,66.16,2101.93,0.12,116.77,14.0,0.0,0.0,0.0,8.0,22.0,45.0,31.0,1.0,1,1,0,0,0,0,0,0,0,0,0,0,0,0,1,0,1,0,0,0,0,0,0,0,0,0,0,0,1,0,0,,,kc1,traditional_file
0,record_1880,record_1880,.,,Unknown,46.0,3.0,1.0,3.0,62.0,284.27,0.09,11.0,25.84,3126.94,0.09,173.72,24.0,11.0,9.0,0.0,12.0,12.0,40.0,22.0,5.0,1,1,0,0,0,0,0,0,0,0,0,0,0,0,1,0,1,0,0,0,0,0,0,0,0,0,0,0,1,0,0,,,kc1,traditional_file
0,record_1881,record_1881,.,,Unknown,18.0,1.0,1.0,1.0,24.0,98.1,0.33,3.0,32.7,294.3,0.03,16.35,12.0,0.0,0.0,0.0,6.0,11.0,13.0,11.0,1.0,1,1,0,0,0,0,0,0,0,0,0,0,0,0,1,0,1,0,0,0,0,0,0,0,0,0,0,0,1,0,0,,,kc1,traditional_file
0,record_1882,record_1882,.,,Unknown,5.0,1.0,1.0,1.0,7.0,19.65,0.5,2.0,9.83,39.3,0.01,2.18,3.0,0.0,0.0,0.0,4.0,3.0,4.0,3.0,1.0,1,1,0,0,0,0,0,0,0,0,0,0,0,0,1,0,1,0,0,0,0,0,0,0,0,0,0,0,1,0,0,,,kc1,traditional_file
0,record_1883,record_1883,.,,Unknown,43.0,4.0,1.0,4.0,105.0,525.0,0.08,12.9,40.7,6772.5,0.18,376.25,37.0,0.0,3.0,0.0,12.0,20.0,62.0,43.0,7.0,1,1,0,0,0,0,0,0,0,0,0,0,0,0,1,0,1,0,0,0,0,0,0,0,0,0,0,0,1,0,0,,,kc1,traditional_file
0,record_1884,record_1884,.,,Unknown,20.0,1.0,1.0,1.0,62.0,291.43,0.18,5.56,52.46,1619.04,0.1,89.95,12.0,0.0,0.0,0.0,8.0,18.0,37.0,25.0,1.0,1,1,0,0,0,0,0,0,0,0,0,0,0,0,1,0,1,0,0,0,0,0,0,0,0,0,0,0,1,0,0,,,kc1,traditional_file
0,record_1885,record_1885,.,,Unknown,9.0,1.0,1.0,1.0,20.0,78.14,0.33,3.0,26.05,234.41,0.03,13.02,4.0,0.0,1.0,0.0,6.0,9.0,11.0,9.0,1.0,1,1,0,0,0,0,0,0,0,0,0,0,0,0,1,0,1,0,0,0,0,0,0,0,0,0,0,0,1,0,0,,,kc1,traditional_file
0,record_1886,record_1886,.,,Unknown,5.0,1.0,1.0,1.0,7.0,19.65,0.5,2.0,9.83,39.3,0.01,2.18,3.0,0.0,0.0,0.0,4.0,3.0,4.0,3.0,1.0,1,1,0,0,0,0,0,0,0,0,0,0,0,0,1,0,1,0,0,0,0,0,0,0,0,0,0,0,1,0,0,,,kc1,traditional_file
0,record_1887,record_1887,.,,Unknown,4.0,1.0,1.0,1.0,8.0,22.46,0.33,3.0,7.49,67.38,0.01,3.74,2.0,0.0,0.0,0.0,6.0,1.0,7.0,1.0,1.0,1,1,0,0,0,0,0,0,0,0,0,0,0,0,1,0,1,0,0,0,0,0,0,0,0,0,0,0,1,0,0,,,kc1,traditional_file
0,record_1888,record_1888,.,,Unknown,162.0,28.0,16.0,16.0,482.0,2881.05,0.02,51.24,56.22,147636.19,0.96,8202.01,144.0,5.0,4.0,5.0,22.0,41.0,291.0,191.0,55.0,1,1,0,0,0,0,0,0,0,0,0,0,0,0,1,0,1,0,0,0,0,0,0,0,0,0,0,0,1,0,0,,,kc1,traditional_file
0,record_1889,record_1889,.,,Unknown,4.0,1.0,1.0,1.0,5.0,11.61,0.5,2.0,5.8,23.22,0.0,1.29,2.0,0.0,0.0,0.0,4.0,1.0,4.0,1.0,1.0,1,1,0,0,0,0,0,0,0,0,0,0,0,0,1,0,1,0,0,0,0,0,0,0,0,0,0,0,1,0,0,,,kc1,traditional_file
0,record_1890,record_1890,.,,Unknown,20.0,3.0,1.0,3.0,33.0,147.16,0.11,8.75,16.82,1287.66,0.05,71.54,13.0,1.0,2.0,2.0,14.0,8.0,23.0,10.0,5.0,1,1,0,0,0,0,0,0,0,0,0,0,0,0,1,0,1,0,0,0,0,0,0,0,0,0,0,0,1,0,0,,,kc1,traditional_file
0,record_1891,record_1891,.,,Unknown,20.0,3.0,1.0,3.0,33.0,147.16,0.11,8.75,16.82,1287.66,0.05,71.54,13.0,1.0,2.0,2.0,14.0,8.0,23.0,10.0,5.0,1,1,0,0,0,0,0,0,0,0,0,0,0,0,1,0,1,0,0,0,0,0,0,0,0,0,0,0,1,0,0,,,kc1,traditional_file
0,record_1892,record_1892,.,,Unknown,20.0,3.0,1.0,3.0,33.0,147.16,0.11,8.75,16.82,1287.66,0.05,71.54,13.0,1.0,2.0,2.0,14.0,8.0,23.0,10.0,5.0,1,1,0,0,0,0,0,0,0,0,0,0,0,0,1,0,1,0,0,0,0,0,0,0,0,0,0,0,1,0,0,,,kc1,traditional_file
0,record_1893,record_1893,.,,Unknown,20.0,3.0,1.0,3.0,33.0,147.16,0.11,8.75,16.82,1287.66,0.05,71.54,13.0,1.0,2.0,2.0,14.0,8.0,23.0,10.0,5.0,1,1,0,0,0,0,0,0,0,0,0,0,0,0,1,0,1,0,0,0,0,0,0,0,0,0,0,0,1,0,0,,,kc1,traditional_file
0,record_1894,record_1894,.,,Unknown,20.0,3.0,1.0,3.0,33.0,147.16,0.11,8.75,16.82,1287.66,0.05,71.54,13.0,1.0,2.0,2.0,14.0,8.0,23.0,10.0,5.0,1,1,0,0,0,0,0,0,0,0,0,0,0,0,1,0,1,0,0,0,0,0,0,0,0,0,0,0,1,0,0,,,kc1,traditional_file
0,record_1895,record_1895,.,,Unknown,19.0,3.0,1.0,3.0,32.0,140.55,0.12,8.13,17.3,1142.0,0.05,63.44,13.0,1.0,1.0,2.0,13.0,8.0,22.0,10.0,5.0,1,1,0,0,0,0,0,0,0,0,0,0,0,0,1,0,1,0,0,0,0,0,0,0,0,0,0,0,1,0,0,,,kc1,traditional_file
0,record_1896,record_1896,.,,Unknown,19.0,3.0,1.0,3.0,33.0,147.16,0.11,8.75,16.82,1287.66,0.05,71.54,13.0,1.0,1.0,2.0,14.0,8.0,23.0,10.0,5.0,1,1,0,0,0,0,0,0,0,0,0,0,0,0,1,0,1,0,0,0,0,0,0,0,0,0,0,0,1,0,0,,,kc1,traditional_file
0,record_1897,record_1897,.,,Unknown,20.0,3.0,1.0,3.0,33.0,147.16,0.11,8.75,16.82,1287.66,0.05,71.54,13.0,1.0,2.0,2.0,14.0,8.0,23.0,10.0,5.0,1,1,0,0,0,0,0,0,0,0,0,0,0,0,1,0,1,0,0,0,0,0,0,0,0,0,0,0,1,0,0,,,kc1,traditional_file
0,record_1898,record_1898,.,,Unknown,20.0,3.0,1.0,3.0,33.0,147.16,0.11,8.75,16.82,1287.66,0.05,71.54,13.0,1.0,2.0,2.0,14.0,8.0,23.0,10.0,5.0,1,1,0,0,0,0,0,0,0,0,0,0,0,0,1,0,1,0,0,0,0,0,0,0,0,0,0,0,1,0,0,,,kc1,traditional_file
0,record_1899,record_1899,.,,Unknown,20.0,3.0,1.0,3.0,33.0,147.16,0.11,8.75,16.82,1287.66,0.05,71.54,13.0,1.0,2.0,2.0,14.0,8.0,23.0,10.0,5.0,1,1,0,0,0,0,0,0,0,0,0,0,0,0,1,0,1,0,0,0,0,0,0,0,0,0,0,0,1,0,0,,,kc1,traditional_file
0,record_1900,record_1900,.,,Unknown,20.0,3.0,1.0,3.0,33.0,147.16,0.11,8.75,16.82,1287.66,0.05,71.54,13.0,1.0,2.0,2.0,14.0,8.0,23.0,10.0,5.0,1,1,0,0,0,0,0,0,0,0,0,0,0,0,1,0,1,0,0,0,0,0,0,0,0,0,0,0,1,0,0,,,kc1,traditional_file
0,record_1901,record_1901,.,,Unknown,20.0,3.0,1.0,3.0,33.0,147.16,0.11,8.75,16.82,1287.66,0.05,71.54,13.0,1.0,2.0,2.0,14.0,8.0,23.0,10.0,5.0,1,1,0,0,0,0,0,0,0,0,0,0,0,0,1,0,1,0,0,0,0,0,0,0,0,0,0,0,1,0,0,,,kc1,traditional_file
0,record_1902,record_1902,.,,Unknown,20.0,3.0,1.0,3.0,35.0,156.08,0.12,8.67,18.01,1352.69,0.05,75.15,13.0,1.0,2.0,2.0,13.0,9.0,23.0,12.0,5.0,1,1,0,0,0,0,0,0,0,0,0,0,0,0,1,0,1,0,0,0,0,0,0,0,0,0,0,0,1,0,0,,,kc1,traditional_file
0,record_1903,record_1903,.,,Unknown,19.0,3.0,1.0,3.0,32.0,140.55,0.12,8.13,17.3,1142.0,0.05,63.44,13.0,1.0,1.0,2.0,13.0,8.0,22.0,10.0,5.0,1,1,0,0,0,0,0,0,0,0,0,0,0,0,1,0,1,0,0,0,0,0,0,0,0,0,0,0,1,0,0,,,kc1,traditional_file
0,record_1904,record_1904,.,,Unknown,4.0,1.0,1.0,1.0,9.0,28.53,0.29,3.5,8.15,99.85,0.01,5.55,2.0,0.0,0.0,0.0,7.0,2.0,7.0,2.0,1.0,1,1,0,0,0,0,0,0,0,0,0,0,0,0,1,0,1,0,0,0,0,0,0,0,0,0,0,0,1,0,0,,,kc1,traditional_file
0,record_1905,record_1905,.,,Unknown,64.0,6.0,1.0,6.0,145.0,760.95,0.04,27.0,28.18,20545.64,0.25,1141.42,45.0,5.0,3.0,7.0,18.0,20.0,85.0,60.0,11.0,1,1,0,0,0,0,0,0,0,0,0,0,0,0,1,0,1,0,0,0,0,0,0,0,0,0,0,0,1,0,0,,,kc1,traditional_file
0,record_1906,record_1906,.,,Unknown,4.0,1.0,1.0,1.0,5.0,11.61,0.5,2.0,5.8,23.22,0.0,1.29,2.0,0.0,0.0,0.0,4.0,1.0,4.0,1.0,1.0,1,1,0,0,0,0,0,0,0,0,0,0,0,0,1,0,1,0,0,0,0,0,0,0,0,0,0,0,1,0,0,,,kc1,traditional_file
0,record_1907,record_1907,.,,Unknown,4.0,1.0,1.0,1.0,5.0,11.61,0.5,2.0,5.8,23.22,0.0,1.29,2.0,0.0,0.0,0.0,4.0,1.0,4.0,1.0,1.0,1,1,0,0,0,0,0,0,0,0,0,0,0,0,1,0,1,0,0,0,0,0,0,0,0,0,0,0,1,0,0,,,kc1,traditional_file
0,record_1908,record_1908,.,,Unknown,4.0,1.0,1.0,1.0,6.0,15.51,0.5,2.0,7.75,31.02,0.01,1.72,2.0,0.0,0.0,0.0,4.0,2.0,4.0,2.0,1.0,1,1,0,0,0,0,0,0,0,0,0,0,0,0,1,0,1,0,0,0,0,0,0,0,0,0,0,0,1,0,0,,,kc1,traditional_file
0,record_1909,record_1909,.,,Unknown,19.0,3.0,1.0,3.0,32.0,140.55,0.12,8.13,17.3,1142.0,0.05,63.44,13.0,1.0,1.0,2.0,13.0,8.0,22.0,10.0,5.0,1,1,0,0,0,0,0,0,0,0,0,0,0,0,1,0,1,0,0,0,0,0,0,0,0,0,0,0,1,0,0,,,kc1,traditional_file
0,record_1910,record_1910,.,,Unknown,19.0,3.0,1.0,3.0,32.0,140.55,0.12,8.13,17.3,1142.0,0.05,63.44,13.0,1.0,1.0,2.0,13.0,8.0,22.0,10.0,5.0,1,1,0,0,0,0,0,0,0,0,0,0,0,0,1,0,1,0,0,0,0,0,0,0,0,0,0,0,1,0,0,,,kc1,traditional_file
0,record_1911,record_1911,.,,Unknown,6.0,1.0,1.0,1.0,10.0,31.7,0.33,3.0,10.57,95.1,0.01,5.28,4.0,0.0,0.0,0.0,6.0,3.0,7.0,3.0,1.0,1,1,0,0,0,0,0,0,0,0,0,0,0,0,1,0,1,0,0,0,0,0,0,0,0,0,0,0,1,0,0,,,kc1,traditional_file
0,record_1912,record_1912,.,,Unknown,4.0,1.0,1.0,1.0,6.0,15.51,0.5,2.0,7.75,31.02,0.01,1.72,2.0,0.0,0.0,0.0,4.0,2.0,4.0,2.0,1.0,1,1,0,0,0,0,0,0,0,0,0,0,0,0,1,0,1,0,0,0,0,0,0,0,0,0,0,0,1,0,0,,,kc1,traditional_file
0,record_1913,record_1913,.,,Unknown,4.0,1.0,1.0,1.0,5.0,11.61,0.5,2.0,5.8,23.22,0.0,1.29,2.0,0.0,0.0,0.0,4.0,1.0,4.0,1.0,1.0,1,1,0,0,0,0,0,0,0,0,0,0,0,0,1,0,1,0,0,0,0,0,0,0,0,0,0,0,1,0,0,,,kc1,traditional_file
0,record_1914,record_1914,.,,Unknown,6.0,1.0,1.0,1.0,12.0,41.51,0.29,3.5,11.86,145.3,0.01,8.07,4.0,0.0,0.0,0.0,7.0,4.0,8.0,4.0,1.0,1,1,0,0,0,0,0,0,0,0,0,0,0,0,1,0,1,0,0,0,0,0,0,0,0,0,0,0,1,0,0,,,kc1,traditional_file
0,record_1915,record_1915,.,,Unknown,6.0,1.0,1.0,1.0,12.0,41.51,0.29,3.5,11.86,145.3,0.01,8.07,4.0,0.0,0.0,0.0,7.0,4.0,8.0,4.0,1.0,1,1,0,0,0,0,0,0,0,0,0,0,0,0,1,0,1,0,0,0,0,0,0,0,0,0,0,0,1,0,0,,,kc1,traditional_file
0,record_1916,record_1916,.,,Unknown,9.0,1.0,1.0,1.0,22.0,81.41,0.21,4.67,17.44,379.91,0.03,21.11,5.0,0.0,1.0,0.0,7.0,6.0,14.0,8.0,1.0,1,1,0,0,0,0,0,0,0,0,0,0,0,0,1,0,1,0,0,0,0,0,0,0,0,0,0,0,1,0,0,,,kc1,traditional_file
0,record_1917,record_1917,.,,Unknown,54.0,5.0,1.0,5.0,118.0,614.72,0.09,11.52,53.36,7081.52,0.2,393.42,48.0,0.0,2.0,0.0,12.0,25.0,70.0,48.0,9.0,1,1,0,0,0,0,0,0,0,0,0,0,0,0,1,0,1,0,0,0,0,0,0,0,0,0,0,0,1,0,0,,,kc1,traditional_file
0,record_1918,record_1918,.,,Unknown,112.0,6.0,1.0,6.0,229.0,1305.4,0.06,16.5,79.12,21539.11,0.44,1196.62,77.0,18.0,15.0,0.0,13.0,39.0,130.0,99.0,11.0,1,1,0,0,0,0,0,0,0,0,0,0,0,0,1,0,1,0,0,0,0,0,0,0,0,0,0,0,1,0,0,,,kc1,traditional_file
0,record_1919,record_1919,.,,Unknown,11.0,1.0,1.0,1.0,29.0,113.3,0.21,4.81,23.54,545.26,0.04,30.29,6.0,0.0,1.0,0.0,7.0,8.0,18.0,11.0,1.0,1,1,0,0,0,0,0,0,0,0,0,0,0,0,1,0,1,0,0,0,0,0,0,0,0,0,0,0,1,0,0,,,kc1,traditional_file
0,record_1920,record_1920,.,,Unknown,22.0,1.0,1.0,1.0,69.0,331.71,0.18,5.6,59.23,1857.56,0.11,103.2,13.0,0.0,0.0,0.0,8.0,20.0,41.0,28.0,1.0,1,1,0,0,0,0,0,0,0,0,0,0,0,0,1,0,1,0,0,0,0,0,0,0,0,0,0,0,1,0,0,,,kc1,traditional_file
0,record_1921,record_1921,.,,Unknown,17.0,1.0,1.0,1.0,22.0,88.0,0.33,3.0,29.33,264.0,0.03,14.67,11.0,0.0,1.0,0.0,6.0,10.0,12.0,10.0,1.0,1,1,0,0,0,0,0,0,0,0,0,0,0,0,1,0,1,0,0,0,0,0,0,0,0,0,0,0,1,0,0,,,kc1,traditional_file
0,record_1922,record_1922,.,,Unknown,5.0,1.0,1.0,1.0,7.0,19.65,0.5,2.0,9.83,39.3,0.01,2.18,3.0,0.0,0.0,0.0,4.0,3.0,4.0,3.0,1.0,1,1,0,0,0,0,0,0,0,0,0,0,0,0,1,0,1,0,0,0,0,0,0,0,0,0,0,0,1,0,0,,,kc1,traditional_file
0,record_1923,record_1923,.,,Unknown,14.0,1.0,1.0,1.0,34.0,141.78,0.19,5.2,27.26,737.24,0.05,40.96,8.0,0.0,0.0,0.0,8.0,10.0,21.0,13.0,1.0,1,1,0,0,0,0,0,0,0,0,0,0,0,0,1,0,1,0,0,0,0,0,0,0,0,0,0,0,1,0,0,,,kc1,traditional_file
0,record_1924,record_1924,.,,Unknown,10.0,1.0,1.0,1.0,20.0,76.15,0.21,4.67,16.32,355.35,0.03,19.74,6.0,0.0,0.0,0.0,8.0,6.0,13.0,7.0,1.0,1,1,0,0,0,0,0,0,0,0,0,0,0,0,1,0,1,0,0,0,0,0,0,0,0,0,0,0,1,0,0,,,kc1,traditional_file
0,record_1925,record_1925,.,,Unknown,8.0,1.0,1.0,1.0,15.0,51.89,0.23,4.38,11.86,227.03,0.02,12.61,4.0,1.0,1.0,0.0,7.0,4.0,10.0,5.0,1.0,1,1,0,0,0,0,0,0,0,0,0,0,0,0,1,0,1,0,0,0,0,0,0,0,0,0,0,0,1,0,0,,,kc1,traditional_file
0,record_1926,record_1926,.,,Unknown,11.0,1.0,1.0,1.0,25.0,100.0,0.2,5.0,20.0,500.0,0.03,27.78,7.0,0.0,0.0,0.0,8.0,8.0,15.0,10.0,1.0,1,1,0,0,0,0,0,0,0,0,0,0,0,0,1,0,1,0,0,0,0,0,0,0,0,0,0,0,1,0,0,,,kc1,traditional_file
0,record_1927,record_1927,.,,Unknown,6.0,1.0,1.0,1.0,13.0,44.97,0.29,3.5,12.85,157.4,0.01,8.74,2.0,0.0,0.0,0.0,7.0,4.0,9.0,4.0,1.0,1,1,0,0,0,0,0,0,0,0,0,0,0,0,1,0,1,0,0,0,0,0,0,0,0,0,0,0,1,0,0,,,kc1,traditional_file
0,record_1928,record_1928,.,,Unknown,7.0,1.0,1.0,1.0,12.0,41.51,0.29,3.5,11.86,145.3,0.01,8.07,4.0,0.0,0.0,0.0,7.0,4.0,8.0,4.0,1.0,1,1,0,0,0,0,0,0,0,0,0,0,0,0,1,0,1,0,0,0,0,0,0,0,0,0,0,0,1,0,0,,,kc1,traditional_file
0,record_1929,record_1929,.,,Unknown,6.0,1.0,1.0,1.0,10.0,31.7,0.33,3.0,10.57,95.1,0.01,5.28,4.0,0.0,0.0,0.0,6.0,3.0,7.0,3.0,1.0,1,1,0,0,0,0,0,0,0,0,0,0,0,0,1,0,1,0,0,0,0,0,0,0,0,0,0,0,1,0,0,,,kc1,traditional_file
0,record_1930,record_1930,.,,Unknown,5.0,1.0,1.0,1.0,11.0,36.54,0.29,3.5,10.44,127.89,0.01,7.11,2.0,0.0,0.0,0.0,7.0,3.0,8.0,3.0,1.0,1,1,0,0,0,0,0,0,0,0,0,0,0,0,1,0,1,0,0,0,0,0,0,0,0,0,0,0,1,0,0,,,kc1,traditional_file
0,record_1931,record_1931,.,,Unknown,12.0,3.0,3.0,3.0,33.0,134.89,0.11,9.17,14.71,1236.46,0.04,68.69,9.0,0.0,1.0,0.0,11.0,6.0,23.0,10.0,5.0,1,1,0,0,0,0,0,0,0,0,0,0,0,0,1,0,1,0,0,0,0,0,0,0,0,0,0,0,1,0,0,,,kc1,traditional_file
0,record_1932,record_1932,.,,Unknown,16.0,1.0,1.0,1.0,4.0,8.0,0.67,1.5,5.33,12.0,0.0,0.67,3.0,11.0,0.0,0.0,3.0,1.0,3.0,1.0,1.0,1,1,0,0,0,0,0,0,0,0,0,0,0,0,1,0,1,0,0,0,0,0,0,0,0,0,0,0,1,0,0,,,kc1,traditional_file
0,record_1933,record_1933,.,,Unknown,25.0,4.0,1.0,2.0,50.0,232.19,0.09,10.82,21.46,2511.9,0.08,139.55,17.0,2.0,1.0,0.0,14.0,11.0,33.0,17.0,7.0,1,1,0,0,0,0,0,0,0,0,0,0,0,0,1,0,1,0,0,0,0,0,0,0,0,0,0,0,1,0,0,,,kc1,traditional_file
0,record_1934,record_1934,.,,Unknown,4.0,1.0,1.0,1.0,6.0,15.51,0.5,2.0,7.75,31.02,0.01,1.72,2.0,0.0,0.0,0.0,4.0,2.0,4.0,2.0,1.0,1,1,0,0,0,0,0,0,0,0,0,0,0,0,1,0,1,0,0,0,0,0,0,0,0,0,0,0,1,0,0,,,kc1,traditional_file
0,record_1935,record_1935,.,,Unknown,4.0,1.0,1.0,1.0,8.0,24.0,0.4,2.5,9.6,60.0,0.01,3.33,2.0,0.0,0.0,0.0,5.0,3.0,5.0,3.0,1.0,1,1,0,0,0,0,0,0,0,0,0,0,0,0,1,0,1,0,0,0,0,0,0,0,0,0,0,0,1,0,0,,,kc1,traditional_file
0,record_1936,record_1936,.,,Unknown,11.0,2.0,1.0,2.0,27.0,99.91,0.11,8.8,11.35,879.22,0.03,48.85,9.0,0.0,0.0,0.0,8.0,5.0,16.0,11.0,3.0,1,1,0,0,0,0,0,0,0,0,0,0,0,0,1,0,1,0,0,0,0,0,0,0,0,0,0,0,1,0,0,,,kc1,traditional_file
0,record_1937,record_1937,.,,Unknown,10.0,2.0,1.0,1.0,17.0,64.73,0.22,4.5,14.38,291.26,0.02,16.18,5.0,1.0,1.0,1.0,9.0,5.0,12.0,5.0,3.0,1,1,0,0,0,0,0,0,0,0,0,0,0,0,1,0,1,0,0,0,0,0,0,0,0,0,0,0,1,0,0,,,kc1,traditional_file
0,record_1938,record_1938,.,,Unknown,40.0,3.0,3.0,3.0,60.0,282.03,0.07,13.42,21.02,3783.85,0.09,210.21,19.0,13.0,3.0,2.0,14.0,12.0,37.0,23.0,5.0,1,1,0,0,0,0,0,0,0,0,0,0,0,0,1,0,1,0,0,0,0,0,0,0,0,0,0,0,1,0,0,,,kc1,traditional_file
0,record_1939,record_1939,.,,Unknown,24.0,2.0,1.0,2.0,65.0,322.02,0.14,6.9,46.64,2223.49,0.11,123.53,19.0,0.0,1.0,0.0,10.0,21.0,36.0,29.0,3.0,1,1,0,0,0,0,0,0,0,0,0,0,0,0,1,0,1,0,0,0,0,0,0,0,0,0,0,0,1,0,0,,,kc1,traditional_file
0,record_1940,record_1940,.,,Unknown,9.0,1.0,1.0,1.0,20.0,76.15,0.21,4.67,16.32,355.35,0.03,19.74,6.0,0.0,0.0,0.0,8.0,6.0,13.0,7.0,1.0,1,1,0,0,0,0,0,0,0,0,0,0,0,0,1,0,1,0,0,0,0,0,0,0,0,0,0,0,1,0,0,,,kc1,traditional_file
0,record_1941,record_1941,.,,Unknown,6.0,1.0,1.0,1.0,4.0,8.0,0.67,1.5,5.33,12.0,0.0,0.67,3.0,0.0,0.0,0.0,3.0,1.0,3.0,1.0,1.0,1,1,0,0,0,0,0,0,0,0,0,0,0,0,1,0,1,0,0,0,0,0,0,0,0,0,0,0,1,0,0,,,kc1,traditional_file
0,record_1942,record_1942,.,,Unknown,16.0,1.0,1.0,1.0,48.0,214.05,0.18,5.43,39.43,1162.0,0.07,64.56,10.0,0.0,0.0,0.0,8.0,14.0,29.0,19.0,1.0,1,1,0,0,0,0,0,0,0,0,0,0,0,0,1,0,1,0,0,0,0,0,0,0,0,0,0,0,1,0,0,,,kc1,traditional_file
0,record_1943,record_1943,.,,Unknown,27.0,1.0,1.0,1.0,4.0,8.0,0.67,1.5,5.33,12.0,0.0,0.67,3.0,21.0,0.0,0.0,3.0,1.0,3.0,1.0,1.0,1,1,0,0,0,0,0,0,0,0,0,0,0,0,1,0,1,0,0,0,0,0,0,0,0,0,0,0,1,0,0,,,kc1,traditional_file
0,record_1944,record_1944,.,,Unknown,15.0,1.0,1.0,1.0,34.0,141.78,0.19,5.2,27.26,737.24,0.05,40.96,8.0,0.0,0.0,0.0,8.0,10.0,21.0,13.0,1.0,1,1,0,0,0,0,0,0,0,0,0,0,0,0,1,0,1,0,0,0,0,0,0,0,0,0,0,0,1,0,0,,,kc1,traditional_file
0,record_1945,record_1945,.,,Unknown,15.0,2.0,1.0,2.0,28.0,106.61,0.15,6.67,15.99,710.71,0.04,39.48,10.0,0.0,2.0,0.0,8.0,6.0,18.0,10.0,3.0,1,1,0,0,0,0,0,0,0,0,0,0,0,0,1,0,1,0,0,0,0,0,0,0,0,0,0,0,1,0,0,,,kc1,traditional_file
0,record_1946,record_1946,.,,Unknown,4.0,1.0,1.0,1.0,8.0,22.46,0.33,3.0,7.49,67.38,0.01,3.74,2.0,0.0,0.0,0.0,6.0,1.0,7.0,1.0,1.0,1,1,0,0,0,0,0,0,0,0,0,0,0,0,1,0,1,0,0,0,0,0,0,0,0,0,0,0,1,0,0,,,kc1,traditional_file
0,record_1947,record_1947,.,,Unknown,63.0,9.0,1.0,8.0,182.0,1052.21,0.04,23.33,45.09,24551.51,0.35,1363.97,57.0,2.0,2.0,0.0,22.0,33.0,112.0,70.0,17.0,1,1,0,0,0,0,0,0,0,0,0,0,0,0,1,0,1,0,0,0,0,0,0,0,0,0,0,0,1,0,0,,,kc1,traditional_file
0,record_1948,record_1948,.,,Unknown,4.0,1.0,1.0,1.0,5.0,11.61,0.5,2.0,5.8,23.22,0.0,1.29,2.0,0.0,0.0,0.0,4.0,1.0,4.0,1.0,1.0,1,1,0,0,0,0,0,0,0,0,0,0,0,0,1,0,1,0,0,0,0,0,0,0,0,0,0,0,1,0,0,,,kc1,traditional_file
0,record_1949,record_1949,.,,Unknown,4.0,1.0,1.0,1.0,7.0,18.09,0.4,2.5,7.24,45.24,0.01,2.51,2.0,0.0,0.0,0.0,5.0,1.0,6.0,1.0,1.0,1,1,0,0,0,0,0,0,0,0,0,0,0,0,1,0,1,0,0,0,0,0,0,0,0,0,0,0,1,0,0,,,kc1,traditional_file
0,record_1950,record_1950,.,,Unknown,4.0,1.0,1.0,1.0,6.0,15.51,0.5,2.0,7.75,31.02,0.01,1.72,2.0,0.0,0.0,0.0,4.0,2.0,4.0,2.0,1.0,1,1,0,0,0,0,0,0,0,0,0,0,0,0,1,0,1,0,0,0,0,0,0,0,0,0,0,0,1,0,0,,,kc1,traditional_file
0,record_1951,record_1951,.,,Unknown,4.0,1.0,1.0,1.0,5.0,11.61,0.5,2.0,5.8,23.22,0.0,1.29,2.0,0.0,0.0,0.0,4.0,1.0,4.0,1.0,1.0,1,1,0,0,0,0,0,0,0,0,0,0,0,0,1,0,1,0,0,0,0,0,0,0,0,0,0,0,1,0,0,,,kc1,traditional_file
0,record_1952,record_1952,.,,Unknown,4.0,1.0,1.0,1.0,6.0,15.51,0.5,2.0,7.75,31.02,0.01,1.72,2.0,0.0,0.0,0.0,4.0,2.0,4.0,2.0,1.0,1,1,0,0,0,0,0,0,0,0,0,0,0,0,1,0,1,0,0,0,0,0,0,0,0,0,0,0,1,0,0,,,kc1,traditional_file
0,record_1953,record_1953,.,,Unknown,29.0,3.0,1.0,3.0,46.0,216.22,0.11,9.33,23.17,2018.06,0.07,112.11,16.0,8.0,1.0,2.0,14.0,12.0,30.0,16.0,5.0,1,1,0,0,0,0,0,0,0,0,0,0,0,0,1,0,1,0,0,0,0,0,0,0,0,0,0,0,1,0,0,,,kc1,traditional_file
0,record_1954,record_1954,.,,Unknown,27.0,3.0,1.0,3.0,46.0,216.22,0.11,9.33,23.17,2018.06,0.07,112.11,16.0,6.0,1.0,2.0,14.0,12.0,30.0,16.0,5.0,1,1,0,0,0,0,0,0,0,0,0,0,0,0,1,0,1,0,0,0,0,0,0,0,0,0,0,0,1,0,0,,,kc1,traditional_file
0,record_1955,record_1955,.,,Unknown,4.0,1.0,1.0,1.0,5.0,11.61,0.5,2.0,5.8,23.22,0.0,1.29,2.0,0.0,0.0,0.0,4.0,1.0,4.0,1.0,1.0,1,1,0,0,0,0,0,0,0,0,0,0,0,0,1,0,1,0,0,0,0,0,0,0,0,0,0,0,1,0,0,,,kc1,traditional_file
0,record_1956,record_1956,.,,Unknown,3.0,1.0,1.0,1.0,1.0,0.0,0.0,0.0,0.0,0.0,0.0,0.0,1.0,0.0,0.0,0.0,1.0,0.0,1.0,0.0,1.0,1,1,0,0,0,0,0,0,0,0,0,0,0,0,1,0,1,0,0,0,0,0,0,0,0,0,0,0,1,0,0,,,kc1,traditional_file
0,record_1957,record_1957,.,,Unknown,5.0,2.0,1.0,2.0,9.0,27.0,0.22,4.5,6.0,121.5,0.01,6.75,3.0,0.0,0.0,0.0,6.0,2.0,6.0,3.0,3.0,1,1,0,0,0,0,0,0,0,0,0,0,0,0,1,0,1,0,0,0,0,0,0,0,0,0,0,0,1,0,0,,,kc1,traditional_file
0,record_1958,record_1958,.,,Unknown,15.0,3.0,1.0,2.0,23.0,95.91,0.18,5.63,17.05,539.48,0.03,29.97,12.0,0.0,1.0,0.0,10.0,8.0,14.0,9.0,5.0,1,1,0,0,0,0,0,0,0,0,0,0,0,0,1,0,1,0,0,0,0,0,0,0,0,0,0,0,1,0,0,,,kc1,traditional_file
0,record_1959,record_1959,.,,Unknown,3.0,1.0,1.0,1.0,1.0,0.0,0.0,0.0,0.0,0.0,0.0,0.0,1.0,0.0,0.0,0.0,1.0,0.0,1.0,0.0,1.0,1,1,0,0,0,0,0,0,0,0,0,0,0,0,1,0,1,0,0,0,0,0,0,0,0,0,0,0,1,0,0,,,kc1,traditional_file
0,record_1960,record_1960,.,,Unknown,4.0,1.0,1.0,1.0,4.0,8.0,0.67,1.5,5.33,12.0,0.0,0.67,2.0,0.0,0.0,0.0,3.0,1.0,3.0,1.0,1.0,1,1,0,0,0,0,0,0,0,0,0,0,0,0,1,0,1,0,0,0,0,0,0,0,0,0,0,0,1,0,0,,,kc1,traditional_file
0,record_1961,record_1961,.,,Unknown,3.0,1.0,1.0,1.0,1.0,0.0,0.0,0.0,0.0,0.0,0.0,0.0,1.0,0.0,0.0,0.0,1.0,0.0,1.0,0.0,1.0,1,1,0,0,0,0,0,0,0,0,0,0,0,0,1,0,1,0,0,0,0,0,0,0,0,0,0,0,1,0,0,,,kc1,traditional_file
0,record_1962,record_1962,.,,Unknown,3.0,1.0,1.0,1.0,1.0,0.0,0.0,0.0,0.0,0.0,0.0,0.0,1.0,0.0,0.0,0.0,1.0,0.0,1.0,0.0,1.0,1,1,0,0,0,0,0,0,0,0,0,0,0,0,1,0,1,0,0,0,0,0,0,0,0,0,0,0,1,0,0,,,kc1,traditional_file
0,record_1963,record_1963,.,,Unknown,8.0,1.0,1.0,1.0,11.0,36.54,0.4,2.5,14.62,91.35,0.01,5.08,3.0,0.0,0.0,0.0,5.0,5.0,6.0,5.0,1.0,1,1,0,0,0,0,0,0,0,0,0,0,0,0,1,0,1,0,0,0,0,0,0,0,0,0,0,0,1,0,0,,,kc1,traditional_file
0,record_1964,record_1964,.,,Unknown,5.0,1.0,1.0,1.0,4.0,8.0,0.67,1.5,5.33,12.0,0.0,0.67,3.0,0.0,0.0,0.0,3.0,1.0,3.0,1.0,1.0,1,1,0,0,0,0,0,0,0,0,0,0,0,0,1,0,1,0,0,0,0,0,0,0,0,0,0,0,1,0,0,,,kc1,traditional_file
0,record_1965,record_1965,.,,Unknown,22.0,2.0,1.0,2.0,50.0,219.62,0.11,9.35,23.49,2053.4,0.07,114.08,16.0,0.0,1.0,1.0,11.0,10.0,33.0,17.0,3.0,1,1,0,0,0,0,0,0,0,0,0,0,0,0,1,0,1,0,0,0,0,0,0,0,0,0,0,0,1,0,0,,,kc1,traditional_file
0,record_1966,record_1966,.,,Unknown,30.0,3.0,1.0,3.0,81.0,361.21,0.09,11.67,30.96,4214.16,0.12,234.12,23.0,1.0,1.0,0.0,10.0,12.0,53.0,28.0,5.0,1,1,0,0,0,0,0,0,0,0,0,0,0,0,1,0,1,0,0,0,0,0,0,0,0,0,0,0,1,0,0,,,kc1,traditional_file
0,record_1967,record_1967,.,,Unknown,5.0,1.0,1.0,1.0,4.0,8.0,0.67,1.5,5.33,12.0,0.0,0.67,3.0,0.0,0.0,0.0,3.0,1.0,3.0,1.0,1.0,1,1,0,0,0,0,0,0,0,0,0,0,0,0,1,0,1,0,0,0,0,0,0,0,0,0,0,0,1,0,0,,,kc1,traditional_file
0,record_1968,record_1968,.,,Unknown,18.0,3.0,1.0,3.0,38.0,166.91,0.09,11.33,14.73,1891.62,0.06,105.09,14.0,0.0,2.0,0.0,12.0,9.0,21.0,17.0,5.0,1,1,0,0,0,0,0,0,0,0,0,0,0,0,1,0,1,0,0,0,0,0,0,0,0,0,0,0,1,0,0,,,kc1,traditional_file
0,record_1969,record_1969,.,,Unknown,7.0,1.0,1.0,1.0,21.0,69.76,0.33,3.0,23.25,209.28,0.02,11.63,5.0,0.0,0.0,0.0,5.0,5.0,15.0,6.0,1.0,1,1,0,0,0,0,0,0,0,0,0,0,0,0,1,0,1,0,0,0,0,0,0,0,0,0,0,0,1,0,0,,,kc1,traditional_file
0,record_1970,record_1970,.,,Unknown,26.0,3.0,1.0,3.0,53.0,252.01,0.11,9.2,27.39,2318.48,0.08,128.8,21.0,0.0,3.0,0.0,12.0,15.0,30.0,23.0,5.0,1,1,0,0,0,0,0,0,0,0,0,0,0,0,1,0,1,0,0,0,0,0,0,0,0,0,0,0,1,0,0,,,kc1,traditional_file
0,record_1971,record_1971,.,,Unknown,13.0,1.0,1.0,1.0,27.0,108.0,0.2,5.0,21.6,540.0,0.04,30.0,7.0,0.0,1.0,0.0,8.0,8.0,17.0,10.0,1.0,1,1,0,0,0,0,0,0,0,0,0,0,0,0,1,0,1,0,0,0,0,0,0,0,0,0,0,0,1,0,0,,,kc1,traditional_file
0,record_1972,record_1972,.,,Unknown,2.0,1.0,1.0,1.0,5.0,11.61,0.67,1.5,7.74,17.41,0.0,0.97,0.0,0.0,0.0,0.0,3.0,2.0,3.0,2.0,1.0,1,1,0,0,0,0,0,0,0,0,0,0,0,0,1,0,1,0,0,0,0,0,0,0,0,0,0,0,1,0,0,,,kc1,traditional_file
0,record_1973,record_1973,.,,Unknown,2.0,2.0,1.0,2.0,7.0,18.09,0.2,5.0,3.62,90.47,0.01,5.03,0.0,0.0,0.0,0.0,5.0,1.0,5.0,2.0,3.0,1,1,0,0,0,0,0,0,0,0,0,0,0,0,1,0,1,0,0,0,0,0,0,0,0,0,0,0,1,0,0,,,kc1,traditional_file
0,record_1974,record_1974,.,,Unknown,2.0,1.0,1.0,1.0,5.0,11.61,0.67,1.5,7.74,17.41,0.0,0.97,0.0,0.0,0.0,0.0,3.0,2.0,3.0,2.0,1.0,1,1,0,0,0,0,0,0,0,0,0,0,0,0,1,0,1,0,0,0,0,0,0,0,0,0,0,0,1,0,0,,,kc1,traditional_file
0,record_1975,record_1975,.,,Unknown,5.0,1.0,1.0,1.0,13.0,43.19,0.33,3.0,14.4,129.56,0.01,7.2,1.0,0.0,0.0,0.0,6.0,4.0,9.0,4.0,1.0,1,1,0,0,0,0,0,0,0,0,0,0,0,0,1,0,1,0,0,0,0,0,0,0,0,0,0,0,1,0,0,,,kc1,traditional_file
0,record_1976,record_1976,.,,Unknown,1.0,1.0,1.0,1.0,4.0,8.0,0.67,1.5,5.33,12.0,0.0,0.67,0.0,0.0,0.0,0.0,3.0,1.0,3.0,1.0,1.0,1,1,0,0,0,0,0,0,0,0,0,0,0,0,1,0,1,0,0,0,0,0,0,0,0,0,0,0,1,0,0,,,kc1,traditional_file
0,record_1977,record_1977,.,,Unknown,1.0,1.0,1.0,1.0,4.0,8.0,0.67,1.5,5.33,12.0,0.0,0.67,0.0,0.0,0.0,0.0,3.0,1.0,3.0,1.0,1.0,1,1,0,0,0,0,0,0,0,0,0,0,0,0,1,0,1,0,0,0,0,0,0,0,0,0,0,0,1,0,0,,,kc1,traditional_file
0,record_1978,record_1978,.,,Unknown,2.0,1.0,1.0,1.0,5.0,11.61,0.67,1.5,7.74,17.41,0.0,0.97,0.0,0.0,0.0,0.0,3.0,2.0,3.0,2.0,1.0,1,1,0,0,0,0,0,0,0,0,0,0,0,0,1,0,1,0,0,0,0,0,0,0,0,0,0,0,1,0,0,,,kc1,traditional_file
0,record_1979,record_1979,.,,Unknown,18.0,3.0,1.0,3.0,39.0,178.81,0.11,8.86,20.17,1584.94,0.06,88.05,15.0,1.0,0.0,0.0,13.0,11.0,24.0,15.0,5.0,1,1,0,0,0,0,0,0,0,0,0,0,0,0,1,0,1,0,0,0,0,0,0,0,0,0,0,0,1,0,0,,,kc1,traditional_file
0,record_1980,record_1980,.,,Unknown,1.0,1.0,1.0,1.0,6.0,15.51,0.0,0.0,0.0,0.0,0.01,0.0,0.0,0.0,0.0,0.0,6.0,0.0,6.0,0.0,1.0,1,1,0,0,0,0,0,0,0,0,0,0,0,0,1,0,1,0,0,0,0,0,0,0,0,0,0,0,1,0,0,,,kc1,traditional_file
0,record_1981,record_1981,.,,Unknown,1.0,1.0,1.0,1.0,6.0,15.51,0.0,0.0,0.0,0.0,0.01,0.0,0.0,0.0,0.0,0.0,6.0,0.0,6.0,0.0,1.0,1,1,0,0,0,0,0,0,0,0,0,0,0,0,1,0,1,0,0,0,0,0,0,0,0,0,0,0,1,0,0,,,kc1,traditional_file
0,record_1982,record_1982,.,,Unknown,19.0,2.0,1.0,2.0,39.0,176.42,0.17,5.79,30.49,1020.71,0.06,56.71,13.0,0.0,4.0,0.0,9.0,14.0,21.0,18.0,3.0,1,1,0,0,0,0,0,0,0,0,0,0,0,0,1,0,1,0,0,0,0,0,0,0,0,0,0,0,1,0,0,,,kc1,traditional_file
0,record_1983,record_1983,.,,Unknown,4.0,1.0,1.0,1.0,3.0,4.75,1.0,1.0,4.75,4.75,0.0,0.26,0.0,0.0,0.0,0.0,2.0,1.0,2.0,1.0,1.0,1,1,0,0,0,0,0,0,0,0,0,0,0,0,1,0,1,0,0,0,0,0,0,0,0,0,0,0,1,0,0,,,kc1,traditional_file
0,record_1984,record_1984,.,,Unknown,3.0,1.0,1.0,1.0,1.0,0.0,0.0,0.0,0.0,0.0,0.0,0.0,1.0,0.0,0.0,0.0,1.0,0.0,1.0,0.0,1.0,1,1,0,0,0,0,0,0,0,0,0,0,0,0,1,0,1,0,0,0,0,0,0,0,0,0,0,0,1,0,0,,,kc1,traditional_file
0,record_1985,record_1985,.,,Unknown,2.0,1.0,1.0,1.0,3.0,4.75,1.0,1.0,4.75,4.75,0.0,0.26,0.0,0.0,0.0,0.0,2.0,1.0,2.0,1.0,1.0,1,1,0,0,0,0,0,0,0,0,0,0,0,0,1,0,1,0,0,0,0,0,0,0,0,0,0,0,1,0,0,,,kc1,traditional_file
0,record_1986,record_1986,.,,Unknown,4.0,1.0,1.0,1.0,3.0,4.75,1.0,1.0,4.75,4.75,0.0,0.26,0.0,0.0,0.0,0.0,2.0,1.0,2.0,1.0,1.0,1,1,0,0,0,0,0,0,0,0,0,0,0,0,1,0,1,0,0,0,0,0,0,0,0,0,0,0,1,0,0,,,kc1,traditional_file
0,record_1987,record_1987,.,,Unknown,26.0,3.0,1.0,3.0,88.0,423.05,0.06,17.5,24.17,7403.33,0.14,411.3,21.0,0.0,1.0,0.0,14.0,14.0,53.0,35.0,5.0,1,1,0,0,0,0,0,0,0,0,0,0,0,0,1,0,1,0,0,0,0,0,0,0,0,0,0,0,1,0,0,,,kc1,traditional_file
0,record_1988,record_1988,.,,Unknown,1.0,1.0,1.0,1.0,0.0,0.0,0.0,0.0,0.0,0.0,0.0,0.0,0.0,0.0,0.0,0.0,0.0,0.0,0.0,0.0,1.0,1,1,0,0,0,0,0,0,0,0,0,0,0,0,1,0,1,0,0,0,0,0,0,0,0,0,0,0,1,0,0,,,kc1,traditional_file
0,record_1989,record_1989,.,,Unknown,2.0,1.0,1.0,1.0,3.0,4.75,1.0,1.0,4.75,4.75,0.0,0.26,0.0,0.0,0.0,0.0,2.0,1.0,2.0,1.0,1.0,1,1,0,0,0,0,0,0,0,0,0,0,0,0,1,0,1,0,0,0,0,0,0,0,0,0,0,0,1,0,0,,,kc1,traditional_file
0,record_1990,record_1990,.,,Unknown,4.0,1.0,1.0,1.0,3.0,4.75,1.0,1.0,4.75,4.75,0.0,0.26,0.0,0.0,0.0,0.0,2.0,1.0,2.0,1.0,1.0,1,1,0,0,0,0,0,0,0,0,0,0,0,0,1,0,1,0,0,0,0,0,0,0,0,0,0,0,1,0,0,,,kc1,traditional_file
0,record_1991,record_1991,.,,Unknown,5.0,1.0,1.0,1.0,6.0,15.51,0.67,1.5,10.34,23.26,0.01,1.29,3.0,0.0,0.0,0.0,3.0,3.0,3.0,3.0,1.0,1,1,0,0,0,0,0,0,0,0,0,0,0,0,1,0,1,0,0,0,0,0,0,0,0,0,0,0,1,0,0,,,kc1,traditional_file
0,record_1992,record_1992,.,,Unknown,1.0,1.0,1.0,1.0,0.0,0.0,0.0,0.0,0.0,0.0,0.0,0.0,0.0,0.0,0.0,0.0,0.0,0.0,0.0,0.0,1.0,1,1,0,0,0,0,0,0,0,0,0,0,0,0,1,0,1,0,0,0,0,0,0,0,0,0,0,0,1,0,0,,,kc1,traditional_file
0,record_1993,record_1993,.,,Unknown,3.0,1.0,1.0,1.0,4.0,8.0,1.0,1.0,8.0,8.0,0.0,0.44,2.0,0.0,0.0,0.0,2.0,2.0,2.0,2.0,1.0,1,1,0,0,0,0,0,0,0,0,0,0,0,0,1,0,1,0,0,0,0,0,0,0,0,0,0,0,1,0,0,,,kc1,traditional_file
0,record_1994,record_1994,.,,Unknown,4.0,1.0,1.0,1.0,4.0,8.0,1.0,1.0,8.0,8.0,0.0,0.44,1.0,0.0,0.0,0.0,2.0,2.0,2.0,2.0,1.0,1,1,0,0,0,0,0,0,0,0,0,0,0,0,1,0,1,0,0,0,0,0,0,0,0,0,0,0,1,0,0,,,kc1,traditional_file
0,record_1995,record_1995,.,,Unknown,4.0,1.0,1.0,1.0,3.0,4.75,1.0,1.0,4.75,4.75,0.0,0.26,0.0,0.0,0.0,0.0,2.0,1.0,2.0,1.0,1.0,1,1,0,0,0,0,0,0,0,0,0,0,0,0,1,0,1,0,0,0,0,0,0,0,0,0,0,0,1,0,0,,,kc1,traditional_file
0,record_1996,record_1996,.,,Unknown,23.0,3.0,1.0,3.0,52.0,252.62,0.12,8.53,29.61,2155.12,0.08,119.73,18.0,0.0,0.0,0.0,13.0,16.0,31.0,21.0,5.0,1,1,0,0,0,0,0,0,0,0,0,0,0,0,1,0,1,0,0,0,0,0,0,0,0,0,0,0,1,0,0,,,kc1,traditional_file
0,record_1997,record_1997,.,,Unknown,2.0,1.0,1.0,1.0,3.0,4.75,1.0,1.0,4.75,4.75,0.0,0.26,0.0,0.0,0.0,0.0,2.0,1.0,2.0,1.0,1.0,1,1,0,0,0,0,0,0,0,0,0,0,0,0,1,0,1,0,0,0,0,0,0,0,0,0,0,0,1,0,0,,,kc1,traditional_file
0,record_1998,record_1998,.,,Unknown,5.0,1.0,1.0,1.0,2.0,2.0,2.0,0.5,4.0,1.0,0.0,0.06,2.0,0.0,0.0,0.0,1.0,1.0,1.0,1.0,1.0,1,1,0,0,0,0,0,0,0,0,0,0,0,0,1,0,1,0,0,0,0,0,0,0,0,0,0,0,1,0,0,,,kc1,traditional_file
0,record_1999,record_1999,.,,Unknown,3.0,1.0,1.0,1.0,1.0,0.0,0.0,0.0,0.0,0.0,0.0,0.0,1.0,0.0,0.0,0.0,1.0,0.0,1.0,0.0,1.0,1,1,0,0,0,0,0,0,0,0,0,0,0,0,1,0,1,0,0,0,0,0,0,0,0,0,0,0,1,0,0,,,kc1,traditional_file
0,record_2000,record_2000,.,,Unknown,3.0,1.0,1.0,1.0,1.0,0.0,0.0,0.0,0.0,0.0,0.0,0.0,1.0,0.0,0.0,0.0,1.0,0.0,1.0,0.0,1.0,1,1,0,0,0,0,0,0,0,0,0,0,0,0,1,0,1,0,0,0,0,0,0,0,0,0,0,0,1,0,0,,,kc1,traditional_file
0,record_2001,record_2001,.,,Unknown,4.0,1.0,1.0,1.0,2.0,2.0,2.0,0.5,4.0,1.0,0.0,0.06,3.0,0.0,0.0,0.0,1.0,1.0,1.0,1.0,1.0,1,1,0,0,0,0,0,0,0,0,0,0,0,0,1,0,1,0,0,0,0,0,0,0,0,0,0,0,1,0,0,,,kc1,traditional_file
0,record_2002,record_2002,.,,Unknown,4.0,1.0,1.0,1.0,2.0,2.0,2.0,0.5,4.0,1.0,0.0,0.06,3.0,0.0,0.0,0.0,1.0,1.0,1.0,1.0,1.0,1,1,0,0,0,0,0,0,0,0,0,0,0,0,1,0,1,0,0,0,0,0,0,0,0,0,0,0,1,0,0,,,kc1,traditional_file
0,record_2003,record_2003,.,,Unknown,3.0,1.0,1.0,1.0,1.0,0.0,0.0,0.0,0.0,0.0,0.0,0.0,1.0,0.0,0.0,0.0,1.0,0.0,1.0,0.0,1.0,1,1,0,0,0,0,0,0,0,0,0,0,0,0,1,0,1,0,0,0,0,0,0,0,0,0,0,0,1,0,0,,,kc1,traditional_file
0,record_2004,record_2004,.,,Unknown,6.0,1.0,1.0,1.0,1.0,0.0,0.0,0.0,0.0,0.0,0.0,0.0,1.0,0.0,0.0,0.0,1.0,0.0,1.0,0.0,1.0,1,1,0,0,0,0,0,0,0,0,0,0,0,0,1,0,1,0,0,0,0,0,0,0,0,0,0,0,1,0,0,,,kc1,traditional_file
0,record_2005,record_2005,.,,Unknown,4.0,1.0,1.0,1.0,4.0,8.0,0.67,1.5,5.33,12.0,0.0,0.67,2.0,0.0,0.0,0.0,3.0,1.0,3.0,1.0,1.0,1,1,0,0,0,0,0,0,0,0,0,0,0,0,1,0,1,0,0,0,0,0,0,0,0,0,0,0,1,0,0,,,kc1,traditional_file
0,record_2006,record_2006,.,,Unknown,1.0,1.0,1.0,1.0,5.0,11.61,0.67,1.5,7.74,17.41,0.0,0.97,0.0,0.0,0.0,0.0,3.0,2.0,3.0,2.0,1.0,1,1,0,0,0,0,0,0,0,0,0,0,0,0,1,0,1,0,0,0,0,0,0,0,0,0,0,0,1,0,0,,,kc1,traditional_file
0,record_2007,record_2007,.,,Unknown,4.0,1.0,1.0,1.0,3.0,4.75,1.0,1.0,4.75,4.75,0.0,0.26,0.0,0.0,0.0,0.0,2.0,1.0,2.0,1.0,1.0,1,1,0,0,0,0,0,0,0,0,0,0,0,0,1,0,1,0,0,0,0,0,0,0,0,0,0,0,1,0,0,,,kc1,traditional_file
0,record_2008,record_2008,.,,Unknown,16.0,1.0,1.0,1.0,32.0,138.3,0.21,4.67,29.64,645.41,0.05,35.86,12.0,0.0,0.0,0.0,8.0,12.0,18.0,14.0,1.0,1,1,0,0,0,0,0,0,0,0,0,0,0,0,1,0,1,0,0,0,0,0,0,0,0,0,0,0,1,0,0,,,kc1,traditional_file
0,record_2009,record_2009,.,,Unknown,11.0,2.0,1.0,2.0,19.0,76.0,0.22,4.5,16.89,342.0,0.03,19.0,8.0,0.0,1.0,0.0,9.0,7.0,12.0,7.0,3.0,1,1,0,0,0,0,0,0,0,0,0,0,0,0,1,0,1,0,0,0,0,0,0,0,0,0,0,0,1,0,0,,,kc1,traditional_file
0,record_2010,record_2010,.,,Unknown,6.0,1.0,1.0,1.0,10.0,31.7,0.4,2.5,12.68,79.25,0.01,4.4,1.0,0.0,0.0,0.0,5.0,4.0,6.0,4.0,1.0,1,1,0,0,0,0,0,0,0,0,0,0,0,0,1,0,1,0,0,0,0,0,0,0,0,0,0,0,1,0,0,,,kc1,traditional_file
0,record_2011,record_2011,.,,Unknown,8.0,1.0,1.0,1.0,8.0,24.0,0.4,2.5,9.6,60.0,0.01,3.33,3.0,0.0,1.0,0.0,5.0,3.0,5.0,3.0,1.0,1,1,0,0,0,0,0,0,0,0,0,0,0,0,1,0,1,0,0,0,0,0,0,0,0,0,0,0,1,0,0,,,kc1,traditional_file
0,record_2012,record_2012,.,,Unknown,19.0,5.0,4.0,5.0,50.0,226.18,0.07,15.0,15.08,3392.67,0.08,188.48,13.0,0.0,0.0,0.0,15.0,8.0,34.0,16.0,9.0,1,1,0,0,0,0,0,0,0,0,0,0,0,0,1,0,1,0,0,0,0,0,0,0,0,0,0,0,1,0,0,,,kc1,traditional_file
0,record_2013,record_2013,.,,Unknown,6.0,1.0,1.0,1.0,10.0,31.7,0.4,2.5,12.68,79.25,0.01,4.4,1.0,0.0,0.0,0.0,5.0,4.0,6.0,4.0,1.0,1,1,0,0,0,0,0,0,0,0,0,0,0,0,1,0,1,0,0,0,0,0,0,0,0,0,0,0,1,0,0,,,kc1,traditional_file
0,record_2014,record_2014,.,,Unknown,9.0,1.0,1.0,1.0,8.0,24.0,0.4,2.5,9.6,60.0,0.01,3.33,3.0,0.0,1.0,0.0,5.0,3.0,5.0,3.0,1.0,1,1,0,0,0,0,0,0,0,0,0,0,0,0,1,0,1,0,0,0,0,0,0,0,0,0,0,0,1,0,0,,,kc1,traditional_file
0,record_2015,record_2015,.,,Unknown,48.0,9.0,7.0,6.0,74.0,355.74,0.04,23.4,15.2,8324.42,0.12,462.47,35.0,4.0,3.0,0.0,18.0,10.0,48.0,26.0,17.0,1,1,0,0,0,0,0,0,0,0,0,0,0,0,1,0,1,0,0,0,0,0,0,0,0,0,0,0,1,0,0,,,kc1,traditional_file
0,record_2016,record_2016,.,,Unknown,4.0,1.0,1.0,1.0,9.0,28.53,0.33,3.0,9.51,85.59,0.01,4.75,2.0,0.0,0.0,0.0,6.0,3.0,6.0,3.0,1.0,1,1,0,0,0,0,0,0,0,0,0,0,0,0,1,0,1,0,0,0,0,0,0,0,0,0,0,0,1,0,0,,,kc1,traditional_file
0,record_2017,record_2017,.,,Unknown,2.0,1.0,1.0,1.0,4.0,8.0,0.67,1.5,5.33,12.0,0.0,0.67,0.0,0.0,0.0,0.0,3.0,1.0,3.0,1.0,1.0,1,1,0,0,0,0,0,0,0,0,0,0,0,0,1,0,1,0,0,0,0,0,0,0,0,0,0,0,1,0,0,,,kc1,traditional_file
0,record_2018,record_2018,.,,Unknown,2.0,1.0,1.0,1.0,4.0,8.0,0.67,1.5,5.33,12.0,0.0,0.67,0.0,0.0,0.0,0.0,3.0,1.0,3.0,1.0,1.0,1,1,0,0,0,0,0,0,0,0,0,0,0,0,1,0,1,0,0,0,0,0,0,0,0,0,0,0,1,0,0,,,kc1,traditional_file
0,record_2019,record_2019,.,,Unknown,52.0,6.0,5.0,5.0,139.0,729.46,0.06,15.65,46.6,11417.66,0.24,634.31,39.0,3.0,1.0,1.0,15.0,23.0,91.0,48.0,11.0,1,1,0,0,0,0,0,0,0,0,0,0,0,0,1,0,1,0,0,0,0,0,0,0,0,0,0,0,1,0,0,,,kc1,traditional_file
0,record_2020,record_2020,.,,Unknown,2.0,1.0,1.0,1.0,4.0,8.0,0.67,1.5,5.33,12.0,0.0,0.67,0.0,0.0,0.0,0.0,3.0,1.0,3.0,1.0,1.0,1,1,0,0,0,0,0,0,0,0,0,0,0,0,1,0,1,0,0,0,0,0,0,0,0,0,0,0,1,0,0,,,kc1,traditional_file
0,record_2021,record_2021,.,,Unknown,2.0,1.0,1.0,1.0,4.0,8.0,0.67,1.5,5.33,12.0,0.0,0.67,0.0,0.0,0.0,0.0,3.0,1.0,3.0,1.0,1.0,1,1,0,0,0,0,0,0,0,0,0,0,0,0,1,0,1,0,0,0,0,0,0,0,0,0,0,0,1,0,0,,,kc1,traditional_file
0,record_2022,record_2022,.,,Unknown,2.0,1.0,1.0,1.0,4.0,8.0,0.67,1.5,5.33,12.0,0.0,0.67,0.0,0.0,0.0,0.0,3.0,1.0,3.0,1.0,1.0,1,1,0,0,0,0,0,0,0,0,0,0,0,0,1,0,1,0,0,0,0,0,0,0,0,0,0,0,1,0,0,,,kc1,traditional_file
0,record_2023,record_2023,.,,Unknown,2.0,1.0,1.0,1.0,4.0,8.0,0.67,1.5,5.33,12.0,0.0,0.67,0.0,0.0,0.0,0.0,3.0,1.0,3.0,1.0,1.0,1,1,0,0,0,0,0,0,0,0,0,0,0,0,1,0,1,0,0,0,0,0,0,0,0,0,0,0,1,0,0,,,kc1,traditional_file
0,record_2024,record_2024,.,,Unknown,2.0,1.0,1.0,1.0,4.0,8.0,0.67,1.5,5.33,12.0,0.0,0.67,0.0,0.0,0.0,0.0,3.0,1.0,3.0,1.0,1.0,1,1,0,0,0,0,0,0,0,0,0,0,0,0,1,0,1,0,0,0,0,0,0,0,0,0,0,0,1,0,0,,,kc1,traditional_file
0,record_2025,record_2025,.,,Unknown,11.0,2.0,1.0,2.0,21.0,77.71,0.13,7.88,9.87,611.96,0.03,34.0,8.0,0.0,1.0,0.0,9.0,4.0,14.0,7.0,3.0,1,1,0,0,0,0,0,0,0,0,0,0,0,0,1,0,1,0,0,0,0,0,0,0,0,0,0,0,1,0,0,,,kc1,traditional_file
0,record_2026,record_2026,.,,Unknown,2.0,1.0,1.0,1.0,4.0,8.0,0.67,1.5,5.33,12.0,0.0,0.67,0.0,0.0,0.0,0.0,3.0,1.0,3.0,1.0,1.0,1,1,0,0,0,0,0,0,0,0,0,0,0,0,1,0,1,0,0,0,0,0,0,0,0,0,0,0,1,0,0,,,kc1,traditional_file
0,record_2027,record_2027,.,,Unknown,1.0,1.0,1.0,1.0,4.0,8.0,0.67,1.5,5.33,12.0,0.0,0.67,0.0,0.0,0.0,0.0,3.0,1.0,3.0,1.0,1.0,1,1,0,0,0,0,0,0,0,0,0,0,0,0,1,0,1,0,0,0,0,0,0,0,0,0,0,0,1,0,0,,,kc1,traditional_file
0,record_2028,record_2028,.,,Unknown,2.0,1.0,1.0,1.0,4.0,8.0,0.67,1.5,5.33,12.0,0.0,0.67,0.0,0.0,0.0,0.0,3.0,1.0,3.0,1.0,1.0,1,1,0,0,0,0,0,0,0,0,0,0,0,0,1,0,1,0,0,0,0,0,0,0,0,0,0,0,1,0,0,,,kc1,traditional_file
0,record_2029,record_2029,.,,Unknown,2.0,1.0,1.0,1.0,4.0,8.0,0.67,1.5,5.33,12.0,0.0,0.67,0.0,0.0,0.0,0.0,3.0,1.0,3.0,1.0,1.0,1,1,0,0,0,0,0,0,0,0,0,0,0,0,1,0,1,0,0,0,0,0,0,0,0,0,0,0,1,0,0,,,kc1,traditional_file
0,record_2030,record_2030,.,,Unknown,2.0,1.0,1.0,1.0,4.0,8.0,0.67,1.5,5.33,12.0,0.0,0.67,0.0,0.0,0.0,0.0,3.0,1.0,3.0,1.0,1.0,1,1,0,0,0,0,0,0,0,0,0,0,0,0,1,0,1,0,0,0,0,0,0,0,0,0,0,0,1,0,0,,,kc1,traditional_file
0,record_2031,record_2031,.,,Unknown,2.0,1.0,1.0,1.0,4.0,8.0,0.67,1.5,5.33,12.0,0.0,0.67,0.0,0.0,0.0,0.0,3.0,1.0,3.0,1.0,1.0,1,1,0,0,0,0,0,0,0,0,0,0,0,0,1,0,1,0,0,0,0,0,0,0,0,0,0,0,1,0,0,,,kc1,traditional_file
0,record_2032,record_2032,.,,Unknown,2.0,1.0,1.0,1.0,4.0,8.0,0.67,1.5,5.33,12.0,0.0,0.67,0.0,0.0,0.0,0.0,3.0,1.0,3.0,1.0,1.0,1,1,0,0,0,0,0,0,0,0,0,0,0,0,1,0,1,0,0,0,0,0,0,0,0,0,0,0,1,0,0,,,kc1,traditional_file
0,record_2033,record_2033,.,,Unknown,15.0,3.0,1.0,3.0,42.0,178.41,0.13,7.78,22.94,1387.66,0.06,77.09,11.0,0.0,2.0,0.0,10.0,9.0,28.0,14.0,5.0,1,1,0,0,0,0,0,0,0,0,0,0,0,0,1,0,1,0,0,0,0,0,0,0,0,0,0,0,1,0,0,,,kc1,traditional_file
0,record_2034,record_2034,.,,Unknown,13.0,2.0,1.0,2.0,25.0,92.51,0.16,6.4,14.45,592.07,0.03,32.89,8.0,0.0,1.0,0.0,8.0,5.0,17.0,8.0,3.0,1,1,0,0,0,0,0,0,0,0,0,0,0,0,1,0,1,0,0,0,0,0,0,0,0,0,0,0,1,0,0,,,kc1,traditional_file
0,record_2035,record_2035,.,,Unknown,2.0,1.0,1.0,1.0,4.0,8.0,0.67,1.5,5.33,12.0,0.0,0.67,0.0,0.0,0.0,0.0,3.0,1.0,3.0,1.0,1.0,1,1,0,0,0,0,0,0,0,0,0,0,0,0,1,0,1,0,0,0,0,0,0,0,0,0,0,0,1,0,0,,,kc1,traditional_file
0,record_2036,record_2036,.,,Unknown,2.0,1.0,1.0,1.0,4.0,8.0,0.67,1.5,5.33,12.0,0.0,0.67,0.0,0.0,0.0,0.0,3.0,1.0,3.0,1.0,1.0,1,1,0,0,0,0,0,0,0,0,0,0,0,0,1,0,1,0,0,0,0,0,0,0,0,0,0,0,1,0,0,,,kc1,traditional_file
0,record_2037,record_2037,.,,Unknown,2.0,1.0,1.0,1.0,4.0,8.0,0.67,1.5,5.33,12.0,0.0,0.67,0.0,0.0,0.0,0.0,3.0,1.0,3.0,1.0,1.0,1,1,0,0,0,0,0,0,0,0,0,0,0,0,1,0,1,0,0,0,0,0,0,0,0,0,0,0,1,0,0,,,kc1,traditional_file
0,record_2038,record_2038,.,,Unknown,2.0,1.0,1.0,1.0,4.0,8.0,0.67,1.5,5.33,12.0,0.0,0.67,0.0,0.0,0.0,0.0,3.0,1.0,3.0,1.0,1.0,1,1,0,0,0,0,0,0,0,0,0,0,0,0,1,0,1,0,0,0,0,0,0,0,0,0,0,0,1,0,0,,,kc1,traditional_file
0,record_2039,record_2039,.,,Unknown,2.0,1.0,1.0,1.0,4.0,8.0,0.67,1.5,5.33,12.0,0.0,0.67,0.0,0.0,0.0,0.0,3.0,1.0,3.0,1.0,1.0,1,1,0,0,0,0,0,0,0,0,0,0,0,0,1,0,1,0,0,0,0,0,0,0,0,0,0,0,1,0,0,,,kc1,traditional_file
0,record_2040,record_2040,.,,Unknown,2.0,1.0,1.0,1.0,4.0,8.0,0.67,1.5,5.33,12.0,0.0,0.67,0.0,0.0,0.0,0.0,3.0,1.0,3.0,1.0,1.0,1,1,0,0,0,0,0,0,0,0,0,0,0,0,1,0,1,0,0,0,0,0,0,0,0,0,0,0,1,0,0,,,kc1,traditional_file
0,record_2041,record_2041,.,,Unknown,2.0,1.0,1.0,1.0,4.0,8.0,0.67,1.5,5.33,12.0,0.0,0.67,0.0,0.0,0.0,0.0,3.0,1.0,3.0,1.0,1.0,1,1,0,0,0,0,0,0,0,0,0,0,0,0,1,0,1,0,0,0,0,0,0,0,0,0,0,0,1,0,0,,,kc1,traditional_file
0,record_2042,record_2042,.,,Unknown,2.0,1.0,1.0,1.0,6.0,15.51,0.4,2.5,6.2,38.77,0.01,2.15,0.0,0.0,0.0,0.0,5.0,1.0,5.0,1.0,1.0,1,1,0,0,0,0,0,0,0,0,0,0,0,0,1,0,1,0,0,0,0,0,0,0,0,0,0,0,1,0,0,,,kc1,traditional_file
0,record_2043,record_2043,.,,Unknown,6.0,1.0,1.0,1.0,5.0,11.61,0.67,1.5,7.74,17.41,0.0,0.97,2.0,0.0,0.0,0.0,3.0,2.0,3.0,2.0,1.0,1,1,0,0,0,0,0,0,0,0,0,0,0,0,1,0,1,0,0,0,0,0,0,0,0,0,0,0,1,0,0,,,kc1,traditional_file
0,record_2044,record_2044,.,,Unknown,8.0,2.0,1.0,2.0,15.0,51.89,0.28,3.6,14.41,186.81,0.02,10.38,6.0,0.0,0.0,0.0,6.0,5.0,9.0,6.0,3.0,1,1,0,0,0,0,0,0,0,0,0,0,0,0,1,0,1,0,0,0,0,0,0,0,0,0,0,0,1,0,0,,,kc1,traditional_file
0,record_2045,record_2045,.,,Unknown,1.0,1.0,1.0,1.0,4.0,8.0,0.67,1.5,5.33,12.0,0.0,0.67,0.0,0.0,0.0,0.0,3.0,1.0,3.0,1.0,1.0,1,1,0,0,0,0,0,0,0,0,0,0,0,0,1,0,1,0,0,0,0,0,0,0,0,0,0,0,1,0,0,,,kc1,traditional_file
0,record_2046,record_2046,.,,Unknown,1.0,1.0,1.0,1.0,4.0,8.0,0.67,1.5,5.33,12.0,0.0,0.67,0.0,0.0,0.0,0.0,3.0,1.0,3.0,1.0,1.0,1,1,0,0,0,0,0,0,0,0,0,0,0,0,1,0,1,0,0,0,0,0,0,0,0,0,0,0,1,0,0,,,kc1,traditional_file
0,record_2047,record_2047,.,,Unknown,2.0,2.0,1.0,1.0,8.0,24.0,0.4,2.5,9.6,60.0,0.01,3.33,0.0,0.0,0.0,0.0,5.0,3.0,5.0,3.0,3.0,1,1,0,0,0,0,0,0,0,0,0,0,0,0,1,0,1,0,0,0,0,0,0,0,0,0,0,0,1,0,0,,,kc1,traditional_file
0,record_2048,record_2048,.,,Unknown,3.0,3.0,1.0,2.0,15.0,53.77,0.17,6.0,8.96,322.65,0.02,17.92,1.0,0.0,0.0,0.0,9.0,3.0,11.0,4.0,5.0,1,1,0,0,0,0,0,0,0,0,0,0,0,0,1,0,1,0,0,0,0,0,0,0,0,0,0,0,1,0,0,,,kc1,traditional_file
0,record_2049,record_2049,.,,Unknown,2.0,1.0,1.0,1.0,4.0,8.0,0.67,1.5,5.33,12.0,0.0,0.67,0.0,0.0,0.0,0.0,3.0,1.0,3.0,1.0,1.0,1,1,0,0,0,0,0,0,0,0,0,0,0,0,1,0,1,0,0,0,0,0,0,0,0,0,0,0,1,0,0,,,kc1,traditional_file
0,record_2050,record_2050,.,,Unknown,2.0,2.0,1.0,2.0,9.0,27.0,0.14,7.0,3.86,189.0,0.01,10.5,0.0,0.0,0.0,0.0,7.0,1.0,7.0,2.0,3.0,1,1,0,0,0,0,0,0,0,0,0,0,0,0,1,0,1,0,0,0,0,0,0,0,0,0,0,0,1,0,0,,,kc1,traditional_file
0,record_2051,record_2051,.,,Unknown,2.0,1.0,1.0,1.0,4.0,8.0,0.67,1.5,5.33,12.0,0.0,0.67,0.0,0.0,0.0,0.0,3.0,1.0,3.0,1.0,1.0,1,1,0,0,0,0,0,0,0,0,0,0,0,0,1,0,1,0,0,0,0,0,0,0,0,0,0,0,1,0,0,,,kc1,traditional_file
0,record_2052,record_2052,.,,Unknown,2.0,2.0,1.0,2.0,9.0,27.0,0.14,7.0,3.86,189.0,0.01,10.5,0.0,0.0,0.0,0.0,7.0,1.0,7.0,2.0,3.0,1,1,0,0,0,0,0,0,0,0,0,0,0,0,1,0,1,0,0,0,0,0,0,0,0,0,0,0,1,0,0,,,kc1,traditional_file
0,record_2053,record_2053,.,,Unknown,3.0,3.0,3.0,2.0,14.0,53.3,0.22,4.5,11.85,239.86,0.02,13.33,1.0,0.0,0.0,0.0,9.0,5.0,9.0,5.0,5.0,1,1,0,0,0,0,0,0,0,0,0,0,0,0,1,0,1,0,0,0,0,0,0,0,0,0,0,0,1,0,0,,,kc1,traditional_file
0,record_2054,record_2054,.,,Unknown,2.0,1.0,1.0,1.0,4.0,8.0,0.67,1.5,5.33,12.0,0.0,0.67,0.0,0.0,0.0,0.0,3.0,1.0,3.0,1.0,1.0,1,1,0,0,0,0,0,0,0,0,0,0,0,0,1,0,1,0,0,0,0,0,0,0,0,0,0,0,1,0,0,,,kc1,traditional_file
0,record_2055,record_2055,.,,Unknown,2.0,1.0,1.0,1.0,5.0,11.61,0.67,1.5,7.74,17.41,0.0,0.97,0.0,0.0,0.0,0.0,3.0,2.0,3.0,2.0,1.0,1,1,0,0,0,0,0,0,0,0,0,0,0,0,1,0,1,0,0,0,0,0,0,0,0,0,0,0,1,0,0,,,kc1,traditional_file
0,record_2056,record_2056,.,,Unknown,9.0,2.0,1.0,1.0,18.0,66.61,0.15,6.75,9.87,449.6,0.02,24.98,6.0,0.0,0.0,0.0,9.0,4.0,12.0,6.0,3.0,1,1,0,0,0,0,0,0,0,0,0,0,0,0,1,0,1,0,0,0,0,0,0,0,0,0,0,0,1,0,0,,,kc1,traditional_file
0,record_2057,record_2057,.,,Unknown,54.0,6.0,1.0,6.0,132.0,733.21,0.06,15.83,46.32,11604.88,0.24,644.72,45.0,0.0,7.0,0.0,18.0,29.0,81.0,51.0,11.0,1,1,0,0,0,0,0,0,0,0,0,0,0,0,1,0,1,0,0,0,0,0,0,0,0,0,0,0,1,0,0,,,kc1,traditional_file
0,record_2058,record_2058,.,,Unknown,24.0,3.0,1.0,3.0,58.0,262.37,0.14,7.07,37.1,1855.31,0.09,103.07,16.0,1.0,1.0,0.0,9.0,14.0,36.0,22.0,5.0,1,1,0,0,0,0,0,0,0,0,0,0,0,0,1,0,1,0,0,0,0,0,0,0,0,0,0,0,1,0,0,,,kc1,traditional_file
0,record_2059,record_2059,.,,Unknown,15.0,1.0,1.0,1.0,29.0,116.0,0.2,5.0,23.2,580.0,0.04,32.22,7.0,1.0,2.0,0.0,8.0,8.0,19.0,10.0,1.0,1,1,0,0,0,0,0,0,0,0,0,0,0,0,1,0,1,0,0,0,0,0,0,0,0,0,0,0,1,0,0,,,kc1,traditional_file
0,record_2060,record_2060,.,,Unknown,2.0,1.0,1.0,1.0,5.0,11.61,0.67,1.5,7.74,17.41,0.0,0.97,0.0,0.0,0.0,0.0,3.0,2.0,3.0,2.0,1.0,1,1,0,0,0,0,0,0,0,0,0,0,0,0,1,0,1,0,0,0,0,0,0,0,0,0,0,0,1,0,0,,,kc1,traditional_file
0,record_2061,record_2061,.,,Unknown,3.0,1.0,1.0,1.0,9.0,23.26,0.5,2.0,11.63,46.53,0.01,2.58,1.0,0.0,0.0,0.0,3.0,3.0,5.0,4.0,1.0,1,1,0,0,0,0,0,0,0,0,0,0,0,0,1,0,1,0,0,0,0,0,0,0,0,0,0,0,1,0,0,,,kc1,traditional_file
0,record_2062,record_2062,.,,Unknown,1.0,1.0,1.0,1.0,4.0,8.0,0.0,0.0,0.0,0.0,0.0,0.0,0.0,0.0,0.0,0.0,4.0,0.0,4.0,0.0,1.0,1,1,0,0,0,0,0,0,0,0,0,0,0,0,1,0,1,0,0,0,0,0,0,0,0,0,0,0,1,0,0,,,kc1,traditional_file
0,record_2063,record_2063,.,,Unknown,1.0,1.0,1.0,1.0,4.0,8.0,0.0,0.0,0.0,0.0,0.0,0.0,0.0,0.0,0.0,0.0,4.0,0.0,4.0,0.0,1.0,1,1,0,0,0,0,0,0,0,0,0,0,0,0,1,0,1,0,0,0,0,0,0,0,0,0,0,0,1,0,0,,,kc1,traditional_file
0,record_2064,record_2064,.,,Unknown,9.0,2.0,1.0,2.0,16.0,55.35,0.15,6.67,8.3,369.01,0.02,20.5,7.0,0.0,0.0,0.0,8.0,3.0,11.0,5.0,3.0,1,1,0,0,0,0,0,0,0,0,0,0,0,0,1,0,1,0,0,0,0,0,0,0,0,0,0,0,1,0,0,,,kc1,traditional_file
0,record_2065,record_2065,.,,Unknown,4.0,1.0,1.0,1.0,4.0,8.0,0.67,1.5,5.33,12.0,0.0,0.67,0.0,0.0,0.0,0.0,3.0,1.0,3.0,1.0,1.0,1,1,0,0,0,0,0,0,0,0,0,0,0,0,1,0,1,0,0,0,0,0,0,0,0,0,0,0,1,0,0,,,kc1,traditional_file
0,record_2066,record_2066,.,,Unknown,4.0,1.0,1.0,1.0,4.0,8.0,0.67,1.5,5.33,12.0,0.0,0.67,0.0,0.0,0.0,0.0,3.0,1.0,3.0,1.0,1.0,1,1,0,0,0,0,0,0,0,0,0,0,0,0,1,0,1,0,0,0,0,0,0,0,0,0,0,0,1,0,0,,,kc1,traditional_file
0,record_2067,record_2067,.,,Unknown,4.0,1.0,1.0,1.0,4.0,8.0,0.67,1.5,5.33,12.0,0.0,0.67,0.0,0.0,0.0,0.0,3.0,1.0,3.0,1.0,1.0,1,1,0,0,0,0,0,0,0,0,0,0,0,0,1,0,1,0,0,0,0,0,0,0,0,0,0,0,1,0,0,,,kc1,traditional_file
0,record_2068,record_2068,.,,Unknown,4.0,1.0,1.0,1.0,4.0,8.0,0.67,1.5,5.33,12.0,0.0,0.67,0.0,0.0,0.0,0.0,3.0,1.0,3.0,1.0,1.0,1,1,0,0,0,0,0,0,0,0,0,0,0,0,1,0,1,0,0,0,0,0,0,0,0,0,0,0,1,0,0,,,kc1,traditional_file
0,record_2069,record_2069,.,,Unknown,4.0,1.0,1.0,1.0,4.0,8.0,0.67,1.5,5.33,12.0,0.0,0.67,0.0,0.0,0.0,0.0,3.0,1.0,3.0,1.0,1.0,1,1,0,0,0,0,0,0,0,0,0,0,0,0,1,0,1,0,0,0,0,0,0,0,0,0,0,0,1,0,0,,,kc1,traditional_file
0,record_2070,record_2070,.,,Unknown,4.0,1.0,1.0,1.0,4.0,8.0,0.67,1.5,5.33,12.0,0.0,0.67,0.0,0.0,0.0,0.0,3.0,1.0,3.0,1.0,1.0,1,1,0,0,0,0,0,0,0,0,0,0,0,0,1,0,1,0,0,0,0,0,0,0,0,0,0,0,1,0,0,,,kc1,traditional_file
0,record_2071,record_2071,.,,Unknown,15.0,3.0,1.0,3.0,43.0,185.84,0.08,13.0,14.3,2415.96,0.06,134.22,13.0,0.0,0.0,0.0,13.0,7.0,29.0,14.0,5.0,1,1,0,0,0,0,0,0,0,0,0,0,0,0,1,0,1,0,0,0,0,0,0,0,0,0,0,0,1,0,0,,,kc1,traditional_file
0,record_2072,record_2072,.,,Unknown,15.0,3.0,1.0,3.0,39.0,176.42,0.09,10.89,16.2,1921.01,0.06,106.72,11.0,0.0,2.0,0.0,14.0,9.0,25.0,14.0,5.0,1,1,0,0,0,0,0,0,0,0,0,0,0,0,1,0,1,0,0,0,0,0,0,0,0,0,0,0,1,0,0,,,kc1,traditional_file
0,record_2073,record_2073,.,,Unknown,4.0,1.0,1.0,1.0,4.0,8.0,0.67,1.5,5.33,12.0,0.0,0.67,0.0,0.0,0.0,0.0,3.0,1.0,3.0,1.0,1.0,1,1,0,0,0,0,0,0,0,0,0,0,0,0,1,0,1,0,0,0,0,0,0,0,0,0,0,0,1,0,0,,,kc1,traditional_file
0,record_2074,record_2074,.,,Unknown,4.0,1.0,1.0,1.0,8.0,24.0,0.29,3.5,6.86,84.0,0.01,4.67,2.0,0.0,0.0,0.0,7.0,1.0,7.0,1.0,1.0,1,1,0,0,0,0,0,0,0,0,0,0,0,0,1,0,1,0,0,0,0,0,0,0,0,0,0,0,1,0,0,,,kc1,traditional_file
0,record_2075,record_2075,.,,Unknown,4.0,1.0,1.0,1.0,8.0,24.0,0.29,3.5,6.86,84.0,0.01,4.67,2.0,0.0,0.0,0.0,7.0,1.0,7.0,1.0,1.0,1,1,0,0,0,0,0,0,0,0,0,0,0,0,1,0,1,0,0,0,0,0,0,0,0,0,0,0,1,0,0,,,kc1,traditional_file
0,record_2076,record_2076,.,,Unknown,2.0,1.0,1.0,1.0,7.0,18.09,0.5,2.0,9.05,36.19,0.01,2.0,0.0,0.0,0.0,0.0,4.0,2.0,5.0,2.0,1.0,1,1,0,0,0,0,0,0,0,0,0,0,0,0,1,0,1,0,0,0,0,0,0,0,0,0,0,0,1,0,0,,,kc1,traditional_file
0,record_2077,record_2077,.,,Unknown,26.0,3.0,1.0,3.0,67.0,298.78,0.12,8.65,34.53,2585.61,0.1,143.65,21.0,0.0,3.0,0.0,9.0,13.0,42.0,25.0,5.0,1,1,0,0,0,0,0,0,0,0,0,0,0,0,1,0,1,0,0,0,0,0,0,0,0,0,0,0,1,0,0,,,kc1,traditional_file
0,record_2078,record_2078,.,,Unknown,19.0,4.0,1.0,3.0,39.0,156.0,0.08,13.33,11.7,2080.0,0.05,115.56,16.0,0.0,1.0,0.0,10.0,6.0,23.0,16.0,7.0,1,1,0,0,0,0,0,0,0,0,0,0,0,0,1,0,1,0,0,0,0,0,0,0,0,0,0,0,1,0,0,,,kc1,traditional_file
0,record_2079,record_2079,.,,Unknown,19.0,4.0,1.0,3.0,39.0,156.0,0.08,13.33,11.7,2080.0,0.05,115.56,16.0,0.0,1.0,0.0,10.0,6.0,23.0,16.0,7.0,1,1,0,0,0,0,0,0,0,0,0,0,0,0,1,0,1,0,0,0,0,0,0,0,0,0,0,0,1,0,0,,,kc1,traditional_file
0,record_2080,record_2080,.,,Unknown,20.0,5.0,1.0,3.0,37.0,151.24,0.13,7.56,20.02,1142.67,0.05,63.48,17.0,0.0,1.0,0.0,8.0,9.0,20.0,17.0,9.0,1,1,0,0,0,0,0,0,0,0,0,0,0,0,1,0,1,0,0,0,0,0,0,0,0,0,0,0,1,0,0,,,kc1,traditional_file
0,record_2081,record_2081,.,,Unknown,20.0,5.0,1.0,3.0,37.0,151.24,0.13,7.56,20.02,1142.67,0.05,63.48,17.0,0.0,1.0,0.0,8.0,9.0,20.0,17.0,9.0,1,1,0,0,0,0,0,0,0,0,0,0,0,0,1,0,1,0,0,0,0,0,0,0,0,0,0,0,1,0,0,,,kc1,traditional_file
0,record_2082,record_2082,.,,Unknown,4.0,1.0,1.0,1.0,6.0,15.51,0.5,2.0,7.75,31.02,0.01,1.72,0.0,0.0,0.0,0.0,4.0,2.0,4.0,2.0,1.0,1,1,0,0,0,0,0,0,0,0,0,0,0,0,1,0,1,0,0,0,0,0,0,0,0,0,0,0,1,0,0,,,kc1,traditional_file
0,record_2083,record_2083,.,,Unknown,2.0,1.0,1.0,1.0,5.0,11.61,0.5,2.0,5.8,23.22,0.0,1.29,0.0,0.0,0.0,0.0,4.0,1.0,4.0,1.0,1.0,1,1,0,0,0,0,0,0,0,0,0,0,0,0,1,0,1,0,0,0,0,0,0,0,0,0,0,0,1,0,0,,,kc1,traditional_file
0,record_2084,record_2084,.,,Unknown,2.0,1.0,1.0,1.0,5.0,11.61,0.67,1.5,7.74,17.41,0.0,0.97,0.0,0.0,0.0,0.0,3.0,2.0,3.0,2.0,1.0,1,1,0,0,0,0,0,0,0,0,0,0,0,0,1,0,1,0,0,0,0,0,0,0,0,0,0,0,1,0,0,,,kc1,traditional_file
0,record_2085,record_2085,.,,Unknown,2.0,1.0,1.0,1.0,5.0,11.61,0.67,1.5,7.74,17.41,0.0,0.97,0.0,0.0,0.0,0.0,3.0,2.0,3.0,2.0,1.0,1,1,0,0,0,0,0,0,0,0,0,0,0,0,1,0,1,0,0,0,0,0,0,0,0,0,0,0,1,0,0,,,kc1,traditional_file
0,record_2086,record_2086,.,,Unknown,2.0,1.0,1.0,1.0,5.0,11.61,0.67,1.5,7.74,17.41,0.0,0.97,0.0,0.0,0.0,0.0,3.0,2.0,3.0,2.0,1.0,1,1,0,0,0,0,0,0,0,0,0,0,0,0,1,0,1,0,0,0,0,0,0,0,0,0,0,0,1,0,0,,,kc1,traditional_file
0,record_2087,record_2087,.,,Unknown,11.0,2.0,1.0,2.0,23.0,85.11,0.16,6.42,13.26,546.12,0.03,30.34,8.0,0.0,1.0,0.0,7.0,6.0,12.0,11.0,3.0,1,1,0,0,0,0,0,0,0,0,0,0,0,0,1,0,1,0,0,0,0,0,0,0,0,0,0,0,1,0,0,,,kc1,traditional_file
0,record_2088,record_2088,.,,Unknown,10.0,2.0,1.0,2.0,22.0,83.76,0.18,5.5,15.23,460.69,0.03,25.59,8.0,0.0,0.0,0.0,7.0,7.0,11.0,11.0,3.0,1,1,0,0,0,0,0,0,0,0,0,0,0,0,1,0,1,0,0,0,0,0,0,0,0,0,0,0,1,0,0,,,kc1,traditional_file
0,record_2089,record_2089,.,,Unknown,11.0,2.0,1.0,2.0,23.0,85.11,0.16,6.42,13.26,546.12,0.03,30.34,8.0,0.0,1.0,0.0,7.0,6.0,12.0,11.0,3.0,1,1,0,0,0,0,0,0,0,0,0,0,0,0,1,0,1,0,0,0,0,0,0,0,0,0,0,0,1,0,0,,,kc1,traditional_file
0,record_2090,record_2090,.,,Unknown,10.0,2.0,1.0,2.0,22.0,83.76,0.18,5.5,15.23,460.69,0.03,25.59,8.0,0.0,0.0,0.0,7.0,7.0,11.0,11.0,3.0,1,1,0,0,0,0,0,0,0,0,0,0,0,0,1,0,1,0,0,0,0,0,0,0,0,0,0,0,1,0,0,,,kc1,traditional_file
0,record_2091,record_2091,.,,Unknown,18.0,3.0,1.0,3.0,41.0,164.0,0.11,9.0,18.22,1476.0,0.05,82.0,14.0,0.0,2.0,0.0,9.0,7.0,27.0,14.0,5.0,1,1,0,0,0,0,0,0,0,0,0,0,0,0,1,0,1,0,0,0,0,0,0,0,0,0,0,0,1,0,0,,,kc1,traditional_file
0,record_2092,record_2092,.,,Unknown,17.0,1.0,1.0,1.0,35.0,148.68,0.16,6.3,23.6,936.67,0.05,52.04,9.0,1.0,2.0,0.0,9.0,10.0,21.0,14.0,1.0,1,1,0,0,0,0,0,0,0,0,0,0,0,0,1,0,1,0,0,0,0,0,0,0,0,0,0,0,1,0,0,,,kc1,traditional_file
0,record_2093,record_2093,.,,Unknown,15.0,2.0,1.0,2.0,26.0,108.42,0.18,5.5,19.71,596.3,0.04,33.13,12.0,0.0,1.0,0.0,9.0,9.0,15.0,11.0,3.0,1,1,0,0,0,0,0,0,0,0,0,0,0,0,1,0,1,0,0,0,0,0,0,0,0,0,0,0,1,0,0,,,kc1,traditional_file
0,record_2094,record_2094,.,,Unknown,2.0,1.0,1.0,1.0,5.0,11.61,0.67,1.5,7.74,17.41,0.0,0.97,0.0,0.0,0.0,0.0,3.0,2.0,3.0,2.0,1.0,1,1,0,0,0,0,0,0,0,0,0,0,0,0,1,0,1,0,0,0,0,0,0,0,0,0,0,0,1,0,0,,,kc1,traditional_file
0,record_2095,record_2095,.,,Unknown,1.0,1.0,1.0,1.0,5.0,11.61,0.67,1.5,7.74,17.41,0.0,0.97,0.0,0.0,0.0,0.0,3.0,2.0,3.0,2.0,1.0,1,1,0,0,0,0,0,0,0,0,0,0,0,0,1,0,1,0,0,0,0,0,0,0,0,0,0,0,1,0,0,,,kc1,traditional_file
0,record_2096,record_2096,.,,Unknown,2.0,1.0,1.0,1.0,5.0,11.61,0.67,1.5,7.74,17.41,0.0,0.97,0.0,0.0,0.0,0.0,3.0,2.0,3.0,2.0,1.0,1,1,0,0,0,0,0,0,0,0,0,0,0,0,1,0,1,0,0,0,0,0,0,0,0,0,0,0,1,0,0,,,kc1,traditional_file
0,record_2097,record_2097,.,,Unknown,19.0,2.0,1.0,2.0,39.0,159.41,0.16,6.22,25.62,991.89,0.05,55.11,11.0,1.0,3.0,0.0,8.0,9.0,25.0,14.0,3.0,1,1,0,0,0,0,0,0,0,0,0,0,0,0,1,0,1,0,0,0,0,0,0,0,0,0,0,0,1,0,0,,,kc1,traditional_file
0,record_2098,record_2098,.,,Unknown,15.0,2.0,1.0,2.0,53.0,239.75,0.21,4.81,49.82,1153.79,0.08,64.09,12.0,0.0,1.0,0.0,7.0,16.0,31.0,22.0,3.0,1,1,0,0,0,0,0,0,0,0,0,0,0,0,1,0,1,0,0,0,0,0,0,0,0,0,0,0,1,0,0,,,kc1,traditional_file
0,record_2099,record_2099,.,,Unknown,14.0,2.0,1.0,2.0,34.0,141.78,0.21,4.8,29.54,680.53,0.05,37.81,12.0,0.0,0.0,0.0,8.0,10.0,22.0,12.0,3.0,1,1,0,0,0,0,0,0,0,0,0,0,0,0,1,0,1,0,0,0,0,0,0,0,0,0,0,0,1,0,0,,,kc1,traditional_file
0,record_2100,record_2100,.,,Unknown,14.0,2.0,1.0,2.0,31.0,121.11,0.15,6.86,17.66,830.49,0.04,46.14,9.0,0.0,1.0,0.0,8.0,7.0,19.0,12.0,3.0,1,1,0,0,0,0,0,0,0,0,0,0,0,0,1,0,1,0,0,0,0,0,0,0,0,0,0,0,1,0,0,,,kc1,traditional_file
0,record_2101,record_2101,.,,Unknown,2.0,1.0,1.0,1.0,8.0,22.46,0.5,2.0,11.23,44.92,0.01,2.5,0.0,0.0,0.0,0.0,4.0,3.0,5.0,3.0,1.0,1,1,0,0,0,0,0,0,0,0,0,0,0,0,1,0,1,0,0,0,0,0,0,0,0,0,0,0,1,0,0,,,kc1,traditional_file
0,record_2102,record_2102,.,,Unknown,14.0,2.0,1.0,2.0,28.0,109.39,0.19,5.14,21.27,562.59,0.04,31.26,11.0,0.0,1.0,0.0,8.0,7.0,19.0,9.0,3.0,1,1,0,0,0,0,0,0,0,0,0,0,0,0,1,0,1,0,0,0,0,0,0,0,0,0,0,0,1,0,0,,,kc1,traditional_file
0,record_2103,record_2103,.,,Unknown,4.0,1.0,1.0,1.0,5.0,11.61,0.67,1.5,7.74,17.41,0.0,0.97,0.0,0.0,0.0,0.0,3.0,2.0,3.0,2.0,1.0,1,1,0,0,0,0,0,0,0,0,0,0,0,0,1,0,1,0,0,0,0,0,0,0,0,0,0,0,1,0,0,,,kc1,traditional_file
0,record_2104,record_2104,.,,Unknown,19.0,2.0,1.0,2.0,40.0,175.69,0.15,6.82,25.77,1197.9,0.06,66.55,12.0,1.0,2.0,0.0,10.0,11.0,25.0,15.0,3.0,1,1,0,0,0,0,0,0,0,0,0,0,0,0,1,0,1,0,0,0,0,0,0,0,0,0,0,0,1,0,0,,,kc1,traditional_file
0,record_2105,record_2105,.,,Unknown,23.0,3.0,3.0,3.0,60.0,278.63,0.1,9.69,28.75,2700.58,0.09,150.03,18.0,1.0,2.0,0.0,12.0,13.0,39.0,21.0,5.0,1,1,0,0,0,0,0,0,0,0,0,0,0,0,1,0,1,0,0,0,0,0,0,0,0,0,0,0,1,0,0,,,kc1,traditional_file
0,record_2106,record_2106,.,,Unknown,2.0,1.0,1.0,1.0,4.0,8.0,0.67,1.5,5.33,12.0,0.0,0.67,0.0,0.0,0.0,0.0,3.0,1.0,3.0,1.0,1.0,1,1,0,0,0,0,0,0,0,0,0,0,0,0,1,0,1,0,0,0,0,0,0,0,0,0,0,0,1,0,0,,,kc1,traditional_file
0,record_2107,record_2107,.,,Unknown,13.0,1.0,1.0,1.0,17.0,60.94,0.25,4.0,15.24,243.78,0.02,13.54,6.0,0.0,5.0,0.0,6.0,6.0,9.0,8.0,1.0,1,1,0,0,0,0,0,0,0,0,0,0,0,0,1,0,1,0,0,0,0,0,0,0,0,0,0,0,1,0,0,,,kc1,traditional_file
0,record_2108,record_2108,.,,Unknown,11.0,2.0,1.0,2.0,27.0,102.8,0.17,6.0,17.13,616.79,0.03,34.27,9.0,0.0,0.0,0.0,8.0,6.0,18.0,9.0,3.0,1,1,0,0,0,0,0,0,0,0,0,0,0,0,1,0,1,0,0,0,0,0,0,0,0,0,0,0,1,0,0,,,kc1,traditional_file
