is_defect_prone,filepath,filename,directory,file_ext,language,loc,v(g),ev(g),iv(g),n,v,l,d,i,e,b,t,lOCode,lOComment,lOBlank,lOCodeAndComment,uniq_Op,uniq_Opnd,total_Op,total_Opnd,branchCount,total_commits,total_authors,total_churn,avg_churn,max_churn,lines_added,lines_deleted,avg_loc,max_loc,min_loc,loc_var,avg_cc,sum_cc,churn_per_loc,add_del_ratio,loc_range,cyclomatic_complexity,num_functions,num_classes,comment_lines,blank_lines,code_lines,comment_ratio,avg_func_complexity,max_nesting,long_methods,complexity_per_loc,churn_density,author_diversity,commit_frequency,defect_commits,first_seen,last_seen,dataset_name,task_type
0,record_0,record_0,.,,Unknown,1.1,1.4,1.4,1.4,1.3,1.3,1.3,1.3,1.3,1.3,1.3,1.3,2.0,2.0,2.0,2.0,1.2,1.2,1.2,1.2,1.4,1,1,0,0,0,0,0,0,0,0,0,0,0,0,1,0,1,0,0,0,0,0,0,0,0,0,0,0,1,0,0,,,kc2,traditional_file
1,record_1,record_1,.,,Unknown,1.0,1.0,1.0,1.0,1.0,1.0,1.0,1.0,1.0,1.0,1.0,1.0,1.0,1.0,1.0,1.0,1.0,1.0,1.0,1.0,1.0,1,1,0,0,0,0,0,0,0,0,0,0,0,0,1,0,1,0,0,0,0,0,0,0,0,0,0,0,1,0,0,,,kc2,traditional_file
1,record_2,record_2,.,,Unknown,415.0,59.0,50.0,51.0,1159.0,8411.31,0.01,103.53,81.24,870848.58,2.8,48380.48,359.0,35.0,9.0,10.0,47.0,106.0,692.0,467.0,106.0,1,1,0,0,0,0,0,0,0,0,0,0,0,0,1,0,1,0,0,0,0,0,0,0,0,0,0,0,1,0,0,,,kc2,traditional_file
1,record_3,record_3,.,,Unknown,230.0,33.0,10.0,16.0,575.0,3732.82,0.03,39.82,93.74,148644.06,1.24,8258.0,174.0,15.0,34.0,5.0,23.0,67.0,343.0,232.0,65.0,1,1,0,0,0,0,0,0,0,0,0,0,0,0,1,0,1,0,0,0,0,0,0,0,0,0,0,0,1,0,0,,,kc2,traditional_file
1,record_4,record_4,.,,Unknown,175.0,26.0,12.0,13.0,500.0,3123.96,0.03,29.48,105.96,92103.07,1.04,5116.84,142.0,7.0,19.0,4.0,18.0,58.0,310.0,190.0,51.0,1,1,0,0,0,0,0,0,0,0,0,0,0,0,1,0,1,0,0,0,0,0,0,0,0,0,0,0,1,0,0,,,kc2,traditional_file
1,record_5,record_5,.,,Unknown,163.0,16.0,13.0,11.0,440.0,2714.77,0.03,32.25,84.14,87589.65,0.9,4866.09,139.0,2.0,20.0,0.0,19.0,53.0,260.0,180.0,31.0,1,1,0,0,0,0,0,0,0,0,0,0,0,0,1,0,1,0,0,0,0,0,0,0,0,0,0,0,1,0,0,,,kc2,traditional_file
1,record_6,record_6,.,,Unknown,152.0,11.0,6.0,11.0,432.0,2629.78,0.03,31.68,83.01,83311.56,0.88,4628.42,114.0,18.0,17.0,0.0,18.0,50.0,256.0,176.0,21.0,1,1,0,0,0,0,0,0,0,0,0,0,0,0,1,0,1,0,0,0,0,0,0,0,0,0,0,0,1,0,0,,,kc2,traditional_file
0,record_7,record_7,.,,Unknown,3.0,1.0,1.0,1.0,1.0,0.0,0.0,0.0,0.0,0.0,0.0,0.0,1.0,0.0,0.0,0.0,1.0,0.0,1.0,0.0,1.0,1,1,0,0,0,0,0,0,0,0,0,0,0,0,1,0,1,0,0,0,0,0,0,0,0,0,0,0,1,0,0,,,kc2,traditional_file
0,record_8,record_8,.,,Unknown,14.0,2.0,1.0,2.0,22.0,88.0,0.17,5.79,15.21,509.14,0.03,28.29,8.0,0.0,1.0,0.0,9.0,7.0,13.0,9.0,3.0,1,1,0,0,0,0,0,0,0,0,0,0,0,0,1,0,1,0,0,0,0,0,0,0,0,0,0,0,1,0,0,,,kc2,traditional_file
0,record_9,record_9,.,,Unknown,10.0,2.0,1.0,2.0,18.0,64.53,0.14,7.0,9.22,451.71,0.02,25.09,8.0,0.0,0.0,0.0,8.0,4.0,11.0,7.0,3.0,1,1,0,0,0,0,0,0,0,0,0,0,0,0,1,0,1,0,0,0,0,0,0,0,0,0,0,0,1,0,0,,,kc2,traditional_file
0,record_10,record_10,.,,Unknown,8.0,1.0,1.0,1.0,10.0,31.7,0.5,2.0,15.85,63.4,0.01,3.52,3.0,0.0,0.0,1.0,4.0,5.0,5.0,5.0,1.0,1,1,0,0,0,0,0,0,0,0,0,0,0,0,1,0,1,0,0,0,0,0,0,0,0,0,0,0,1,0,0,,,kc2,traditional_file
0,record_11,record_11,.,,Unknown,6.0,1.0,1.0,1.0,5.0,11.61,0.67,1.5,7.74,17.41,0.0,0.97,2.0,0.0,2.0,0.0,3.0,2.0,3.0,2.0,1.0,1,1,0,0,0,0,0,0,0,0,0,0,0,0,1,0,1,0,0,0,0,0,0,0,0,0,0,0,1,0,0,,,kc2,traditional_file
0,record_12,record_12,.,,Unknown,14.0,2.0,1.0,1.0,11.0,36.54,0.27,3.75,9.74,137.03,0.01,7.61,3.0,9.0,0.0,0.0,6.0,4.0,6.0,5.0,3.0,1,1,0,0,0,0,0,0,0,0,0,0,0,0,1,0,1,0,0,0,0,0,0,0,0,0,0,0,1,0,0,,,kc2,traditional_file
0,record_13,record_13,.,,Unknown,4.0,1.0,1.0,1.0,9.0,25.27,0.67,1.5,16.84,37.9,0.01,2.11,2.0,0.0,0.0,0.0,3.0,4.0,5.0,4.0,1.0,1,1,0,0,0,0,0,0,0,0,0,0,0,0,1,0,1,0,0,0,0,0,0,0,0,0,0,0,1,0,0,,,kc2,traditional_file
0,record_14,record_14,.,,Unknown,2.0,1.0,1.0,1.0,1.0,0.0,0.0,0.0,0.0,0.0,0.0,0.0,0.0,0.0,0.0,0.0,3.0,2.0,3.0,2.0,1.0,1,1,0,0,0,0,0,0,0,0,0,0,0,0,1,0,1,0,0,0,0,0,0,0,0,0,0,0,1,0,0,,,kc2,traditional_file
0,record_15,record_15,.,,Unknown,2.0,1.0,1.0,1.0,5.0,11.61,0.67,1.5,7.74,17.41,0.0,0.97,0.0,0.0,0.0,0.0,1.0,0.0,1.0,0.0,1.0,1,1,0,0,0,0,0,0,0,0,0,0,0,0,1,0,1,0,0,0,0,0,0,0,0,0,0,0,1,0,0,,,kc2,traditional_file
0,record_16,record_16,.,,Unknown,39.0,4.0,1.0,2.0,83.0,429.1,0.05,19.0,22.58,8152.97,0.14,452.94,29.0,1.0,7.0,0.0,19.0,17.0,49.0,34.0,7.0,1,1,0,0,0,0,0,0,0,0,0,0,0,0,1,0,1,0,0,0,0,0,0,0,0,0,0,0,1,0,0,,,kc2,traditional_file
0,record_17,record_17,.,,Unknown,5.0,1.0,1.0,1.0,7.0,19.65,0.4,2.5,7.86,49.13,0.01,2.73,2.0,1.0,0.0,0.0,5.0,2.0,5.0,2.0,1.0,1,1,0,0,0,0,0,0,0,0,0,0,0,0,1,0,1,0,0,0,0,0,0,0,0,0,0,0,1,0,0,,,kc2,traditional_file
0,record_18,record_18,.,,Unknown,9.0,2.0,1.0,1.0,21.0,87.57,0.25,4.0,21.89,350.27,0.03,19.46,8.0,0.0,0.0,0.0,8.0,10.0,11.0,10.0,3.0,1,1,0,0,0,0,0,0,0,0,0,0,0,0,1,0,1,0,0,0,0,0,0,0,0,0,0,0,1,0,0,,,kc2,traditional_file
0,record_19,record_19,.,,Unknown,9.0,2.0,1.0,1.0,21.0,87.57,0.25,4.0,21.89,350.27,0.03,19.46,8.0,0.0,0.0,0.0,8.0,10.0,11.0,10.0,3.0,1,1,0,0,0,0,0,0,0,0,0,0,0,0,1,0,1,0,0,0,0,0,0,0,0,0,0,0,1,0,0,,,kc2,traditional_file
0,record_20,record_20,.,,Unknown,6.0,1.0,1.0,1.0,16.0,57.36,0.35,2.86,20.08,163.88,0.02,9.1,5.0,0.0,0.0,0.0,5.0,7.0,8.0,8.0,1.0,1,1,0,0,0,0,0,0,0,0,0,0,0,0,1,0,1,0,0,0,0,0,0,0,0,0,0,0,1,0,0,,,kc2,traditional_file
0,record_21,record_21,.,,Unknown,6.0,1.0,1.0,1.0,16.0,57.36,0.35,2.86,20.08,163.88,0.02,9.1,5.0,0.0,0.0,0.0,5.0,7.0,8.0,8.0,1.0,1,1,0,0,0,0,0,0,0,0,0,0,0,0,1,0,1,0,0,0,0,0,0,0,0,0,0,0,1,0,0,,,kc2,traditional_file
0,record_22,record_22,.,,Unknown,11.0,1.0,1.0,1.0,25.0,108.05,0.27,3.77,28.67,407.26,0.04,22.63,8.0,0.0,1.0,0.0,7.0,13.0,11.0,14.0,1.0,1,1,0,0,0,0,0,0,0,0,0,0,0,0,1,0,1,0,0,0,0,0,0,0,0,0,0,0,1,0,0,,,kc2,traditional_file
0,record_23,record_23,.,,Unknown,14.0,2.0,1.0,2.0,33.0,147.16,0.13,8.0,18.4,1177.29,0.05,65.4,11.0,1.0,0.0,0.0,11.0,11.0,17.0,16.0,3.0,1,1,0,0,0,0,0,0,0,0,0,0,0,0,1,0,1,0,0,0,0,0,0,0,0,0,0,0,1,0,0,,,kc2,traditional_file
0,record_24,record_24,.,,Unknown,63.0,10.0,4.0,5.0,157.0,829.81,0.05,18.2,45.59,15102.51,0.28,839.03,55.0,2.0,4.0,0.0,14.0,25.0,92.0,65.0,19.0,1,1,0,0,0,0,0,0,0,0,0,0,0,0,1,0,1,0,0,0,0,0,0,0,0,0,0,0,1,0,0,,,kc2,traditional_file
0,record_25,record_25,.,,Unknown,3.0,1.0,1.0,1.0,1.0,0.0,0.0,0.0,0.0,0.0,0.0,0.0,1.0,0.0,0.0,0.0,1.0,0.0,1.0,0.0,1.0,1,1,0,0,0,0,0,0,0,0,0,0,0,0,1,0,1,0,0,0,0,0,0,0,0,0,0,0,1,0,0,,,kc2,traditional_file
0,record_26,record_26,.,,Unknown,74.0,12.0,4.0,5.0,193.0,1135.35,0.05,19.92,57.0,22614.95,0.38,1256.39,56.0,5.0,8.0,0.0,22.0,37.0,126.0,67.0,19.0,1,1,0,0,0,0,0,0,0,0,0,0,0,0,1,0,1,0,0,0,0,0,0,0,0,0,0,0,1,0,0,,,kc2,traditional_file
0,record_27,record_27,.,,Unknown,10.0,1.0,1.0,1.0,17.0,53.89,0.5,2.0,26.94,107.78,0.02,5.99,5.0,0.0,0.0,0.0,3.0,8.0,9.0,8.0,1.0,1,1,0,0,0,0,0,0,0,0,0,0,0,0,1,0,1,0,0,0,0,0,0,0,0,0,0,0,1,0,0,,,kc2,traditional_file
0,record_28,record_28,.,,Unknown,7.0,1.0,1.0,1.0,17.0,58.81,0.67,1.5,39.21,88.22,0.02,4.9,5.0,0.0,0.0,0.0,3.0,6.0,9.0,8.0,1.0,1,1,0,0,0,0,0,0,0,0,0,0,0,0,1,0,1,0,0,0,0,0,0,0,0,0,0,0,1,0,0,,,kc2,traditional_file
0,record_29,record_29,.,,Unknown,4.0,1.0,1.0,1.0,6.0,15.51,0.4,2.5,6.2,38.77,0.01,2.15,2.0,0.0,0.0,0.0,5.0,1.0,5.0,1.0,1.0,1,1,0,0,0,0,0,0,0,0,0,0,0,0,1,0,1,0,0,0,0,0,0,0,0,0,0,0,1,0,0,,,kc2,traditional_file
0,record_30,record_30,.,,Unknown,5.0,1.0,1.0,1.0,5.0,11.61,0.67,1.5,7.74,17.41,0.0,0.97,2.0,0.0,0.0,0.0,3.0,2.0,3.0,2.0,1.0,1,1,0,0,0,0,0,0,0,0,0,0,0,0,1,0,1,0,0,0,0,0,0,0,0,0,0,0,1,0,0,,,kc2,traditional_file
0,record_31,record_31,.,,Unknown,38.0,9.0,5.0,5.0,98.0,490.0,0.07,13.68,35.81,6705.26,0.16,372.51,34.0,1.0,1.0,0.0,13.0,19.0,58.0,40.0,17.0,1,1,0,0,0,0,0,0,0,0,0,0,0,0,1,0,1,0,0,0,0,0,0,0,0,0,0,0,1,0,0,,,kc2,traditional_file
0,record_32,record_32,.,,Unknown,15.0,3.0,1.0,2.0,32.0,138.3,0.15,6.5,21.28,898.96,0.05,49.94,12.0,0.0,1.0,0.0,10.0,10.0,19.0,13.0,5.0,1,1,0,0,0,0,0,0,0,0,0,0,0,0,1,0,1,0,0,0,0,0,0,0,0,0,0,0,1,0,0,,,kc2,traditional_file
0,record_33,record_33,.,,Unknown,45.0,6.0,1.0,3.0,104.0,549.68,0.07,14.61,37.63,8030.13,0.18,446.12,35.0,1.0,5.0,1.0,16.0,23.0,62.0,42.0,11.0,1,1,0,0,0,0,0,0,0,0,0,0,0,0,1,0,1,0,0,0,0,0,0,0,0,0,0,0,1,0,0,,,kc2,traditional_file
0,record_34,record_34,.,,Unknown,39.0,4.0,1.0,2.0,105.0,520.19,0.07,13.89,37.44,7227.91,0.17,401.55,29.0,1.0,4.0,2.0,12.0,19.0,61.0,44.0,7.0,1,1,0,0,0,0,0,0,0,0,0,0,0,0,1,0,1,0,0,0,0,0,0,0,0,0,0,0,1,0,0,,,kc2,traditional_file
0,record_35,record_35,.,,Unknown,7.0,2.0,1.0,2.0,10.0,30.0,0.22,4.5,6.67,135.0,0.01,7.5,5.0,0.0,0.0,0.0,6.0,2.0,7.0,3.0,3.0,1,1,0,0,0,0,0,0,0,0,0,0,0,0,1,0,1,0,0,0,0,0,0,0,0,0,0,0,1,0,0,,,kc2,traditional_file
0,record_36,record_36,.,,Unknown,82.0,10.0,1.0,10.0,220.0,1178.66,0.07,15.03,78.4,17719.21,0.39,984.4,73.0,0.0,7.0,0.0,11.0,30.0,138.0,82.0,19.0,1,1,0,0,0,0,0,0,0,0,0,0,0,0,1,0,1,0,0,0,0,0,0,0,0,0,0,0,1,0,0,,,kc2,traditional_file
0,record_37,record_37,.,,Unknown,13.0,2.0,1.0,2.0,18.0,66.61,0.18,5.6,11.89,373.0,0.02,20.72,8.0,0.0,1.0,0.0,8.0,5.0,11.0,7.0,3.0,1,1,0,0,0,0,0,0,0,0,0,0,0,0,1,0,1,0,0,0,0,0,0,0,0,0,0,0,1,0,0,,,kc2,traditional_file
0,record_38,record_38,.,,Unknown,12.0,3.0,1.0,2.0,29.0,120.93,0.17,6.0,20.15,725.57,0.04,40.31,9.0,0.0,1.0,0.0,9.0,9.0,17.0,12.0,5.0,1,1,0,0,0,0,0,0,0,0,0,0,0,0,1,0,1,0,0,0,0,0,0,0,0,0,0,0,1,0,0,,,kc2,traditional_file
0,record_39,record_39,.,,Unknown,64.0,4.0,1.0,3.0,92.0,464.08,0.14,7.13,65.12,3306.6,0.15,183.7,28.0,28.0,5.0,0.0,9.0,24.0,54.0,38.0,7.0,1,1,0,0,0,0,0,0,0,0,0,0,0,0,1,0,1,0,0,0,0,0,0,0,0,0,0,0,1,0,0,,,kc2,traditional_file
0,record_40,record_40,.,,Unknown,4.0,1.0,1.0,1.0,4.0,8.0,0.67,1.5,5.33,12.0,0.0,0.67,2.0,0.0,0.0,0.0,3.0,1.0,3.0,1.0,1.0,1,1,0,0,0,0,0,0,0,0,0,0,0,0,1,0,1,0,0,0,0,0,0,0,0,0,0,0,1,0,0,,,kc2,traditional_file
0,record_41,record_41,.,,Unknown,4.0,1.0,1.0,1.0,4.0,8.0,0.67,1.5,5.33,12.0,0.0,0.67,2.0,0.0,0.0,0.0,3.0,1.0,3.0,1.0,1.0,1,1,0,0,0,0,0,0,0,0,0,0,0,0,1,0,1,0,0,0,0,0,0,0,0,0,0,0,1,0,0,,,kc2,traditional_file
0,record_42,record_42,.,,Unknown,4.0,1.0,1.0,1.0,4.0,8.0,0.67,1.5,5.33,12.0,0.0,0.67,2.0,0.0,0.0,0.0,3.0,1.0,3.0,1.0,1.0,1,1,0,0,0,0,0,0,0,0,0,0,0,0,1,0,1,0,0,0,0,0,0,0,0,0,0,0,1,0,0,,,kc2,traditional_file
0,record_43,record_43,.,,Unknown,4.0,1.0,1.0,1.0,4.0,8.0,0.67,1.5,5.33,12.0,0.0,0.67,2.0,0.0,0.0,0.0,3.0,1.0,3.0,1.0,1.0,1,1,0,0,0,0,0,0,0,0,0,0,0,0,1,0,1,0,0,0,0,0,0,0,0,0,0,0,1,0,0,,,kc2,traditional_file
0,record_44,record_44,.,,Unknown,4.0,1.0,1.0,1.0,4.0,8.0,0.67,1.5,5.33,12.0,0.0,0.67,2.0,0.0,0.0,0.0,3.0,1.0,3.0,1.0,1.0,1,1,0,0,0,0,0,0,0,0,0,0,0,0,1,0,1,0,0,0,0,0,0,0,0,0,0,0,1,0,0,,,kc2,traditional_file
0,record_45,record_45,.,,Unknown,4.0,1.0,1.0,1.0,4.0,8.0,0.67,1.5,5.33,12.0,0.0,0.67,2.0,0.0,0.0,0.0,3.0,1.0,3.0,1.0,1.0,1,1,0,0,0,0,0,0,0,0,0,0,0,0,1,0,1,0,0,0,0,0,0,0,0,0,0,0,1,0,0,,,kc2,traditional_file
0,record_46,record_46,.,,Unknown,4.0,1.0,1.0,1.0,4.0,8.0,0.67,1.5,5.33,12.0,0.0,0.67,2.0,0.0,0.0,0.0,3.0,1.0,3.0,1.0,1.0,1,1,0,0,0,0,0,0,0,0,0,0,0,0,1,0,1,0,0,0,0,0,0,0,0,0,0,0,1,0,0,,,kc2,traditional_file
0,record_47,record_47,.,,Unknown,9.0,1.0,1.0,1.0,8.0,22.46,0.5,2.0,11.23,44.92,0.01,2.5,4.0,0.0,2.0,0.0,4.0,3.0,5.0,3.0,1.0,1,1,0,0,0,0,0,0,0,0,0,0,0,0,1,0,1,0,0,0,0,0,0,0,0,0,0,0,1,0,0,,,kc2,traditional_file
0,record_48,record_48,.,,Unknown,64.0,6.0,1.0,6.0,185.0,977.8,0.05,19.32,50.61,18891.08,0.33,1049.5,49.0,7.0,5.0,0.0,14.0,25.0,116.0,69.0,11.0,1,1,0,0,0,0,0,0,0,0,0,0,0,0,1,0,1,0,0,0,0,0,0,0,0,0,0,0,1,0,0,,,kc2,traditional_file
0,record_49,record_49,.,,Unknown,4.0,2.0,1.0,1.0,11.0,36.54,0.4,2.5,14.62,91.35,0.01,5.08,2.0,0.0,0.0,0.0,5.0,5.0,6.0,5.0,3.0,1,1,0,0,0,0,0,0,0,0,0,0,0,0,1,0,1,0,0,0,0,0,0,0,0,0,0,0,1,0,0,,,kc2,traditional_file
0,record_50,record_50,.,,Unknown,12.0,1.0,1.0,1.0,23.0,87.57,0.16,6.25,14.01,547.31,0.03,30.41,6.0,0.0,2.0,0.0,10.0,4.0,18.0,5.0,1.0,1,1,0,0,0,0,0,0,0,0,0,0,0,0,1,0,1,0,0,0,0,0,0,0,0,0,0,0,1,0,0,,,kc2,traditional_file
0,record_51,record_51,.,,Unknown,23.0,3.0,1.0,2.0,40.0,183.4,0.15,6.77,27.09,1241.47,0.06,68.97,11.0,6.0,4.0,0.0,11.0,13.0,24.0,16.0,5.0,1,1,0,0,0,0,0,0,0,0,0,0,0,0,1,0,1,0,0,0,0,0,0,0,0,0,0,0,1,0,0,,,kc2,traditional_file
0,record_52,record_52,.,,Unknown,20.0,4.0,1.0,3.0,45.0,200.67,0.15,6.67,30.1,1337.83,0.07,74.32,14.0,3.0,1.0,0.0,10.0,12.0,29.0,16.0,7.0,1,1,0,0,0,0,0,0,0,0,0,0,0,0,1,0,1,0,0,0,0,0,0,0,0,0,0,0,1,0,0,,,kc2,traditional_file
0,record_53,record_53,.,,Unknown,13.0,1.0,1.0,1.0,14.0,46.51,0.67,1.5,31.0,69.76,0.02,3.88,4.0,0.0,2.0,2.0,3.0,7.0,7.0,7.0,1.0,1,1,0,0,0,0,0,0,0,0,0,0,0,0,1,0,1,0,0,0,0,0,0,0,0,0,0,0,1,0,0,,,kc2,traditional_file
0,record_54,record_54,.,,Unknown,15.0,1.0,1.0,1.0,32.0,135.93,0.13,7.56,17.97,1028.0,0.05,57.11,9.0,0.0,3.0,0.0,11.0,8.0,21.0,11.0,1.0,1,1,0,0,0,0,0,0,0,0,0,0,0,0,1,0,1,0,0,0,0,0,0,0,0,0,0,0,1,0,0,,,kc2,traditional_file
0,record_55,record_55,.,,Unknown,13.0,1.0,1.0,1.0,32.0,130.8,0.13,7.86,16.65,1027.7,0.04,57.09,6.0,3.0,2.0,0.0,10.0,7.0,21.0,11.0,1.0,1,1,0,0,0,0,0,0,0,0,0,0,0,0,1,0,1,0,0,0,0,0,0,0,0,0,0,0,1,0,0,,,kc2,traditional_file
0,record_56,record_56,.,,Unknown,26.0,4.0,1.0,3.0,53.0,249.12,0.11,9.0,27.68,2242.11,0.08,124.56,19.0,0.0,3.0,0.0,13.0,13.0,35.0,18.0,7.0,1,1,0,0,0,0,0,0,0,0,0,0,0,0,1,0,1,0,0,0,0,0,0,0,0,0,0,0,1,0,0,,,kc2,traditional_file
0,record_57,record_57,.,,Unknown,6.0,1.0,1.0,1.0,11.0,34.87,0.29,3.5,9.96,122.04,0.01,6.78,4.0,0.0,0.0,0.0,7.0,2.0,9.0,2.0,1.0,1,1,0,0,0,0,0,0,0,0,0,0,0,0,1,0,1,0,0,0,0,0,0,0,0,0,0,0,1,0,0,,,kc2,traditional_file
0,record_58,record_58,.,,Unknown,15.0,2.0,1.0,1.0,38.0,169.46,0.13,7.8,21.73,1321.78,0.06,73.43,10.0,0.0,1.0,0.0,12.0,10.0,25.0,13.0,3.0,1,1,0,0,0,0,0,0,0,0,0,0,0,0,1,0,1,0,0,0,0,0,0,0,0,0,0,0,1,0,0,,,kc2,traditional_file
0,record_59,record_59,.,,Unknown,6.0,1.0,1.0,1.0,11.0,34.87,0.29,3.5,9.96,122.04,0.01,6.78,4.0,0.0,0.0,0.0,7.0,2.0,9.0,2.0,1.0,1,1,0,0,0,0,0,0,0,0,0,0,0,0,1,0,1,0,0,0,0,0,0,0,0,0,0,0,1,0,0,,,kc2,traditional_file
0,record_60,record_60,.,,Unknown,4.0,1.0,1.0,1.0,9.0,25.27,0.33,3.0,8.42,75.8,0.01,4.21,2.0,0.0,0.0,0.0,6.0,1.0,8.0,1.0,1.0,1,1,0,0,0,0,0,0,0,0,0,0,0,0,1,0,1,0,0,0,0,0,0,0,0,0,0,0,1,0,0,,,kc2,traditional_file
0,record_61,record_61,.,,Unknown,6.0,2.0,1.0,1.0,15.0,55.51,0.33,3.0,18.5,166.52,0.02,9.25,4.0,0.0,0.0,0.0,6.0,7.0,8.0,7.0,3.0,1,1,0,0,0,0,0,0,0,0,0,0,0,0,1,0,1,0,0,0,0,0,0,0,0,0,0,0,1,0,0,,,kc2,traditional_file
0,record_62,record_62,.,,Unknown,3.0,1.0,1.0,1.0,1.0,0.0,0.0,0.0,0.0,0.0,0.0,0.0,1.0,0.0,0.0,0.0,1.0,0.0,1.0,0.0,1.0,1,1,0,0,0,0,0,0,0,0,0,0,0,0,1,0,1,0,0,0,0,0,0,0,0,0,0,0,1,0,0,,,kc2,traditional_file
0,record_63,record_63,.,,Unknown,17.0,3.0,1.0,2.0,64.0,310.91,0.09,10.73,28.97,3337.11,0.1,185.39,13.0,0.0,2.0,0.0,14.0,15.0,41.0,23.0,5.0,1,1,0,0,0,0,0,0,0,0,0,0,0,0,1,0,1,0,0,0,0,0,0,0,0,0,0,0,1,0,0,,,kc2,traditional_file
0,record_64,record_64,.,,Unknown,22.0,2.0,1.0,2.0,34.0,141.78,0.17,6.0,23.63,850.66,0.05,47.26,8.0,1.0,4.0,0.0,10.0,14.0,34.0,24.0,1.0,1,1,0,0,0,0,0,0,0,0,0,0,0,0,1,0,1,0,0,0,0,0,0,0,0,0,0,0,1,0,0,,,kc2,traditional_file
0,record_65,record_65,.,,Unknown,16.0,1.0,1.0,1.0,58.0,265.93,0.12,8.57,31.02,2279.38,0.09,126.63,13.0,2.0,5.0,0.0,9.0,9.0,22.0,12.0,3.0,1,1,0,0,0,0,0,0,0,0,0,0,0,0,1,0,1,0,0,0,0,0,0,0,0,0,0,0,1,0,0,,,kc2,traditional_file
0,record_66,record_66,.,,Unknown,23.0,2.0,1.0,2.0,84.0,408.07,0.1,10.39,39.28,4239.4,0.14,235.52,18.0,0.0,2.0,0.0,11.0,18.0,50.0,34.0,3.0,1,1,0,0,0,0,0,0,0,0,0,0,0,0,1,0,1,0,0,0,0,0,0,0,0,0,0,0,1,0,0,,,kc2,traditional_file
0,record_67,record_67,.,,Unknown,28.0,2.0,1.0,2.0,130.0,677.23,0.1,10.15,66.7,6876.48,0.23,382.03,21.0,1.0,3.0,0.0,11.0,26.0,82.0,48.0,3.0,1,1,0,0,0,0,0,0,0,0,0,0,0,0,1,0,1,0,0,0,0,0,0,0,0,0,0,0,1,0,0,,,kc2,traditional_file
0,record_68,record_68,.,,Unknown,9.0,1.0,1.0,1.0,4.0,6.34,1.33,0.75,8.45,4.75,0.0,0.26,2.0,0.0,0.0,0.0,3.0,2.0,18.0,11.0,1.0,1,1,0,0,0,0,0,0,0,0,0,0,0,0,1,0,1,0,0,0,0,0,0,0,0,0,0,0,1,0,0,,,kc2,traditional_file
0,record_69,record_69,.,,Unknown,7.0,1.0,1.0,1.0,29.0,67.34,0.12,8.25,8.16,555.52,0.02,30.86,5.0,0.0,0.0,0.0,2.0,10.0,8.0,11.0,1.0,1,1,0,0,0,0,0,0,0,0,0,0,0,0,1,0,1,0,0,0,0,0,0,0,0,0,0,0,1,0,0,,,kc2,traditional_file
0,record_70,record_70,.,,Unknown,4.0,1.0,1.0,1.0,19.0,68.11,0.91,1.1,61.92,74.93,0.02,4.16,4.0,0.0,0.0,0.0,1.0,2.0,1.0,3.0,1.0,1,1,0,0,0,0,0,0,0,0,0,0,0,0,1,0,1,0,0,0,0,0,0,0,0,0,0,0,1,0,0,,,kc2,traditional_file
0,record_71,record_71,.,,Unknown,4.0,1.0,1.0,1.0,4.0,8.0,0.67,1.5,5.33,12.0,0.0,0.67,2.0,0.0,0.0,0.0,3.0,1.0,3.0,1.0,1.0,1,1,0,0,0,0,0,0,0,0,0,0,0,0,1,0,1,0,0,0,0,0,0,0,0,0,0,0,1,0,0,,,kc2,traditional_file
0,record_72,record_72,.,,Unknown,4.0,1.0,1.0,1.0,6.0,15.51,0.5,2.0,7.75,31.02,0.01,1.72,2.0,0.0,0.0,0.0,4.0,2.0,4.0,2.0,1.0,1,1,0,0,0,0,0,0,0,0,0,0,0,0,1,0,1,0,0,0,0,0,0,0,0,0,0,0,1,0,0,,,kc2,traditional_file
0,record_73,record_73,.,,Unknown,5.0,1.0,1.0,1.0,4.0,8.0,0.67,1.5,5.33,12.0,0.0,0.67,2.0,0.0,1.0,0.0,3.0,1.0,3.0,1.0,1.0,1,1,0,0,0,0,0,0,0,0,0,0,0,0,1,0,1,0,0,0,0,0,0,0,0,0,0,0,1,0,0,,,kc2,traditional_file
0,record_74,record_74,.,,Unknown,15.0,1.0,1.0,1.0,55.0,224.81,0.17,5.73,39.25,1287.55,0.07,71.53,12.0,0.0,1.0,0.0,6.0,11.0,34.0,21.0,1.0,1,1,0,0,0,0,0,0,0,0,0,0,0,0,1,0,1,0,0,0,0,0,0,0,0,0,0,0,1,0,0,,,kc2,traditional_file
0,record_75,record_75,.,,Unknown,4.0,1.0,1.0,1.0,5.0,11.61,0.67,1.5,7.74,17.41,0.0,0.97,2.0,0.0,0.0,0.0,3.0,2.0,3.0,2.0,1.0,1,1,0,0,0,0,0,0,0,0,0,0,0,0,1,0,1,0,0,0,0,0,0,0,0,0,0,0,1,0,0,,,kc2,traditional_file
0,record_76,record_76,.,,Unknown,56.0,3.0,1.0,2.0,285.0,1722.65,0.06,18.08,95.28,31145.55,0.57,1730.31,78.0,3.0,13.0,0.0,11.0,34.0,105.0,57.0,17.0,1,1,0,0,0,0,0,0,0,0,0,0,0,0,1,0,1,0,0,0,0,0,0,0,0,0,0,0,1,0,0,,,kc2,traditional_file
0,record_77,record_77,.,,Unknown,4.0,1.0,1.0,1.0,7.0,19.65,0.5,2.0,9.83,39.3,0.01,2.18,2.0,0.0,0.0,0.0,4.0,3.0,4.0,3.0,1.0,1,1,0,0,0,0,0,0,0,0,0,0,0,0,1,0,1,0,0,0,0,0,0,0,0,0,0,0,1,0,0,,,kc2,traditional_file
0,record_78,record_78,.,,Unknown,7.0,1.0,1.0,1.0,5.0,11.61,0.0,0.0,0.0,0.0,0.0,0.0,2.0,2.0,1.0,0.0,5.0,0.0,5.0,0.0,1.0,1,1,0,0,0,0,0,0,0,0,0,0,0,0,1,0,1,0,0,0,0,0,0,0,0,0,0,0,1,0,0,,,kc2,traditional_file
0,record_79,record_79,.,,Unknown,78.0,6.0,5.0,6.0,302.0,1704.44,0.04,26.12,65.26,44516.08,0.57,2473.12,67.0,5.0,4.0,0.0,16.0,34.0,191.0,111.0,11.0,1,1,0,0,0,0,0,0,0,0,0,0,0,0,1,0,1,0,0,0,0,0,0,0,0,0,0,0,1,0,0,,,kc2,traditional_file
0,record_80,record_80,.,,Unknown,3.0,1.0,1.0,1.0,1.0,0.0,0.0,0.0,0.0,0.0,0.0,0.0,1.0,0.0,0.0,0.0,1.0,0.0,1.0,0.0,1.0,1,1,0,0,0,0,0,0,0,0,0,0,0,0,1,0,1,0,0,0,0,0,0,0,0,0,0,0,1,0,0,,,kc2,traditional_file
0,record_81,record_81,.,,Unknown,16.0,2.0,1.0,2.0,23.0,87.57,0.14,7.2,12.16,630.5,0.03,35.03,12.0,0.0,2.0,0.0,9.0,5.0,15.0,8.0,3.0,1,1,0,0,0,0,0,0,0,0,0,0,0,0,1,0,1,0,0,0,0,0,0,0,0,0,0,0,1,0,0,,,kc2,traditional_file
0,record_82,record_82,.,,Unknown,39.0,4.0,3.0,3.0,75.0,371.56,0.08,13.13,28.31,4876.79,0.12,270.93,30.0,2.0,5.0,0.0,15.0,16.0,47.0,28.0,7.0,1,1,0,0,0,0,0,0,0,0,0,0,0,0,1,0,1,0,0,0,0,0,0,0,0,0,0,0,1,0,0,,,kc2,traditional_file
0,record_83,record_83,.,,Unknown,30.0,6.0,5.0,4.0,72.0,346.13,0.07,14.0,24.72,4845.81,0.12,269.21,20.0,2.0,5.0,0.0,14.0,14.0,44.0,28.0,11.0,1,1,0,0,0,0,0,0,0,0,0,0,0,0,1,0,1,0,0,0,0,0,0,0,0,0,0,0,1,0,0,,,kc2,traditional_file
0,record_84,record_84,.,,Unknown,4.0,1.0,1.0,1.0,4.0,8.0,0.67,1.5,5.33,12.0,0.0,0.67,2.0,0.0,0.0,0.0,3.0,1.0,3.0,1.0,1.0,1,1,0,0,0,0,0,0,0,0,0,0,0,0,1,0,1,0,0,0,0,0,0,0,0,0,0,0,1,0,0,,,kc2,traditional_file
0,record_85,record_85,.,,Unknown,102.0,25.0,4.0,4.0,248.0,1488.0,0.05,19.17,77.62,28525.28,0.5,1584.74,92.0,3.0,5.0,0.0,17.0,47.0,142.0,106.0,49.0,1,1,0,0,0,0,0,0,0,0,0,0,0,0,1,0,1,0,0,0,0,0,0,0,0,0,0,0,1,0,0,,,kc2,traditional_file
0,record_86,record_86,.,,Unknown,10.0,2.0,1.0,2.0,22.0,83.76,0.17,6.0,13.96,502.57,0.03,27.92,8.0,0.0,0.0,0.0,8.0,6.0,13.0,9.0,3.0,1,1,0,0,0,0,0,0,0,0,0,0,0,0,1,0,1,0,0,0,0,0,0,0,0,0,0,0,1,0,0,,,kc2,traditional_file
0,record_87,record_87,.,,Unknown,40.0,4.0,1.0,4.0,102.0,495.51,0.09,11.61,42.68,5753.47,0.17,319.64,29.0,1.0,7.0,1.0,11.0,18.0,64.0,38.0,7.0,1,1,0,0,0,0,0,0,0,0,0,0,0,0,1,0,1,0,0,0,0,0,0,0,0,0,0,0,1,0,0,,,kc2,traditional_file
0,record_88,record_88,.,,Unknown,46.0,4.0,1.0,4.0,114.0,564.78,0.06,15.53,36.37,8769.75,0.19,487.21,35.0,1.0,7.0,1.0,13.0,18.0,71.0,43.0,7.0,1,1,0,0,0,0,0,0,0,0,0,0,0,0,1,0,1,0,0,0,0,0,0,0,0,0,0,0,1,0,0,,,kc2,traditional_file
0,record_89,record_89,.,,Unknown,29.0,6.0,4.0,4.0,67.0,311.14,0.08,12.46,24.97,3877.26,0.1,215.4,25.0,0.0,2.0,0.0,12.0,13.0,40.0,27.0,11.0,1,1,0,0,0,0,0,0,0,0,0,0,0,0,1,0,1,0,0,0,0,0,0,0,0,0,0,0,1,0,0,,,kc2,traditional_file
0,record_90,record_90,.,,Unknown,3.0,1.0,1.0,1.0,1.0,0.0,0.0,0.0,0.0,0.0,0.0,0.0,1.0,0.0,0.0,0.0,1.0,0.0,1.0,0.0,1.0,1,1,0,0,0,0,0,0,0,0,0,0,0,0,1,0,1,0,0,0,0,0,0,0,0,0,0,0,1,0,0,,,kc2,traditional_file
0,record_91,record_91,.,,Unknown,68.0,5.0,1.0,3.0,76.0,348.46,0.08,12.27,28.4,4275.3,0.12,237.52,25.0,0.0,4.0,0.0,12.0,24.0,94.0,73.0,9.0,1,1,0,0,0,0,0,0,0,0,0,0,0,0,1,0,1,0,0,0,0,0,0,0,0,0,0,0,1,0,0,,,kc2,traditional_file
0,record_92,record_92,.,,Unknown,31.0,5.0,1.0,3.0,167.0,863.38,0.05,18.25,47.31,15756.64,0.29,875.37,51.0,0.0,14.0,0.0,11.0,13.0,47.0,29.0,9.0,1,1,0,0,0,0,0,0,0,0,0,0,0,0,1,0,1,0,0,0,0,0,0,0,0,0,0,0,1,0,0,,,kc2,traditional_file
0,record_93,record_93,.,,Unknown,4.0,1.0,1.0,1.0,4.0,8.0,0.67,1.5,5.33,12.0,0.0,0.67,2.0,0.0,0.0,0.0,3.0,1.0,3.0,1.0,1.0,1,1,0,0,0,0,0,0,0,0,0,0,0,0,1,0,1,0,0,0,0,0,0,0,0,0,0,0,1,0,0,,,kc2,traditional_file
0,record_94,record_94,.,,Unknown,16.0,1.0,1.0,1.0,10.0,30.0,0.33,3.0,10.0,90.0,0.01,5.0,5.0,0.0,0.0,0.0,4.0,5.0,4.0,7.0,1.0,1,1,0,0,0,0,0,0,0,0,0,0,0,0,1,0,1,0,0,0,0,0,0,0,0,0,0,0,1,0,0,,,kc2,traditional_file
0,record_95,record_95,.,,Unknown,8.0,1.0,1.0,1.0,1.0,0.0,0.0,0.0,0.0,0.0,0.0,0.0,1.0,0.0,0.0,0.0,4.0,4.0,4.0,6.0,1.0,1,1,0,0,0,0,0,0,0,0,0,0,0,0,1,0,1,0,0,0,0,0,0,0,0,0,0,0,1,0,0,,,kc2,traditional_file
0,record_96,record_96,.,,Unknown,7.0,1.0,1.0,1.0,11.0,34.87,0.36,2.8,12.45,97.63,0.01,5.42,5.0,0.0,0.0,0.0,2.0,12.0,10.0,13.0,1.0,1,1,0,0,0,0,0,0,0,0,0,0,0,0,1,0,1,0,0,0,0,0,0,0,0,0,0,0,1,0,0,,,kc2,traditional_file
0,record_97,record_97,.,,Unknown,4.0,1.0,1.0,1.0,23.0,87.57,0.92,1.08,80.83,94.87,0.03,5.27,4.0,0.0,0.0,0.0,1.0,0.0,1.0,0.0,1.0,1,1,0,0,0,0,0,0,0,0,0,0,0,0,1,0,1,0,0,0,0,0,0,0,0,0,0,0,1,0,0,,,kc2,traditional_file
0,record_98,record_98,.,,Unknown,45.0,5.0,1.0,4.0,117.0,626.83,0.07,13.76,45.55,8625.23,0.21,479.18,37.0,1.0,5.0,0.0,16.0,25.0,74.0,43.0,9.0,1,1,0,0,0,0,0,0,0,0,0,0,0,0,1,0,1,0,0,0,0,0,0,0,0,0,0,0,1,0,0,,,kc2,traditional_file
0,record_99,record_99,.,,Unknown,4.0,1.0,1.0,1.0,6.0,15.51,0.4,2.5,6.2,38.77,0.01,2.15,2.0,0.0,0.0,0.0,5.0,1.0,5.0,1.0,1.0,1,1,0,0,0,0,0,0,0,0,0,0,0,0,1,0,1,0,0,0,0,0,0,0,0,0,0,0,1,0,0,,,kc2,traditional_file
0,record_100,record_100,.,,Unknown,4.0,1.0,1.0,1.0,4.0,8.0,0.67,1.5,5.33,12.0,0.0,0.67,2.0,0.0,0.0,0.0,3.0,1.0,3.0,1.0,1.0,1,1,0,0,0,0,0,0,0,0,0,0,0,0,1,0,1,0,0,0,0,0,0,0,0,0,0,0,1,0,0,,,kc2,traditional_file
0,record_101,record_101,.,,Unknown,17.0,6.0,1.0,5.0,50.0,216.1,0.14,7.33,29.47,1584.71,0.07,88.04,13.0,0.0,2.0,0.0,8.0,12.0,28.0,22.0,11.0,1,1,0,0,0,0,0,0,0,0,0,0,0,0,1,0,1,0,0,0,0,0,0,0,0,0,0,0,1,0,0,,,kc2,traditional_file
0,record_102,record_102,.,,Unknown,4.0,1.0,1.0,1.0,4.0,8.0,0.67,1.5,5.33,12.0,0.0,0.67,2.0,0.0,0.0,0.0,3.0,1.0,3.0,1.0,1.0,1,1,0,0,0,0,0,0,0,0,0,0,0,0,1,0,1,0,0,0,0,0,0,0,0,0,0,0,1,0,0,,,kc2,traditional_file
0,record_103,record_103,.,,Unknown,4.0,1.0,1.0,1.0,4.0,8.0,0.67,1.5,5.33,12.0,0.0,0.67,2.0,0.0,0.0,0.0,3.0,1.0,3.0,1.0,1.0,1,1,0,0,0,0,0,0,0,0,0,0,0,0,1,0,1,0,0,0,0,0,0,0,0,0,0,0,1,0,0,,,kc2,traditional_file
0,record_104,record_104,.,,Unknown,4.0,1.0,1.0,1.0,4.0,8.0,0.67,1.5,5.33,12.0,0.0,0.67,2.0,0.0,0.0,0.0,3.0,1.0,3.0,1.0,1.0,1,1,0,0,0,0,0,0,0,0,0,0,0,0,1,0,1,0,0,0,0,0,0,0,0,0,0,0,1,0,0,,,kc2,traditional_file
0,record_105,record_105,.,,Unknown,6.0,1.0,1.0,1.0,5.0,11.61,0.67,1.5,7.74,17.41,0.0,0.97,3.0,0.0,1.0,0.0,3.0,2.0,3.0,2.0,1.0,1,1,0,0,0,0,0,0,0,0,0,0,0,0,1,0,1,0,0,0,0,0,0,0,0,0,0,0,1,0,0,,,kc2,traditional_file
0,record_106,record_106,.,,Unknown,15.0,6.0,1.0,5.0,44.0,179.85,0.23,4.36,41.22,784.79,0.06,43.6,13.0,0.0,0.0,0.0,6.0,11.0,28.0,16.0,11.0,1,1,0,0,0,0,0,0,0,0,0,0,0,0,1,0,1,0,0,0,0,0,0,0,0,0,0,0,1,0,0,,,kc2,traditional_file
0,record_107,record_107,.,,Unknown,4.0,1.0,1.0,1.0,4.0,8.0,0.67,1.5,5.33,12.0,0.0,0.67,2.0,0.0,0.0,0.0,3.0,1.0,3.0,1.0,1.0,1,1,0,0,0,0,0,0,0,0,0,0,0,0,1,0,1,0,0,0,0,0,0,0,0,0,0,0,1,0,0,,,kc2,traditional_file
0,record_108,record_108,.,,Unknown,4.0,1.0,1.0,1.0,4.0,8.0,0.67,1.5,5.33,12.0,0.0,0.67,2.0,0.0,0.0,0.0,3.0,1.0,3.0,1.0,1.0,1,1,0,0,0,0,0,0,0,0,0,0,0,0,1,0,1,0,0,0,0,0,0,0,0,0,0,0,1,0,0,,,kc2,traditional_file
0,record_109,record_109,.,,Unknown,4.0,1.0,1.0,1.0,5.0,11.61,0.67,1.5,7.74,17.41,0.0,0.97,2.0,0.0,0.0,0.0,3.0,2.0,3.0,2.0,1.0,1,1,0,0,0,0,0,0,0,0,0,0,0,0,1,0,1,0,0,0,0,0,0,0,0,0,0,0,1,0,0,,,kc2,traditional_file
0,record_110,record_110,.,,Unknown,4.0,1.0,1.0,1.0,6.0,15.51,0.4,2.5,6.2,38.77,0.01,2.15,2.0,0.0,0.0,0.0,5.0,1.0,5.0,1.0,1.0,1,1,0,0,0,0,0,0,0,0,0,0,0,0,1,0,1,0,0,0,0,0,0,0,0,0,0,0,1,0,0,,,kc2,traditional_file
0,record_111,record_111,.,,Unknown,188.0,8.0,4.0,5.0,509.0,3451.71,0.05,19.1,180.68,65942.86,1.15,3663.49,136.0,9.0,40.0,0.0,19.0,91.0,326.0,183.0,15.0,1,1,0,0,0,0,0,0,0,0,0,0,0,0,1,0,1,0,0,0,0,0,0,0,0,0,0,0,1,0,0,,,kc2,traditional_file
0,record_112,record_112,.,,Unknown,4.0,1.0,1.0,1.0,5.0,11.61,0.67,1.5,7.74,17.41,0.0,0.97,2.0,0.0,0.0,0.0,3.0,2.0,3.0,2.0,1.0,1,1,0,0,0,0,0,0,0,0,0,0,0,0,1,0,1,0,0,0,0,0,0,0,0,0,0,0,1,0,0,,,kc2,traditional_file
0,record_113,record_113,.,,Unknown,8.0,1.0,1.0,1.0,10.0,30.0,0.3,3.33,9.0,100.0,0.01,5.56,4.0,0.0,1.0,0.0,5.0,3.0,6.0,4.0,1.0,1,1,0,0,0,0,0,0,0,0,0,0,0,0,1,0,1,0,0,0,0,0,0,0,0,0,0,0,1,0,0,,,kc2,traditional_file
0,record_114,record_114,.,,Unknown,4.0,1.0,1.0,1.0,5.0,11.61,0.67,1.5,7.74,17.41,0.0,0.97,2.0,0.0,0.0,0.0,3.0,2.0,3.0,2.0,1.0,1,1,0,0,0,0,0,0,0,0,0,0,0,0,1,0,1,0,0,0,0,0,0,0,0,0,0,0,1,0,0,,,kc2,traditional_file
0,record_115,record_115,.,,Unknown,4.0,1.0,1.0,1.0,5.0,11.61,0.67,1.5,7.74,17.41,0.0,0.97,2.0,0.0,0.0,0.0,3.0,2.0,3.0,2.0,1.0,1,1,0,0,0,0,0,0,0,0,0,0,0,0,1,0,1,0,0,0,0,0,0,0,0,0,0,0,1,0,0,,,kc2,traditional_file
0,record_116,record_116,.,,Unknown,8.0,1.0,1.0,1.0,10.0,30.0,0.3,3.33,9.0,100.0,0.01,5.56,4.0,0.0,1.0,0.0,5.0,3.0,6.0,4.0,1.0,1,1,0,0,0,0,0,0,0,0,0,0,0,0,1,0,1,0,0,0,0,0,0,0,0,0,0,0,1,0,0,,,kc2,traditional_file
0,record_117,record_117,.,,Unknown,8.0,1.0,1.0,1.0,10.0,30.0,0.3,3.33,9.0,100.0,0.01,5.56,4.0,0.0,1.0,0.0,5.0,3.0,6.0,4.0,1.0,1,1,0,0,0,0,0,0,0,0,0,0,0,0,1,0,1,0,0,0,0,0,0,0,0,0,0,0,1,0,0,,,kc2,traditional_file
0,record_118,record_118,.,,Unknown,20.0,2.0,1.0,2.0,33.0,137.61,0.17,6.0,22.93,825.65,0.05,45.87,16.0,0.0,1.0,0.0,9.0,9.0,21.0,12.0,3.0,1,1,0,0,0,0,0,0,0,0,0,0,0,0,1,0,1,0,0,0,0,0,0,0,0,0,0,0,1,0,0,,,kc2,traditional_file
0,record_119,record_119,.,,Unknown,7.0,1.0,1.0,1.0,10.0,30.0,0.3,3.33,9.0,100.0,0.01,5.56,4.0,0.0,0.0,0.0,5.0,3.0,6.0,4.0,1.0,1,1,0,0,0,0,0,0,0,0,0,0,0,0,1,0,1,0,0,0,0,0,0,0,0,0,0,0,1,0,0,,,kc2,traditional_file
0,record_120,record_120,.,,Unknown,8.0,1.0,1.0,1.0,10.0,30.0,0.3,3.33,9.0,100.0,0.01,5.56,4.0,0.0,1.0,0.0,5.0,3.0,6.0,4.0,1.0,1,1,0,0,0,0,0,0,0,0,0,0,0,0,1,0,1,0,0,0,0,0,0,0,0,0,0,0,1,0,0,,,kc2,traditional_file
0,record_121,record_121,.,,Unknown,8.0,1.0,1.0,1.0,10.0,30.0,0.3,3.33,9.0,100.0,0.01,5.56,4.0,0.0,1.0,0.0,5.0,3.0,6.0,4.0,1.0,1,1,0,0,0,0,0,0,0,0,0,0,0,0,1,0,1,0,0,0,0,0,0,0,0,0,0,0,1,0,0,,,kc2,traditional_file
0,record_122,record_122,.,,Unknown,9.0,1.0,1.0,1.0,10.0,30.0,0.3,3.33,9.0,100.0,0.01,5.56,4.0,0.0,2.0,0.0,5.0,3.0,6.0,4.0,1.0,1,1,0,0,0,0,0,0,0,0,0,0,0,0,1,0,1,0,0,0,0,0,0,0,0,0,0,0,1,0,0,,,kc2,traditional_file
0,record_123,record_123,.,,Unknown,8.0,1.0,1.0,1.0,10.0,30.0,0.3,3.33,9.0,100.0,0.01,5.56,4.0,0.0,1.0,0.0,5.0,3.0,6.0,4.0,1.0,1,1,0,0,0,0,0,0,0,0,0,0,0,0,1,0,1,0,0,0,0,0,0,0,0,0,0,0,1,0,0,,,kc2,traditional_file
0,record_124,record_124,.,,Unknown,5.0,1.0,1.0,1.0,5.0,11.61,0.67,1.5,7.74,17.41,0.0,0.97,2.0,0.0,1.0,0.0,3.0,2.0,3.0,2.0,1.0,1,1,0,0,0,0,0,0,0,0,0,0,0,0,1,0,1,0,0,0,0,0,0,0,0,0,0,0,1,0,0,,,kc2,traditional_file
0,record_125,record_125,.,,Unknown,4.0,1.0,1.0,1.0,5.0,11.61,0.67,1.5,7.74,17.41,0.0,0.97,2.0,0.0,0.0,0.0,3.0,2.0,3.0,2.0,1.0,1,1,0,0,0,0,0,0,0,0,0,0,0,0,1,0,1,0,0,0,0,0,0,0,0,0,0,0,1,0,0,,,kc2,traditional_file
0,record_126,record_126,.,,Unknown,8.0,1.0,1.0,1.0,10.0,30.0,0.3,3.33,9.0,100.0,0.01,5.56,4.0,0.0,1.0,0.0,5.0,3.0,6.0,4.0,1.0,1,1,0,0,0,0,0,0,0,0,0,0,0,0,1,0,1,0,0,0,0,0,0,0,0,0,0,0,1,0,0,,,kc2,traditional_file
0,record_127,record_127,.,,Unknown,8.0,1.0,1.0,1.0,10.0,30.0,0.3,3.33,9.0,100.0,0.01,5.56,4.0,0.0,1.0,0.0,5.0,3.0,6.0,4.0,1.0,1,1,0,0,0,0,0,0,0,0,0,0,0,0,1,0,1,0,0,0,0,0,0,0,0,0,0,0,1,0,0,,,kc2,traditional_file
0,record_128,record_128,.,,Unknown,4.0,1.0,1.0,1.0,5.0,11.61,0.67,1.5,7.74,17.41,0.0,0.97,2.0,0.0,0.0,0.0,3.0,2.0,3.0,2.0,1.0,1,1,0,0,0,0,0,0,0,0,0,0,0,0,1,0,1,0,0,0,0,0,0,0,0,0,0,0,1,0,0,,,kc2,traditional_file
0,record_129,record_129,.,,Unknown,82.0,10.0,4.0,5.0,181.0,999.76,0.05,21.4,46.73,21391.52,0.33,1188.42,59.0,2.0,19.0,0.0,17.0,29.0,108.0,73.0,19.0,1,1,0,0,0,0,0,0,0,0,0,0,0,0,1,0,1,0,0,0,0,0,0,0,0,0,0,0,1,0,0,,,kc2,traditional_file
0,record_130,record_130,.,,Unknown,38.0,2.0,1.0,2.0,69.0,353.92,0.2,5.02,70.51,1776.41,0.12,98.69,25.0,0.0,2.0,0.0,9.0,26.0,40.0,29.0,3.0,1,1,0,0,0,0,0,0,0,0,0,0,0,0,1,0,1,0,0,0,0,0,0,0,0,0,0,0,1,0,0,,,kc2,traditional_file
0,record_131,record_131,.,,Unknown,57.0,4.0,1.0,3.0,136.0,742.48,0.06,17.63,42.12,13089.7,0.25,727.21,43.0,0.0,12.0,0.0,17.0,27.0,80.0,56.0,7.0,1,1,0,0,0,0,0,0,0,0,0,0,0,0,1,0,1,0,0,0,0,0,0,0,0,0,0,0,1,0,0,,,kc2,traditional_file
0,record_132,record_132,.,,Unknown,31.0,5.0,1.0,3.0,76.0,348.46,0.08,12.27,28.4,4275.3,0.12,237.52,25.0,0.0,4.0,0.0,11.0,19.0,43.0,36.0,9.0,1,1,0,0,0,0,0,0,0,0,0,0,0,0,1,0,1,0,0,0,0,0,0,0,0,0,0,0,1,0,0,,,kc2,traditional_file
0,record_133,record_133,.,,Unknown,7.0,1.0,1.0,1.0,9.0,25.27,0.27,3.75,6.74,94.75,0.01,5.26,4.0,0.0,1.0,0.0,5.0,2.0,6.0,3.0,1.0,1,1,0,0,0,0,0,0,0,0,0,0,0,0,1,0,1,0,0,0,0,0,0,0,0,0,0,0,1,0,0,,,kc2,traditional_file
0,record_134,record_134,.,,Unknown,2.0,1.0,1.0,1.0,1.0,0.0,0.0,0.0,0.0,0.0,0.0,0.0,0.0,0.0,0.0,0.0,1.0,0.0,1.0,0.0,1.0,1,1,0,0,0,0,0,0,0,0,0,0,0,0,1,0,1,0,0,0,0,0,0,0,0,0,0,0,1,0,0,,,kc2,traditional_file
0,record_135,record_135,.,,Unknown,5.0,1.0,1.0,1.0,4.0,6.34,1.33,0.75,8.45,4.75,0.0,0.26,3.0,0.0,0.0,0.0,1.0,2.0,1.0,3.0,1.0,1,1,0,0,0,0,0,0,0,0,0,0,0,0,1,0,1,0,0,0,0,0,0,0,0,0,0,0,1,0,0,,,kc2,traditional_file
0,record_136,record_136,.,,Unknown,4.0,1.0,1.0,1.0,4.0,8.0,0.67,1.5,5.33,12.0,0.0,0.67,2.0,0.0,0.0,0.0,3.0,1.0,3.0,1.0,1.0,1,1,0,0,0,0,0,0,0,0,0,0,0,0,1,0,1,0,0,0,0,0,0,0,0,0,0,0,1,0,0,,,kc2,traditional_file
0,record_137,record_137,.,,Unknown,4.0,1.0,1.0,1.0,4.0,8.0,0.67,1.5,5.33,12.0,0.0,0.67,2.0,0.0,0.0,0.0,3.0,1.0,3.0,1.0,1.0,1,1,0,0,0,0,0,0,0,0,0,0,0,0,1,0,1,0,0,0,0,0,0,0,0,0,0,0,1,0,0,,,kc2,traditional_file
0,record_138,record_138,.,,Unknown,4.0,1.0,1.0,1.0,4.0,8.0,0.67,1.5,5.33,12.0,0.0,0.67,2.0,0.0,0.0,0.0,3.0,1.0,3.0,1.0,1.0,1,1,0,0,0,0,0,0,0,0,0,0,0,0,1,0,1,0,0,0,0,0,0,0,0,0,0,0,1,0,0,,,kc2,traditional_file
0,record_139,record_139,.,,Unknown,28.0,4.0,1.0,4.0,59.0,241.16,0.07,13.57,17.77,3272.89,0.08,181.83,22.0,1.0,3.0,0.0,10.0,7.0,40.0,19.0,7.0,1,1,0,0,0,0,0,0,0,0,0,0,0,0,1,0,1,0,0,0,0,0,0,0,0,0,0,0,1,0,0,,,kc2,traditional_file
0,record_140,record_140,.,,Unknown,4.0,1.0,1.0,1.0,5.0,11.61,0.67,1.5,7.74,17.41,0.0,0.97,2.0,0.0,0.0,0.0,3.0,2.0,3.0,2.0,1.0,1,1,0,0,0,0,0,0,0,0,0,0,0,0,1,0,1,0,0,0,0,0,0,0,0,0,0,0,1,0,0,,,kc2,traditional_file
0,record_141,record_141,.,,Unknown,4.0,1.0,1.0,1.0,6.0,15.51,0.4,2.5,6.2,38.77,0.01,2.15,2.0,0.0,0.0,0.0,5.0,1.0,5.0,1.0,1.0,1,1,0,0,0,0,0,0,0,0,0,0,0,0,1,0,1,0,0,0,0,0,0,0,0,0,0,0,1,0,0,,,kc2,traditional_file
0,record_142,record_142,.,,Unknown,26.0,4.0,1.0,4.0,51.0,199.25,0.09,11.25,17.71,2241.58,0.07,124.53,19.0,0.0,5.0,0.0,9.0,6.0,36.0,15.0,7.0,1,1,0,0,0,0,0,0,0,0,0,0,0,0,1,0,1,0,0,0,0,0,0,0,0,0,0,0,1,0,0,,,kc2,traditional_file
0,record_143,record_143,.,,Unknown,3.0,1.0,1.0,1.0,1.0,0.0,0.0,0.0,0.0,0.0,0.0,0.0,1.0,0.0,0.0,0.0,1.0,0.0,1.0,0.0,1.0,1,1,0,0,0,0,0,0,0,0,0,0,0,0,1,0,1,0,0,0,0,0,0,0,0,0,0,0,1,0,0,,,kc2,traditional_file
0,record_144,record_144,.,,Unknown,11.0,2.0,1.0,2.0,17.0,60.94,0.17,6.0,10.16,365.67,0.02,20.31,8.0,0.0,1.0,0.0,8.0,4.0,11.0,6.0,3.0,1,1,0,0,0,0,0,0,0,0,0,0,0,0,1,0,1,0,0,0,0,0,0,0,0,0,0,0,1,0,0,,,kc2,traditional_file
0,record_145,record_145,.,,Unknown,4.0,1.0,1.0,1.0,5.0,11.61,0.67,1.5,7.74,17.41,0.0,0.97,2.0,0.0,0.0,0.0,3.0,2.0,3.0,2.0,1.0,1,1,0,0,0,0,0,0,0,0,0,0,0,0,1,0,1,0,0,0,0,0,0,0,0,0,0,0,1,0,0,,,kc2,traditional_file
0,record_146,record_146,.,,Unknown,5.0,1.0,1.0,1.0,5.0,11.61,0.0,0.0,0.0,0.0,0.0,0.0,2.0,0.0,0.0,0.0,5.0,0.0,5.0,0.0,1.0,1,1,0,0,0,0,0,0,0,0,0,0,0,0,1,0,1,0,0,0,0,0,0,0,0,0,0,0,1,0,0,,,kc2,traditional_file
0,record_147,record_147,.,,Unknown,56.0,4.0,1.0,4.0,102.0,523.19,0.07,14.25,36.71,7455.41,0.17,414.19,41.0,3.0,3.0,0.0,15.0,20.0,64.0,38.0,7.0,1,1,0,0,0,0,0,0,0,0,0,0,0,0,1,0,1,0,0,0,0,0,0,0,0,0,0,0,1,0,0,,,kc2,traditional_file
0,record_148,record_148,.,,Unknown,56.0,4.0,1.0,4.0,101.0,513.83,0.07,14.61,35.18,7504.68,0.17,416.93,40.0,3.0,3.0,0.0,15.0,19.0,64.0,37.0,7.0,1,1,0,0,0,0,0,0,0,0,0,0,0,0,1,0,1,0,0,0,0,0,0,0,0,0,0,0,1,0,0,,,kc2,traditional_file
0,record_149,record_149,.,,Unknown,21.0,2.0,1.0,2.0,36.0,152.93,0.12,8.57,17.84,1310.79,0.05,72.82,16.0,0.0,3.0,0.0,12.0,7.0,26.0,10.0,3.0,1,1,0,0,0,0,0,0,0,0,0,0,0,0,1,0,1,0,0,0,0,0,0,0,0,0,0,0,1,0,0,,,kc2,traditional_file
0,record_150,record_150,.,,Unknown,21.0,2.0,1.0,2.0,33.0,134.89,0.14,7.14,18.88,963.47,0.04,53.53,15.0,1.0,2.0,0.0,10.0,7.0,23.0,10.0,3.0,1,1,0,0,0,0,0,0,0,0,0,0,0,0,1,0,1,0,0,0,0,0,0,0,0,0,0,0,1,0,0,,,kc2,traditional_file
0,record_151,record_151,.,,Unknown,34.0,3.0,1.0,3.0,53.0,249.12,0.07,13.64,18.27,3397.14,0.08,188.73,19.0,7.0,5.0,0.0,15.0,11.0,33.0,20.0,5.0,1,1,0,0,0,0,0,0,0,0,0,0,0,0,1,0,1,0,0,0,0,0,0,0,0,0,0,0,1,0,0,,,kc2,traditional_file
0,record_152,record_152,.,,Unknown,47.0,5.0,4.0,4.0,59.0,273.99,0.07,13.36,20.5,3661.47,0.09,203.41,19.0,3.0,5.0,0.0,16.0,23.0,69.0,49.0,5.0,1,1,0,0,0,0,0,0,0,0,0,0,0,0,1,0,1,0,0,0,0,0,0,0,0,0,0,0,1,0,0,,,kc2,traditional_file
0,record_153,record_153,.,,Unknown,30.0,3.0,3.0,2.0,118.0,623.68,0.06,17.04,36.59,10629.63,0.21,590.54,35.0,3.0,7.0,0.0,14.0,11.0,38.0,21.0,9.0,1,1,0,0,0,0,0,0,0,0,0,0,0,0,1,0,1,0,0,0,0,0,0,0,0,0,0,0,1,0,0,,,kc2,traditional_file
0,record_154,record_154,.,,Unknown,43.0,4.0,1.0,4.0,89.0,456.51,0.06,18.0,25.36,8217.11,0.15,456.51,28.0,7.0,6.0,0.0,18.0,17.0,55.0,34.0,7.0,1,1,0,0,0,0,0,0,0,0,0,0,0,0,1,0,1,0,0,0,0,0,0,0,0,0,0,0,1,0,0,,,kc2,traditional_file
0,record_155,record_155,.,,Unknown,38.0,3.0,1.0,3.0,134.0,722.57,0.06,16.11,44.85,11641.41,0.24,646.75,32.0,1.0,2.0,0.0,15.0,27.0,76.0,58.0,5.0,1,1,0,0,0,0,0,0,0,0,0,0,0,0,1,0,1,0,0,0,0,0,0,0,0,0,0,0,1,0,0,,,kc2,traditional_file
0,record_156,record_156,.,,Unknown,4.0,1.0,1.0,1.0,7.0,11.09,0.67,1.5,7.4,16.64,0.0,0.92,3.0,0.0,0.0,0.0,2.0,4.0,2.0,8.0,1.0,1,1,0,0,0,0,0,0,0,0,0,0,0,0,1,0,1,0,0,0,0,0,0,0,0,0,0,0,1,0,0,,,kc2,traditional_file
0,record_157,record_157,.,,Unknown,4.0,1.0,1.0,1.0,8.0,16.0,0.86,1.17,13.71,18.67,0.01,1.04,2.0,0.0,0.0,0.0,1.0,3.0,1.0,7.0,1.0,1,1,0,0,0,0,0,0,0,0,0,0,0,0,1,0,1,0,0,0,0,0,0,0,0,0,0,0,1,0,0,,,kc2,traditional_file
0,record_158,record_158,.,,Unknown,3.0,1.0,1.0,1.0,10.0,25.85,0.5,2.0,12.92,51.7,0.01,2.87,2.0,0.0,0.0,0.0,1.0,2.0,1.0,6.0,1.0,1,1,0,0,0,0,0,0,0,0,0,0,0,0,1,0,1,0,0,0,0,0,0,0,0,0,0,0,1,0,0,,,kc2,traditional_file
0,record_159,record_159,.,,Unknown,45.0,3.0,1.0,3.0,84.0,416.15,0.06,17.07,24.38,7102.34,0.14,394.57,28.0,10.0,5.0,0.0,16.0,15.0,52.0,32.0,5.0,1,1,0,0,0,0,0,0,0,0,0,0,0,0,1,0,1,0,0,0,0,0,0,0,0,0,0,0,1,0,0,,,kc2,traditional_file
0,record_160,record_160,.,,Unknown,45.0,4.0,1.0,4.0,88.0,423.05,0.07,13.43,31.49,5682.93,0.14,315.72,30.0,7.0,4.0,0.0,13.0,15.0,57.0,31.0,7.0,1,1,0,0,0,0,0,0,0,0,0,0,0,0,1,0,1,0,0,0,0,0,0,0,0,0,0,0,1,0,0,,,kc2,traditional_file
0,record_161,record_161,.,,Unknown,4.0,1.0,1.0,1.0,4.0,8.0,0.67,1.5,5.33,12.0,0.0,0.67,2.0,0.0,0.0,0.0,3.0,1.0,3.0,1.0,1.0,1,1,0,0,0,0,0,0,0,0,0,0,0,0,1,0,1,0,0,0,0,0,0,0,0,0,0,0,1,0,0,,,kc2,traditional_file
0,record_162,record_162,.,,Unknown,4.0,1.0,1.0,1.0,4.0,8.0,0.67,1.5,5.33,12.0,0.0,0.67,2.0,0.0,0.0,0.0,3.0,1.0,3.0,1.0,1.0,1,1,0,0,0,0,0,0,0,0,0,0,0,0,1,0,1,0,0,0,0,0,0,0,0,0,0,0,1,0,0,,,kc2,traditional_file
0,record_163,record_163,.,,Unknown,4.0,1.0,1.0,1.0,6.0,15.51,0.0,0.0,0.0,0.0,0.01,0.0,2.0,0.0,0.0,0.0,6.0,0.0,6.0,0.0,1.0,1,1,0,0,0,0,0,0,0,0,0,0,0,0,1,0,1,0,0,0,0,0,0,0,0,0,0,0,1,0,0,,,kc2,traditional_file
0,record_164,record_164,.,,Unknown,4.0,1.0,1.0,1.0,4.0,8.0,0.67,1.5,5.33,12.0,0.0,0.67,2.0,0.0,0.0,0.0,3.0,1.0,3.0,1.0,1.0,1,1,0,0,0,0,0,0,0,0,0,0,0,0,1,0,1,0,0,0,0,0,0,0,0,0,0,0,1,0,0,,,kc2,traditional_file
0,record_165,record_165,.,,Unknown,4.0,1.0,1.0,1.0,4.0,8.0,0.67,1.5,5.33,12.0,0.0,0.67,2.0,0.0,0.0,0.0,3.0,1.0,3.0,1.0,1.0,1,1,0,0,0,0,0,0,0,0,0,0,0,0,1,0,1,0,0,0,0,0,0,0,0,0,0,0,1,0,0,,,kc2,traditional_file
0,record_166,record_166,.,,Unknown,4.0,1.0,1.0,1.0,4.0,8.0,0.67,1.5,5.33,12.0,0.0,0.67,2.0,0.0,0.0,0.0,3.0,1.0,3.0,1.0,1.0,1,1,0,0,0,0,0,0,0,0,0,0,0,0,1,0,1,0,0,0,0,0,0,0,0,0,0,0,1,0,0,,,kc2,traditional_file
0,record_167,record_167,.,,Unknown,5.0,1.0,1.0,1.0,8.0,24.0,0.33,3.0,8.0,72.0,0.01,4.0,2.0,0.0,0.0,0.0,6.0,2.0,6.0,2.0,1.0,1,1,0,0,0,0,0,0,0,0,0,0,0,0,1,0,1,0,0,0,0,0,0,0,0,0,0,0,1,0,0,,,kc2,traditional_file
0,record_168,record_168,.,,Unknown,11.0,2.0,1.0,2.0,27.0,102.8,0.15,6.67,15.42,685.32,0.03,38.07,9.0,0.0,0.0,0.0,8.0,6.0,17.0,10.0,3.0,1,1,0,0,0,0,0,0,0,0,0,0,0,0,1,0,1,0,0,0,0,0,0,0,0,0,0,0,1,0,0,,,kc2,traditional_file
0,record_169,record_169,.,,Unknown,47.0,2.0,1.0,2.0,385.0,2375.42,0.03,34.5,68.85,81952.03,0.79,4552.89,119.0,6.0,18.0,0.0,11.0,25.0,87.0,44.0,31.0,1,1,0,0,0,0,0,0,0,0,0,0,0,0,1,0,1,0,0,0,0,0,0,0,0,0,0,0,1,0,0,,,kc2,traditional_file
0,record_170,record_170,.,,Unknown,28.0,2.0,1.0,2.0,69.0,324.33,0.1,10.27,31.59,3329.79,0.11,184.99,18.0,1.0,7.0,0.0,11.0,15.0,41.0,28.0,3.0,1,1,0,0,0,0,0,0,0,0,0,0,0,0,1,0,1,0,0,0,0,0,0,0,0,0,0,0,1,0,0,,,kc2,traditional_file
0,record_171,record_171,.,,Unknown,8.0,1.0,1.0,1.0,13.0,41.21,0.67,1.5,27.47,61.81,0.01,3.43,4.0,0.0,1.0,0.0,3.0,6.0,7.0,6.0,1.0,1,1,0,0,0,0,0,0,0,0,0,0,0,0,1,0,1,0,0,0,0,0,0,0,0,0,0,0,1,0,0,,,kc2,traditional_file
0,record_172,record_172,.,,Unknown,3.0,1.0,1.0,1.0,1.0,0.0,0.0,0.0,0.0,0.0,0.0,0.0,1.0,0.0,0.0,0.0,1.0,0.0,1.0,0.0,1.0,1,1,0,0,0,0,0,0,0,0,0,0,0,0,1,0,1,0,0,0,0,0,0,0,0,0,0,0,1,0,0,,,kc2,traditional_file
0,record_173,record_173,.,,Unknown,97.0,8.0,7.0,8.0,245.0,1375.6,0.05,19.6,70.18,26961.84,0.46,1497.88,72.0,1.0,20.0,0.0,14.0,35.0,147.0,98.0,15.0,1,1,0,0,0,0,0,0,0,0,0,0,0,0,1,0,1,0,0,0,0,0,0,0,0,0,0,0,1,0,0,,,kc2,traditional_file
0,record_174,record_174,.,,Unknown,13.0,2.0,1.0,2.0,20.0,78.14,0.17,6.0,13.02,468.83,0.03,26.05,8.0,0.0,1.0,0.0,9.0,6.0,12.0,8.0,3.0,1,1,0,0,0,0,0,0,0,0,0,0,0,0,1,0,1,0,0,0,0,0,0,0,0,0,0,0,1,0,0,,,kc2,traditional_file
0,record_175,record_175,.,,Unknown,10.0,2.0,1.0,2.0,18.0,64.53,0.14,7.0,9.22,451.71,0.02,25.09,8.0,0.0,0.0,0.0,8.0,4.0,11.0,7.0,3.0,1,1,0,0,0,0,0,0,0,0,0,0,0,0,1,0,1,0,0,0,0,0,0,0,0,0,0,0,1,0,0,,,kc2,traditional_file
0,record_176,record_176,.,,Unknown,7.0,1.0,1.0,1.0,11.0,36.54,0.4,2.5,14.62,91.35,0.01,5.08,3.0,0.0,0.0,1.0,5.0,5.0,6.0,5.0,1.0,1,1,0,0,0,0,0,0,0,0,0,0,0,0,1,0,1,0,0,0,0,0,0,0,0,0,0,0,1,0,0,,,kc2,traditional_file
0,record_177,record_177,.,,Unknown,31.0,3.0,1.0,3.0,75.0,348.29,0.09,11.0,31.66,3831.18,0.12,212.84,23.0,1.0,4.0,0.0,11.0,14.0,47.0,28.0,5.0,1,1,0,0,0,0,0,0,0,0,0,0,0,0,1,0,1,0,0,0,0,0,0,0,0,0,0,0,1,0,0,,,kc2,traditional_file
0,record_178,record_178,.,,Unknown,15.0,3.0,1.0,2.0,49.0,211.77,0.12,8.5,24.91,1800.08,0.07,100.0,12.0,0.0,1.0,0.0,10.0,10.0,32.0,17.0,5.0,1,1,0,0,0,0,0,0,0,0,0,0,0,0,1,0,1,0,0,0,0,0,0,0,0,0,0,0,1,0,0,,,kc2,traditional_file
0,record_179,record_179,.,,Unknown,21.0,5.0,1.0,3.0,68.0,311.78,0.09,10.58,29.48,3297.65,0.1,183.2,18.0,0.0,1.0,0.0,11.0,13.0,43.0,25.0,9.0,1,1,0,0,0,0,0,0,0,0,0,0,0,0,1,0,1,0,0,0,0,0,0,0,0,0,0,0,1,0,0,,,kc2,traditional_file
0,record_180,record_180,.,,Unknown,8.0,1.0,1.0,1.0,13.0,43.19,0.5,2.0,21.59,86.37,0.01,4.8,2.0,0.0,0.0,0.0,9.0,9.0,20.0,13.0,1.0,1,1,0,0,0,0,0,0,0,0,0,0,0,0,1,0,1,0,0,0,0,0,0,0,0,0,0,0,1,0,0,,,kc2,traditional_file
0,record_181,record_181,.,,Unknown,4.0,1.0,1.0,1.0,33.0,137.61,0.15,6.5,21.17,894.45,0.05,49.69,4.0,1.0,0.0,1.0,4.0,6.0,7.0,6.0,1.0,1,1,0,0,0,0,0,0,0,0,0,0,0,0,1,0,1,0,0,0,0,0,0,0,0,0,0,0,1,0,0,,,kc2,traditional_file
0,record_182,record_182,.,,Unknown,15.0,3.0,1.0,2.0,49.0,211.77,0.12,8.5,24.91,1800.08,0.07,100.0,10.0,0.0,3.0,0.0,10.0,10.0,32.0,17.0,5.0,1,1,0,0,0,0,0,0,0,0,0,0,0,0,1,0,1,0,0,0,0,0,0,0,0,0,0,0,1,0,0,,,kc2,traditional_file
0,record_183,record_183,.,,Unknown,14.0,3.0,1.0,2.0,49.0,211.77,0.12,8.5,24.91,1800.08,0.07,100.0,10.0,0.0,1.0,1.0,10.0,10.0,32.0,17.0,5.0,1,1,0,0,0,0,0,0,0,0,0,0,0,0,1,0,1,0,0,0,0,0,0,0,0,0,0,0,1,0,0,,,kc2,traditional_file
0,record_184,record_184,.,,Unknown,21.0,4.0,1.0,4.0,45.0,191.16,0.17,5.83,32.77,1115.08,0.06,61.95,15.0,0.0,0.0,0.0,10.0,15.0,41.0,28.0,7.0,1,1,0,0,0,0,0,0,0,0,0,0,0,0,1,0,1,0,0,0,0,0,0,0,0,0,0,0,1,0,0,,,kc2,traditional_file
0,record_185,record_185,.,,Unknown,17.0,4.0,1.0,2.0,69.0,320.43,0.11,9.33,34.33,2990.64,0.11,166.15,18.0,1.0,0.0,0.0,7.0,12.0,25.0,20.0,7.0,1,1,0,0,0,0,0,0,0,0,0,0,0,0,1,0,1,0,0,0,0,0,0,0,0,0,0,0,1,0,0,,,kc2,traditional_file
0,record_186,record_186,.,,Unknown,6.0,1.0,1.0,1.0,15.0,49.83,0.43,2.33,21.36,116.27,0.02,6.46,4.0,0.0,0.0,0.0,4.0,6.0,8.0,7.0,1.0,1,1,0,0,0,0,0,0,0,0,0,0,0,0,1,0,1,0,0,0,0,0,0,0,0,0,0,0,1,0,0,,,kc2,traditional_file
0,record_187,record_187,.,,Unknown,6.0,1.0,1.0,1.0,15.0,49.83,0.43,2.33,21.36,116.27,0.02,6.46,4.0,0.0,0.0,0.0,4.0,6.0,8.0,7.0,1.0,1,1,0,0,0,0,0,0,0,0,0,0,0,0,1,0,1,0,0,0,0,0,0,0,0,0,0,0,1,0,0,,,kc2,traditional_file
0,record_188,record_188,.,,Unknown,6.0,1.0,1.0,1.0,15.0,49.83,0.43,2.33,21.36,116.27,0.02,6.46,4.0,0.0,0.0,0.0,4.0,6.0,8.0,7.0,1.0,1,1,0,0,0,0,0,0,0,0,0,0,0,0,1,0,1,0,0,0,0,0,0,0,0,0,0,0,1,0,0,,,kc2,traditional_file
0,record_189,record_189,.,,Unknown,6.0,1.0,1.0,1.0,15.0,49.83,0.43,2.33,21.36,116.27,0.02,6.46,4.0,0.0,0.0,0.0,4.0,6.0,8.0,7.0,1.0,1,1,0,0,0,0,0,0,0,0,0,0,0,0,1,0,1,0,0,0,0,0,0,0,0,0,0,0,1,0,0,,,kc2,traditional_file
0,record_190,record_190,.,,Unknown,6.0,1.0,1.0,1.0,15.0,49.83,0.43,2.33,21.36,116.27,0.02,6.46,4.0,0.0,0.0,0.0,4.0,6.0,8.0,7.0,1.0,1,1,0,0,0,0,0,0,0,0,0,0,0,0,1,0,1,0,0,0,0,0,0,0,0,0,0,0,1,0,0,,,kc2,traditional_file
0,record_191,record_191,.,,Unknown,6.0,1.0,1.0,1.0,15.0,49.83,0.43,2.33,21.36,116.27,0.02,6.46,4.0,0.0,0.0,0.0,4.0,6.0,8.0,7.0,1.0,1,1,0,0,0,0,0,0,0,0,0,0,0,0,1,0,1,0,0,0,0,0,0,0,0,0,0,0,1,0,0,,,kc2,traditional_file
0,record_192,record_192,.,,Unknown,6.0,1.0,1.0,1.0,15.0,49.83,0.43,2.33,21.36,116.27,0.02,6.46,4.0,0.0,0.0,0.0,4.0,6.0,8.0,7.0,1.0,1,1,0,0,0,0,0,0,0,0,0,0,0,0,1,0,1,0,0,0,0,0,0,0,0,0,0,0,1,0,0,,,kc2,traditional_file
0,record_193,record_193,.,,Unknown,6.0,1.0,1.0,1.0,15.0,49.83,0.43,2.33,21.36,116.27,0.02,6.46,4.0,0.0,0.0,0.0,4.0,6.0,8.0,7.0,1.0,1,1,0,0,0,0,0,0,0,0,0,0,0,0,1,0,1,0,0,0,0,0,0,0,0,0,0,0,1,0,0,,,kc2,traditional_file
0,record_194,record_194,.,,Unknown,41.0,8.0,7.0,7.0,105.0,534.18,0.05,21.38,24.99,11418.17,0.18,634.34,31.0,1.0,5.0,2.0,18.0,16.0,67.0,38.0,15.0,1,1,0,0,0,0,0,0,0,0,0,0,0,0,1,0,1,0,0,0,0,0,0,0,0,0,0,0,1,0,0,,,kc2,traditional_file
0,record_195,record_195,.,,Unknown,56.0,7.0,3.0,6.0,141.0,791.67,0.04,22.41,35.33,17739.36,0.26,985.52,49.0,1.0,4.0,0.0,22.0,27.0,86.0,55.0,13.0,1,1,0,0,0,0,0,0,0,0,0,0,0,0,1,0,1,0,0,0,0,0,0,0,0,0,0,0,1,0,0,,,kc2,traditional_file
0,record_196,record_196,.,,Unknown,60.0,7.0,4.0,6.0,173.0,986.18,0.04,23.83,41.38,23503.86,0.33,1305.77,54.0,1.0,3.0,0.0,22.0,30.0,108.0,65.0,13.0,1,1,0,0,0,0,0,0,0,0,0,0,0,0,1,0,1,0,0,0,0,0,0,0,0,0,0,0,1,0,0,,,kc2,traditional_file
0,record_197,record_197,.,,Unknown,55.0,12.0,9.0,9.0,187.0,1001.86,0.07,13.57,73.85,13591.93,0.33,755.11,45.0,3.0,5.0,0.0,11.0,30.0,113.0,74.0,23.0,1,1,0,0,0,0,0,0,0,0,0,0,0,0,1,0,1,0,0,0,0,0,0,0,0,0,0,0,1,0,0,,,kc2,traditional_file
0,record_198,record_198,.,,Unknown,4.0,1.0,1.0,1.0,4.0,8.0,0.67,1.5,5.33,12.0,0.0,0.67,2.0,0.0,0.0,0.0,3.0,1.0,3.0,1.0,1.0,1,1,0,0,0,0,0,0,0,0,0,0,0,0,1,0,1,0,0,0,0,0,0,0,0,0,0,0,1,0,0,,,kc2,traditional_file
0,record_199,record_199,.,,Unknown,33.0,6.0,4.0,4.0,84.0,412.18,0.05,18.29,22.54,7536.98,0.14,418.72,26.0,2.0,3.0,0.0,16.0,14.0,52.0,32.0,11.0,1,1,0,0,0,0,0,0,0,0,0,0,0,0,1,0,1,0,0,0,0,0,0,0,0,0,0,0,1,0,0,,,kc2,traditional_file
0,record_200,record_200,.,,Unknown,58.0,13.0,3.0,5.0,163.0,878.95,0.06,17.5,50.23,15381.59,0.29,854.53,36.0,10.0,8.0,2.0,14.0,28.0,93.0,70.0,25.0,1,1,0,0,0,0,0,0,0,0,0,0,0,0,1,0,1,0,0,0,0,0,0,0,0,0,0,0,1,0,0,,,kc2,traditional_file
0,record_201,record_201,.,,Unknown,19.0,3.0,3.0,2.0,35.0,145.95,0.09,11.0,13.27,1605.42,0.05,89.19,14.0,1.0,2.0,0.0,11.0,7.0,21.0,14.0,5.0,1,1,0,0,0,0,0,0,0,0,0,0,0,0,1,0,1,0,0,0,0,0,0,0,0,0,0,0,1,0,0,,,kc2,traditional_file
0,record_202,record_202,.,,Unknown,8.0,2.0,1.0,2.0,21.0,77.71,0.29,3.43,22.67,266.43,0.03,14.8,6.0,0.0,0.0,0.0,6.0,7.0,13.0,8.0,3.0,1,1,0,0,0,0,0,0,0,0,0,0,0,0,1,0,1,0,0,0,0,0,0,0,0,0,0,0,1,0,0,,,kc2,traditional_file
0,record_203,record_203,.,,Unknown,18.0,2.0,1.0,2.0,42.0,187.3,0.13,7.5,24.97,1404.72,0.06,78.04,13.0,1.0,2.0,0.0,10.0,12.0,24.0,18.0,3.0,1,1,0,0,0,0,0,0,0,0,0,0,0,0,1,0,1,0,0,0,0,0,0,0,0,0,0,0,1,0,0,,,kc2,traditional_file
0,record_204,record_204,.,,Unknown,26.0,5.0,1.0,2.0,52.0,228.4,0.09,11.55,19.77,2638.03,0.08,146.56,24.0,0.0,0.0,0.0,11.0,10.0,31.0,21.0,9.0,1,1,0,0,0,0,0,0,0,0,0,0,0,0,1,0,1,0,0,0,0,0,0,0,0,0,0,0,1,0,0,,,kc2,traditional_file
0,record_205,record_205,.,,Unknown,29.0,2.0,1.0,2.0,105.0,554.97,0.13,7.76,71.53,4305.78,0.18,239.21,24.0,0.0,2.0,0.0,10.0,29.0,60.0,45.0,3.0,1,1,0,0,0,0,0,0,0,0,0,0,0,0,1,0,1,0,0,0,0,0,0,0,0,0,0,0,1,0,0,,,kc2,traditional_file
0,record_206,record_206,.,,Unknown,16.0,4.0,3.0,2.0,49.0,238.04,0.12,8.53,27.9,2030.79,0.08,112.82,13.0,0.0,0.0,1.0,13.0,16.0,28.0,21.0,7.0,1,1,0,0,0,0,0,0,0,0,0,0,0,0,1,0,1,0,0,0,0,0,0,0,0,0,0,0,1,0,0,,,kc2,traditional_file
0,record_207,record_207,.,,Unknown,6.0,1.0,1.0,1.0,14.0,48.43,0.4,2.5,19.37,121.08,0.02,6.73,3.0,0.0,0.0,0.0,5.0,6.0,8.0,6.0,1.0,1,1,0,0,0,0,0,0,0,0,0,0,0,0,1,0,1,0,0,0,0,0,0,0,0,0,0,0,1,0,0,,,kc2,traditional_file
0,record_208,record_208,.,,Unknown,29.0,3.0,1.0,3.0,72.0,305.85,0.09,10.8,28.32,3303.19,0.1,183.51,23.0,2.0,2.0,0.0,9.0,10.0,48.0,24.0,5.0,1,1,0,0,0,0,0,0,0,0,0,0,0,0,1,0,1,0,0,0,0,0,0,0,0,0,0,0,1,0,0,,,kc2,traditional_file
0,record_209,record_209,.,,Unknown,4.0,1.0,1.0,1.0,4.0,8.0,0.67,1.5,5.33,12.0,0.0,0.67,2.0,0.0,0.0,0.0,3.0,1.0,3.0,1.0,1.0,1,1,0,0,0,0,0,0,0,0,0,0,0,0,1,0,1,0,0,0,0,0,0,0,0,0,0,0,1,0,0,,,kc2,traditional_file
0,record_210,record_210,.,,Unknown,4.0,1.0,1.0,1.0,4.0,8.0,0.67,1.5,5.33,12.0,0.0,0.67,2.0,0.0,0.0,0.0,3.0,1.0,3.0,1.0,1.0,1,1,0,0,0,0,0,0,0,0,0,0,0,0,1,0,1,0,0,0,0,0,0,0,0,0,0,0,1,0,0,,,kc2,traditional_file
0,record_211,record_211,.,,Unknown,2.0,1.0,1.0,1.0,4.0,8.0,0.67,1.5,5.33,12.0,0.0,0.67,0.0,0.0,0.0,0.0,3.0,1.0,3.0,1.0,1.0,1,1,0,0,0,0,0,0,0,0,0,0,0,0,1,0,1,0,0,0,0,0,0,0,0,0,0,0,1,0,0,,,kc2,traditional_file
0,record_212,record_212,.,,Unknown,4.0,1.0,1.0,1.0,4.0,8.0,0.67,1.5,5.33,12.0,0.0,0.67,2.0,0.0,0.0,0.0,3.0,1.0,3.0,1.0,1.0,1,1,0,0,0,0,0,0,0,0,0,0,0,0,1,0,1,0,0,0,0,0,0,0,0,0,0,0,1,0,0,,,kc2,traditional_file
0,record_213,record_213,.,,Unknown,4.0,1.0,1.0,1.0,9.0,25.27,0.0,0.0,0.0,0.0,0.01,0.0,2.0,0.0,0.0,0.0,7.0,0.0,9.0,0.0,1.0,1,1,0,0,0,0,0,0,0,0,0,0,0,0,1,0,1,0,0,0,0,0,0,0,0,0,0,0,1,0,0,,,kc2,traditional_file
0,record_214,record_214,.,,Unknown,2.0,1.0,1.0,1.0,4.0,8.0,0.67,1.5,5.33,12.0,0.0,0.67,0.0,0.0,0.0,0.0,3.0,1.0,3.0,1.0,1.0,1,1,0,0,0,0,0,0,0,0,0,0,0,0,1,0,1,0,0,0,0,0,0,0,0,0,0,0,1,0,0,,,kc2,traditional_file
0,record_215,record_215,.,,Unknown,4.0,1.0,1.0,1.0,4.0,8.0,0.67,1.5,5.33,12.0,0.0,0.67,2.0,0.0,0.0,0.0,3.0,1.0,3.0,1.0,1.0,1,1,0,0,0,0,0,0,0,0,0,0,0,0,1,0,1,0,0,0,0,0,0,0,0,0,0,0,1,0,0,,,kc2,traditional_file
0,record_216,record_216,.,,Unknown,4.0,1.0,1.0,1.0,4.0,8.0,0.67,1.5,5.33,12.0,0.0,0.67,2.0,0.0,0.0,0.0,3.0,1.0,3.0,1.0,1.0,1,1,0,0,0,0,0,0,0,0,0,0,0,0,1,0,1,0,0,0,0,0,0,0,0,0,0,0,1,0,0,,,kc2,traditional_file
0,record_217,record_217,.,,Unknown,4.0,1.0,1.0,1.0,4.0,8.0,0.67,1.5,5.33,12.0,0.0,0.67,2.0,0.0,0.0,0.0,3.0,1.0,3.0,1.0,1.0,1,1,0,0,0,0,0,0,0,0,0,0,0,0,1,0,1,0,0,0,0,0,0,0,0,0,0,0,1,0,0,,,kc2,traditional_file
0,record_218,record_218,.,,Unknown,4.0,1.0,1.0,1.0,4.0,8.0,0.67,1.5,5.33,12.0,0.0,0.67,2.0,0.0,0.0,0.0,3.0,1.0,3.0,1.0,1.0,1,1,0,0,0,0,0,0,0,0,0,0,0,0,1,0,1,0,0,0,0,0,0,0,0,0,0,0,1,0,0,,,kc2,traditional_file
0,record_219,record_219,.,,Unknown,4.0,1.0,1.0,1.0,4.0,8.0,0.67,1.5,5.33,12.0,0.0,0.67,2.0,0.0,0.0,0.0,3.0,1.0,3.0,1.0,1.0,1,1,0,0,0,0,0,0,0,0,0,0,0,0,1,0,1,0,0,0,0,0,0,0,0,0,0,0,1,0,0,,,kc2,traditional_file
0,record_220,record_220,.,,Unknown,4.0,1.0,1.0,1.0,4.0,8.0,0.67,1.5,5.33,12.0,0.0,0.67,2.0,0.0,0.0,0.0,3.0,1.0,3.0,1.0,1.0,1,1,0,0,0,0,0,0,0,0,0,0,0,0,1,0,1,0,0,0,0,0,0,0,0,0,0,0,1,0,0,,,kc2,traditional_file
0,record_221,record_221,.,,Unknown,4.0,1.0,1.0,1.0,4.0,8.0,0.67,1.5,5.33,12.0,0.0,0.67,2.0,0.0,0.0,0.0,3.0,1.0,3.0,1.0,1.0,1,1,0,0,0,0,0,0,0,0,0,0,0,0,1,0,1,0,0,0,0,0,0,0,0,0,0,0,1,0,0,,,kc2,traditional_file
0,record_222,record_222,.,,Unknown,4.0,1.0,1.0,1.0,4.0,8.0,0.67,1.5,5.33,12.0,0.0,0.67,2.0,0.0,0.0,0.0,3.0,1.0,3.0,1.0,1.0,1,1,0,0,0,0,0,0,0,0,0,0,0,0,1,0,1,0,0,0,0,0,0,0,0,0,0,0,1,0,0,,,kc2,traditional_file
0,record_223,record_223,.,,Unknown,6.0,3.0,1.0,1.0,24.0,88.81,0.21,4.71,18.84,418.68,0.03,23.26,4.0,0.0,0.0,0.0,6.0,7.0,13.0,11.0,5.0,1,1,0,0,0,0,0,0,0,0,0,0,0,0,1,0,1,0,0,0,0,0,0,0,0,0,0,0,1,0,0,,,kc2,traditional_file
0,record_224,record_224,.,,Unknown,4.0,1.0,1.0,1.0,4.0,8.0,0.67,1.5,5.33,12.0,0.0,0.67,2.0,0.0,0.0,0.0,3.0,1.0,3.0,1.0,1.0,1,1,0,0,0,0,0,0,0,0,0,0,0,0,1,0,1,0,0,0,0,0,0,0,0,0,0,0,1,0,0,,,kc2,traditional_file
0,record_225,record_225,.,,Unknown,4.0,1.0,1.0,1.0,4.0,8.0,0.67,1.5,5.33,12.0,0.0,0.67,2.0,0.0,0.0,0.0,3.0,1.0,3.0,1.0,1.0,1,1,0,0,0,0,0,0,0,0,0,0,0,0,1,0,1,0,0,0,0,0,0,0,0,0,0,0,1,0,0,,,kc2,traditional_file
0,record_226,record_226,.,,Unknown,4.0,1.0,1.0,1.0,4.0,8.0,0.67,1.5,5.33,12.0,0.0,0.67,2.0,0.0,0.0,0.0,3.0,1.0,3.0,1.0,1.0,1,1,0,0,0,0,0,0,0,0,0,0,0,0,1,0,1,0,0,0,0,0,0,0,0,0,0,0,1,0,0,,,kc2,traditional_file
0,record_227,record_227,.,,Unknown,4.0,1.0,1.0,1.0,4.0,8.0,0.67,1.5,5.33,12.0,0.0,0.67,2.0,0.0,0.0,0.0,3.0,1.0,3.0,1.0,1.0,1,1,0,0,0,0,0,0,0,0,0,0,0,0,1,0,1,0,0,0,0,0,0,0,0,0,0,0,1,0,0,,,kc2,traditional_file
0,record_228,record_228,.,,Unknown,4.0,1.0,1.0,1.0,4.0,8.0,0.67,1.5,5.33,12.0,0.0,0.67,2.0,0.0,0.0,0.0,3.0,1.0,3.0,1.0,1.0,1,1,0,0,0,0,0,0,0,0,0,0,0,0,1,0,1,0,0,0,0,0,0,0,0,0,0,0,1,0,0,,,kc2,traditional_file
0,record_229,record_229,.,,Unknown,4.0,1.0,1.0,1.0,4.0,8.0,0.67,1.5,5.33,12.0,0.0,0.67,2.0,0.0,0.0,0.0,3.0,1.0,3.0,1.0,1.0,1,1,0,0,0,0,0,0,0,0,0,0,0,0,1,0,1,0,0,0,0,0,0,0,0,0,0,0,1,0,0,,,kc2,traditional_file
0,record_230,record_230,.,,Unknown,4.0,1.0,1.0,1.0,5.0,11.61,0.5,2.0,5.8,23.22,0.0,1.29,2.0,0.0,0.0,0.0,4.0,1.0,4.0,1.0,1.0,1,1,0,0,0,0,0,0,0,0,0,0,0,0,1,0,1,0,0,0,0,0,0,0,0,0,0,0,1,0,0,,,kc2,traditional_file
0,record_231,record_231,.,,Unknown,4.0,1.0,1.0,1.0,4.0,8.0,0.67,1.5,5.33,12.0,0.0,0.67,2.0,0.0,0.0,0.0,3.0,1.0,3.0,1.0,1.0,1,1,0,0,0,0,0,0,0,0,0,0,0,0,1,0,1,0,0,0,0,0,0,0,0,0,0,0,1,0,0,,,kc2,traditional_file
0,record_232,record_232,.,,Unknown,4.0,1.0,1.0,1.0,4.0,8.0,0.67,1.5,5.33,12.0,0.0,0.67,2.0,0.0,0.0,0.0,3.0,1.0,3.0,1.0,1.0,1,1,0,0,0,0,0,0,0,0,0,0,0,0,1,0,1,0,0,0,0,0,0,0,0,0,0,0,1,0,0,,,kc2,traditional_file
0,record_233,record_233,.,,Unknown,4.0,1.0,1.0,1.0,4.0,8.0,0.67,1.5,5.33,12.0,0.0,0.67,2.0,0.0,0.0,0.0,3.0,1.0,3.0,1.0,1.0,1,1,0,0,0,0,0,0,0,0,0,0,0,0,1,0,1,0,0,0,0,0,0,0,0,0,0,0,1,0,0,,,kc2,traditional_file
0,record_234,record_234,.,,Unknown,6.0,3.0,1.0,1.0,24.0,88.81,0.21,4.71,18.84,418.68,0.03,23.26,4.0,0.0,0.0,0.0,6.0,7.0,13.0,11.0,5.0,1,1,0,0,0,0,0,0,0,0,0,0,0,0,1,0,1,0,0,0,0,0,0,0,0,0,0,0,1,0,0,,,kc2,traditional_file
0,record_235,record_235,.,,Unknown,4.0,1.0,1.0,1.0,9.0,25.27,0.0,0.0,0.0,0.0,0.01,0.0,2.0,0.0,0.0,0.0,7.0,0.0,9.0,0.0,1.0,1,1,0,0,0,0,0,0,0,0,0,0,0,0,1,0,1,0,0,0,0,0,0,0,0,0,0,0,1,0,0,,,kc2,traditional_file
0,record_236,record_236,.,,Unknown,4.0,1.0,1.0,1.0,4.0,8.0,0.67,1.5,5.33,12.0,0.0,0.67,2.0,0.0,0.0,0.0,3.0,1.0,3.0,1.0,1.0,1,1,0,0,0,0,0,0,0,0,0,0,0,0,1,0,1,0,0,0,0,0,0,0,0,0,0,0,1,0,0,,,kc2,traditional_file
0,record_237,record_237,.,,Unknown,4.0,1.0,1.0,1.0,4.0,8.0,0.67,1.5,5.33,12.0,0.0,0.67,2.0,0.0,0.0,0.0,3.0,1.0,3.0,1.0,1.0,1,1,0,0,0,0,0,0,0,0,0,0,0,0,1,0,1,0,0,0,0,0,0,0,0,0,0,0,1,0,0,,,kc2,traditional_file
0,record_238,record_238,.,,Unknown,6.0,1.0,1.0,1.0,5.0,11.61,0.67,1.5,7.74,17.41,0.0,0.97,3.0,0.0,1.0,0.0,3.0,2.0,3.0,2.0,1.0,1,1,0,0,0,0,0,0,0,0,0,0,0,0,1,0,1,0,0,0,0,0,0,0,0,0,0,0,1,0,0,,,kc2,traditional_file
0,record_239,record_239,.,,Unknown,4.0,1.0,1.0,1.0,4.0,8.0,0.67,1.5,5.33,12.0,0.0,0.67,2.0,0.0,0.0,0.0,3.0,1.0,3.0,1.0,1.0,1,1,0,0,0,0,0,0,0,0,0,0,0,0,1,0,1,0,0,0,0,0,0,0,0,0,0,0,1,0,0,,,kc2,traditional_file
0,record_240,record_240,.,,Unknown,4.0,1.0,1.0,1.0,4.0,8.0,0.67,1.5,5.33,12.0,0.0,0.67,2.0,0.0,0.0,0.0,3.0,1.0,3.0,1.0,1.0,1,1,0,0,0,0,0,0,0,0,0,0,0,0,1,0,1,0,0,0,0,0,0,0,0,0,0,0,1,0,0,,,kc2,traditional_file
0,record_241,record_241,.,,Unknown,20.0,2.0,1.0,2.0,54.0,216.0,0.16,6.3,34.29,1360.8,0.07,75.6,14.0,3.0,1.0,0.0,6.0,10.0,33.0,21.0,3.0,1,1,0,0,0,0,0,0,0,0,0,0,0,0,1,0,1,0,0,0,0,0,0,0,0,0,0,0,1,0,0,,,kc2,traditional_file
0,record_242,record_242,.,,Unknown,6.0,1.0,1.0,1.0,5.0,11.61,0.67,1.5,7.74,17.41,0.0,0.97,3.0,0.0,1.0,0.0,3.0,2.0,3.0,2.0,1.0,1,1,0,0,0,0,0,0,0,0,0,0,0,0,1,0,1,0,0,0,0,0,0,0,0,0,0,0,1,0,0,,,kc2,traditional_file
0,record_243,record_243,.,,Unknown,36.0,8.0,8.0,5.0,113.0,574.88,0.04,23.06,24.93,13258.25,0.19,736.57,26.0,1.0,6.0,1.0,18.0,16.0,72.0,41.0,15.0,1,1,0,0,0,0,0,0,0,0,0,0,0,0,1,0,1,0,0,0,0,0,0,0,0,0,0,0,1,0,0,,,kc2,traditional_file
0,record_244,record_244,.,,Unknown,4.0,1.0,1.0,1.0,7.0,19.65,0.4,2.5,7.86,49.13,0.01,2.73,2.0,0.0,0.0,0.0,5.0,2.0,5.0,2.0,1.0,1,1,0,0,0,0,0,0,0,0,0,0,0,0,1,0,1,0,0,0,0,0,0,0,0,0,0,0,1,0,0,,,kc2,traditional_file
0,record_245,record_245,.,,Unknown,2.0,1.0,1.0,1.0,8.0,24.0,0.29,3.5,6.86,84.0,0.01,4.67,0.0,0.0,0.0,0.0,7.0,1.0,7.0,1.0,1.0,1,1,0,0,0,0,0,0,0,0,0,0,0,0,1,0,1,0,0,0,0,0,0,0,0,0,0,0,1,0,0,,,kc2,traditional_file
0,record_246,record_246,.,,Unknown,4.0,1.0,1.0,1.0,4.0,8.0,0.67,1.5,5.33,12.0,0.0,0.67,2.0,0.0,0.0,0.0,3.0,1.0,3.0,1.0,1.0,1,1,0,0,0,0,0,0,0,0,0,0,0,0,1,0,1,0,0,0,0,0,0,0,0,0,0,0,1,0,0,,,kc2,traditional_file
0,record_247,record_247,.,,Unknown,4.0,1.0,1.0,1.0,5.0,11.61,0.5,2.0,5.8,23.22,0.0,1.29,2.0,0.0,0.0,0.0,4.0,1.0,4.0,1.0,1.0,1,1,0,0,0,0,0,0,0,0,0,0,0,0,1,0,1,0,0,0,0,0,0,0,0,0,0,0,1,0,0,,,kc2,traditional_file
0,record_248,record_248,.,,Unknown,29.0,3.0,1.0,3.0,83.0,370.13,0.07,14.5,25.53,5366.93,0.12,298.16,22.0,0.0,4.0,1.0,11.0,11.0,54.0,29.0,5.0,1,1,0,0,0,0,0,0,0,0,0,0,0,0,1,0,1,0,0,0,0,0,0,0,0,0,0,0,1,0,0,,,kc2,traditional_file
0,record_249,record_249,.,,Unknown,4.0,1.0,1.0,1.0,8.0,24.0,0.33,3.0,8.0,72.0,0.01,4.0,2.0,0.0,0.0,0.0,6.0,2.0,6.0,2.0,1.0,1,1,0,0,0,0,0,0,0,0,0,0,0,0,1,0,1,0,0,0,0,0,0,0,0,0,0,0,1,0,0,,,kc2,traditional_file
0,record_250,record_250,.,,Unknown,44.0,9.0,4.0,4.0,137.0,713.7,0.07,14.4,49.56,10277.21,0.24,570.96,29.0,4.0,8.0,1.0,12.0,25.0,77.0,60.0,17.0,1,1,0,0,0,0,0,0,0,0,0,0,0,0,1,0,1,0,0,0,0,0,0,0,0,0,0,0,1,0,0,,,kc2,traditional_file
0,record_251,record_251,.,,Unknown,4.0,1.0,1.0,1.0,4.0,8.0,0.67,1.5,5.33,12.0,0.0,0.67,2.0,0.0,0.0,0.0,3.0,1.0,3.0,1.0,1.0,1,1,0,0,0,0,0,0,0,0,0,0,0,0,1,0,1,0,0,0,0,0,0,0,0,0,0,0,1,0,0,,,kc2,traditional_file
0,record_252,record_252,.,,Unknown,4.0,1.0,1.0,1.0,5.0,11.61,0.67,1.5,7.74,17.41,0.0,0.97,2.0,0.0,0.0,0.0,3.0,2.0,3.0,2.0,1.0,1,1,0,0,0,0,0,0,0,0,0,0,0,0,1,0,1,0,0,0,0,0,0,0,0,0,0,0,1,0,0,,,kc2,traditional_file
0,record_253,record_253,.,,Unknown,4.0,1.0,1.0,1.0,5.0,11.61,0.67,1.5,7.74,17.41,0.0,0.97,2.0,0.0,0.0,0.0,3.0,2.0,3.0,2.0,1.0,1,1,0,0,0,0,0,0,0,0,0,0,0,0,1,0,1,0,0,0,0,0,0,0,0,0,0,0,1,0,0,,,kc2,traditional_file
0,record_254,record_254,.,,Unknown,2.0,1.0,1.0,1.0,5.0,11.61,0.67,1.5,7.74,17.41,0.0,0.97,0.0,0.0,0.0,0.0,3.0,2.0,3.0,2.0,1.0,1,1,0,0,0,0,0,0,0,0,0,0,0,0,1,0,1,0,0,0,0,0,0,0,0,0,0,0,1,0,0,,,kc2,traditional_file
0,record_255,record_255,.,,Unknown,4.0,1.0,1.0,1.0,5.0,11.61,0.67,1.5,7.74,17.41,0.0,0.97,2.0,0.0,0.0,0.0,3.0,2.0,3.0,2.0,1.0,1,1,0,0,0,0,0,0,0,0,0,0,0,0,1,0,1,0,0,0,0,0,0,0,0,0,0,0,1,0,0,,,kc2,traditional_file
0,record_256,record_256,.,,Unknown,4.0,1.0,1.0,1.0,5.0,11.61,0.67,1.5,7.74,17.41,0.0,0.97,2.0,0.0,0.0,0.0,3.0,2.0,3.0,2.0,1.0,1,1,0,0,0,0,0,0,0,0,0,0,0,0,1,0,1,0,0,0,0,0,0,0,0,0,0,0,1,0,0,,,kc2,traditional_file
0,record_257,record_257,.,,Unknown,4.0,1.0,1.0,1.0,5.0,11.61,0.67,1.5,7.74,17.41,0.0,0.97,2.0,0.0,0.0,0.0,3.0,2.0,3.0,2.0,1.0,1,1,0,0,0,0,0,0,0,0,0,0,0,0,1,0,1,0,0,0,0,0,0,0,0,0,0,0,1,0,0,,,kc2,traditional_file
0,record_258,record_258,.,,Unknown,5.0,1.0,1.0,1.0,5.0,11.61,0.67,1.5,7.74,17.41,0.0,0.97,2.0,0.0,0.0,0.0,3.0,2.0,3.0,2.0,1.0,1,1,0,0,0,0,0,0,0,0,0,0,0,0,1,0,1,0,0,0,0,0,0,0,0,0,0,0,1,0,0,,,kc2,traditional_file
0,record_259,record_259,.,,Unknown,7.0,1.0,1.0,1.0,8.0,22.46,0.5,2.0,11.23,44.92,0.01,2.5,4.0,0.0,1.0,0.0,4.0,3.0,5.0,3.0,1.0,1,1,0,0,0,0,0,0,0,0,0,0,0,0,1,0,1,0,0,0,0,0,0,0,0,0,0,0,1,0,0,,,kc2,traditional_file
0,record_260,record_260,.,,Unknown,7.0,4.0,1.0,1.0,33.0,128.93,0.19,5.33,24.17,687.61,0.04,38.2,5.0,0.0,0.0,0.0,6.0,9.0,17.0,16.0,7.0,1,1,0,0,0,0,0,0,0,0,0,0,0,0,1,0,1,0,0,0,0,0,0,0,0,0,0,0,1,0,0,,,kc2,traditional_file
0,record_261,record_261,.,,Unknown,138.0,20.0,18.0,15.0,444.0,2622.66,0.03,30.73,85.35,80587.17,0.87,4477.07,128.0,0.0,8.0,0.0,16.0,44.0,275.0,169.0,39.0,1,1,0,0,0,0,0,0,0,0,0,0,0,0,1,0,1,0,0,0,0,0,0,0,0,0,0,0,1,0,0,,,kc2,traditional_file
0,record_262,record_262,.,,Unknown,4.0,1.0,1.0,1.0,5.0,11.61,0.67,1.5,7.74,17.41,0.0,0.97,2.0,0.0,0.0,0.0,3.0,2.0,3.0,2.0,1.0,1,1,0,0,0,0,0,0,0,0,0,0,0,0,1,0,1,0,0,0,0,0,0,0,0,0,0,0,1,0,0,,,kc2,traditional_file
0,record_263,record_263,.,,Unknown,2.0,1.0,1.0,1.0,5.0,11.61,0.67,1.5,7.74,17.41,0.0,0.97,0.0,0.0,0.0,0.0,3.0,2.0,3.0,2.0,1.0,1,1,0,0,0,0,0,0,0,0,0,0,0,0,1,0,1,0,0,0,0,0,0,0,0,0,0,0,1,0,0,,,kc2,traditional_file
0,record_264,record_264,.,,Unknown,10.0,1.0,1.0,1.0,12.0,38.04,0.25,4.0,9.51,152.16,0.01,8.45,5.0,0.0,3.0,0.0,6.0,3.0,8.0,4.0,1.0,1,1,0,0,0,0,0,0,0,0,0,0,0,0,1,0,1,0,0,0,0,0,0,0,0,0,0,0,1,0,0,,,kc2,traditional_file
0,record_265,record_265,.,,Unknown,4.0,1.0,1.0,1.0,5.0,11.61,0.67,1.5,7.74,17.41,0.0,0.97,2.0,0.0,0.0,0.0,3.0,2.0,3.0,2.0,1.0,1,1,0,0,0,0,0,0,0,0,0,0,0,0,1,0,1,0,0,0,0,0,0,0,0,0,0,0,1,0,0,,,kc2,traditional_file
0,record_266,record_266,.,,Unknown,21.0,2.0,1.0,2.0,62.0,280.46,0.12,8.46,33.15,2373.13,0.09,131.84,16.0,0.0,3.0,0.0,10.0,13.0,40.0,22.0,3.0,1,1,0,0,0,0,0,0,0,0,0,0,0,0,1,0,1,0,0,0,0,0,0,0,0,0,0,0,1,0,0,,,kc2,traditional_file
0,record_267,record_267,.,,Unknown,4.0,1.0,1.0,1.0,5.0,11.61,0.67,1.5,7.74,17.41,0.0,0.97,2.0,0.0,0.0,0.0,3.0,2.0,3.0,2.0,1.0,1,1,0,0,0,0,0,0,0,0,0,0,0,0,1,0,1,0,0,0,0,0,0,0,0,0,0,0,1,0,0,,,kc2,traditional_file
0,record_268,record_268,.,,Unknown,4.0,1.0,1.0,1.0,5.0,11.61,0.67,1.5,7.74,17.41,0.0,0.97,2.0,0.0,0.0,0.0,3.0,2.0,3.0,2.0,1.0,1,1,0,0,0,0,0,0,0,0,0,0,0,0,1,0,1,0,0,0,0,0,0,0,0,0,0,0,1,0,0,,,kc2,traditional_file
0,record_269,record_269,.,,Unknown,7.0,4.0,1.0,1.0,33.0,128.93,0.19,5.33,24.17,687.61,0.04,38.2,5.0,0.0,0.0,0.0,6.0,9.0,17.0,16.0,7.0,1,1,0,0,0,0,0,0,0,0,0,0,0,0,1,0,1,0,0,0,0,0,0,0,0,0,0,0,1,0,0,,,kc2,traditional_file
0,record_270,record_270,.,,Unknown,20.0,2.0,1.0,2.0,32.0,130.8,0.16,6.19,21.14,809.32,0.04,44.96,16.0,0.0,1.0,0.0,9.0,8.0,21.0,11.0,3.0,1,1,0,0,0,0,0,0,0,0,0,0,0,0,1,0,1,0,0,0,0,0,0,0,0,0,0,0,1,0,0,,,kc2,traditional_file
0,record_271,record_271,.,,Unknown,4.0,1.0,1.0,1.0,5.0,11.61,0.67,1.5,7.74,17.41,0.0,0.97,2.0,0.0,0.0,0.0,3.0,2.0,3.0,2.0,1.0,1,1,0,0,0,0,0,0,0,0,0,0,0,0,1,0,1,0,0,0,0,0,0,0,0,0,0,0,1,0,0,,,kc2,traditional_file
0,record_272,record_272,.,,Unknown,5.0,1.0,1.0,1.0,5.0,11.61,0.5,2.0,5.8,23.22,0.0,1.29,2.0,1.0,0.0,0.0,4.0,1.0,4.0,1.0,1.0,1,1,0,0,0,0,0,0,0,0,0,0,0,0,1,0,1,0,0,0,0,0,0,0,0,0,0,0,1,0,0,,,kc2,traditional_file
0,record_273,record_273,.,,Unknown,33.0,4.0,3.0,4.0,84.0,408.07,0.11,8.86,46.05,3615.96,0.14,200.89,24.0,3.0,3.0,1.0,11.0,18.0,55.0,29.0,7.0,1,1,0,0,0,0,0,0,0,0,0,0,0,0,1,0,1,0,0,0,0,0,0,0,0,0,0,0,1,0,0,,,kc2,traditional_file
0,record_274,record_274,.,,Unknown,4.0,1.0,1.0,1.0,5.0,11.61,0.5,2.0,5.8,23.22,0.0,1.29,2.0,0.0,0.0,0.0,4.0,1.0,4.0,1.0,1.0,1,1,0,0,0,0,0,0,0,0,0,0,0,0,1,0,1,0,0,0,0,0,0,0,0,0,0,0,1,0,0,,,kc2,traditional_file
0,record_275,record_275,.,,Unknown,94.0,12.0,5.0,7.0,250.0,1494.32,0.04,23.32,64.08,34844.83,0.5,1935.82,69.0,9.0,12.0,2.0,19.0,44.0,142.0,108.0,23.0,1,1,0,0,0,0,0,0,0,0,0,0,0,0,1,0,1,0,0,0,0,0,0,0,0,0,0,0,1,0,0,,,kc2,traditional_file
0,record_276,record_276,.,,Unknown,5.0,1.0,1.0,1.0,5.0,11.61,0.5,2.0,5.8,23.22,0.0,1.29,2.0,1.0,0.0,0.0,4.0,1.0,4.0,1.0,1.0,1,1,0,0,0,0,0,0,0,0,0,0,0,0,1,0,1,0,0,0,0,0,0,0,0,0,0,0,1,0,0,,,kc2,traditional_file
0,record_277,record_277,.,,Unknown,8.0,1.0,1.0,1.0,8.0,22.46,0.5,2.0,11.23,44.92,0.01,2.5,3.0,0.0,2.0,0.0,4.0,3.0,5.0,3.0,1.0,1,1,0,0,0,0,0,0,0,0,0,0,0,0,1,0,1,0,0,0,0,0,0,0,0,0,0,0,1,0,0,,,kc2,traditional_file
0,record_278,record_278,.,,Unknown,12.0,2.0,1.0,2.0,15.0,53.77,0.33,3.0,17.92,161.32,0.02,8.96,6.0,3.0,1.0,0.0,6.0,6.0,9.0,6.0,3.0,1,1,0,0,0,0,0,0,0,0,0,0,0,0,1,0,1,0,0,0,0,0,0,0,0,0,0,0,1,0,0,,,kc2,traditional_file
0,record_279,record_279,.,,Unknown,12.0,2.0,1.0,2.0,15.0,45.0,0.17,6.0,7.5,270.0,0.02,15.0,8.0,1.0,0.0,0.0,6.0,2.0,11.0,4.0,3.0,1,1,0,0,0,0,0,0,0,0,0,0,0,0,1,0,1,0,0,0,0,0,0,0,0,0,0,0,1,0,0,,,kc2,traditional_file
0,record_280,record_280,.,,Unknown,5.0,1.0,1.0,1.0,8.0,24.0,0.33,3.0,8.0,72.0,0.01,4.0,2.0,0.0,0.0,0.0,6.0,2.0,6.0,2.0,1.0,1,1,0,0,0,0,0,0,0,0,0,0,0,0,1,0,1,0,0,0,0,0,0,0,0,0,0,0,1,0,0,,,kc2,traditional_file
0,record_281,record_281,.,,Unknown,5.0,1.0,1.0,1.0,5.0,11.61,0.0,0.0,0.0,0.0,0.0,0.0,2.0,0.0,0.0,0.0,5.0,0.0,5.0,0.0,1.0,1,1,0,0,0,0,0,0,0,0,0,0,0,0,1,0,1,0,0,0,0,0,0,0,0,0,0,0,1,0,0,,,kc2,traditional_file
0,record_282,record_282,.,,Unknown,51.0,6.0,1.0,5.0,125.0,635.93,0.05,20.44,31.11,13001.29,0.21,722.29,35.0,2.0,11.0,0.0,16.0,18.0,79.0,46.0,11.0,1,1,0,0,0,0,0,0,0,0,0,0,0,0,1,0,1,0,0,0,0,0,0,0,0,0,0,0,1,0,0,,,kc2,traditional_file
0,record_283,record_283,.,,Unknown,10.0,2.0,1.0,1.0,28.0,114.45,0.19,5.33,21.46,610.39,0.04,33.91,6.0,0.0,2.0,0.0,8.0,9.0,16.0,12.0,3.0,1,1,0,0,0,0,0,0,0,0,0,0,0,0,1,0,1,0,0,0,0,0,0,0,0,0,0,0,1,0,0,,,kc2,traditional_file
0,record_284,record_284,.,,Unknown,88.0,8.0,4.0,6.0,244.0,1416.99,0.07,15.27,92.81,21633.88,0.47,1201.88,67.0,3.0,11.0,0.0,13.0,43.0,143.0,101.0,15.0,1,1,0,0,0,0,0,0,0,0,0,0,0,0,1,0,1,0,0,0,0,0,0,0,0,0,0,0,1,0,0,,,kc2,traditional_file
0,record_285,record_285,.,,Unknown,47.0,7.0,6.0,6.0,165.0,931.24,0.04,24.7,37.7,23004.98,0.31,1278.05,48.0,3.0,6.0,1.0,21.0,20.0,77.0,36.0,15.0,1,1,0,0,0,0,0,0,0,0,0,0,0,0,1,0,1,0,0,0,0,0,0,0,0,0,0,0,1,0,0,,,kc2,traditional_file
0,record_286,record_286,.,,Unknown,44.0,6.0,6.0,6.0,124.0,668.65,0.05,22.0,30.39,14710.24,0.22,817.24,35.0,1.0,5.0,0.0,21.0,21.0,80.0,44.0,11.0,1,1,0,0,0,0,0,0,0,0,0,0,0,0,1,0,1,0,0,0,0,0,0,0,0,0,0,0,1,0,0,,,kc2,traditional_file
0,record_287,record_287,.,,Unknown,41.0,7.0,1.0,6.0,93.0,473.13,0.06,18.0,26.29,8516.41,0.16,473.13,33.0,2.0,3.0,1.0,18.0,16.0,61.0,32.0,13.0,1,1,0,0,0,0,0,0,0,0,0,0,0,0,1,0,1,0,0,0,0,0,0,0,0,0,0,0,1,0,0,,,kc2,traditional_file
0,record_288,record_288,.,,Unknown,21.0,3.0,3.0,2.0,42.0,187.3,0.07,15.0,12.49,2809.44,0.06,156.08,16.0,0.0,3.0,0.0,15.0,7.0,28.0,14.0,5.0,1,1,0,0,0,0,0,0,0,0,0,0,0,0,1,0,1,0,0,0,0,0,0,0,0,0,0,0,1,0,0,,,kc2,traditional_file
0,record_289,record_289,.,,Unknown,6.0,2.0,1.0,1.0,46.0,216.22,0.2,4.89,44.23,1057.08,0.07,58.73,10.0,0.0,2.0,0.0,6.0,9.0,10.0,9.0,3.0,1,1,0,0,0,0,0,0,0,0,0,0,0,0,1,0,1,0,0,0,0,0,0,0,0,0,0,0,1,0,0,,,kc2,traditional_file
0,record_290,record_290,.,,Unknown,4.0,1.0,1.0,1.0,9.0,25.27,0.0,0.0,0.0,0.0,0.01,0.0,2.0,0.0,0.0,0.0,7.0,0.0,9.0,0.0,1.0,1,1,0,0,0,0,0,0,0,0,0,0,0,0,1,0,1,0,0,0,0,0,0,0,0,0,0,0,1,0,0,,,kc2,traditional_file
0,record_291,record_291,.,,Unknown,2.0,1.0,1.0,1.0,4.0,8.0,0.67,1.5,5.33,12.0,0.0,0.67,0.0,0.0,0.0,0.0,3.0,1.0,3.0,1.0,1.0,1,1,0,0,0,0,0,0,0,0,0,0,0,0,1,0,1,0,0,0,0,0,0,0,0,0,0,0,1,0,0,,,kc2,traditional_file
0,record_292,record_292,.,,Unknown,4.0,1.0,1.0,1.0,6.0,15.51,0.5,2.0,7.75,31.02,0.01,1.72,2.0,0.0,0.0,0.0,4.0,2.0,4.0,2.0,1.0,1,1,0,0,0,0,0,0,0,0,0,0,0,0,1,0,1,0,0,0,0,0,0,0,0,0,0,0,1,0,0,,,kc2,traditional_file
0,record_293,record_293,.,,Unknown,4.0,1.0,1.0,1.0,4.0,8.0,0.67,1.5,5.33,12.0,0.0,0.67,2.0,0.0,0.0,0.0,3.0,1.0,3.0,1.0,1.0,1,1,0,0,0,0,0,0,0,0,0,0,0,0,1,0,1,0,0,0,0,0,0,0,0,0,0,0,1,0,0,,,kc2,traditional_file
0,record_294,record_294,.,,Unknown,4.0,1.0,1.0,1.0,4.0,8.0,0.67,1.5,5.33,12.0,0.0,0.67,2.0,0.0,0.0,0.0,3.0,1.0,3.0,1.0,1.0,1,1,0,0,0,0,0,0,0,0,0,0,0,0,1,0,1,0,0,0,0,0,0,0,0,0,0,0,1,0,0,,,kc2,traditional_file
0,record_295,record_295,.,,Unknown,4.0,1.0,1.0,1.0,4.0,8.0,0.67,1.5,5.33,12.0,0.0,0.67,2.0,0.0,0.0,0.0,3.0,1.0,3.0,1.0,1.0,1,1,0,0,0,0,0,0,0,0,0,0,0,0,1,0,1,0,0,0,0,0,0,0,0,0,0,0,1,0,0,,,kc2,traditional_file
0,record_296,record_296,.,,Unknown,10.0,5.0,1.0,1.0,33.0,118.3,0.14,7.0,16.9,828.13,0.04,46.01,6.0,0.0,1.0,0.0,7.0,5.0,23.0,10.0,9.0,1,1,0,0,0,0,0,0,0,0,0,0,0,0,1,0,1,0,0,0,0,0,0,0,0,0,0,0,1,0,0,,,kc2,traditional_file
0,record_297,record_297,.,,Unknown,20.0,2.0,1.0,2.0,54.0,244.27,0.12,8.08,30.24,1972.97,0.08,109.61,15.0,0.0,2.0,0.0,10.0,13.0,33.0,21.0,3.0,1,1,0,0,0,0,0,0,0,0,0,0,0,0,1,0,1,0,0,0,0,0,0,0,0,0,0,0,1,0,0,,,kc2,traditional_file
0,record_298,record_298,.,,Unknown,241.0,20.0,4.0,20.0,619.0,4008.48,0.02,54.62,73.38,218954.95,1.34,12164.16,161.0,43.0,34.0,0.0,28.0,61.0,381.0,238.0,39.0,1,1,0,0,0,0,0,0,0,0,0,0,0,0,1,0,1,0,0,0,0,0,0,0,0,0,0,0,1,0,0,,,kc2,traditional_file
0,record_299,record_299,.,,Unknown,2.0,1.0,1.0,1.0,5.0,11.61,0.67,1.5,7.74,17.41,0.0,0.97,0.0,0.0,0.0,0.0,3.0,2.0,3.0,2.0,1.0,1,1,0,0,0,0,0,0,0,0,0,0,0,0,1,0,1,0,0,0,0,0,0,0,0,0,0,0,1,0,0,,,kc2,traditional_file
0,record_300,record_300,.,,Unknown,66.0,13.0,3.0,7.0,161.0,868.16,0.04,23.96,36.24,20798.17,0.29,1155.45,52.0,4.0,7.0,1.0,19.0,23.0,103.0,58.0,25.0,1,1,0,0,0,0,0,0,0,0,0,0,0,0,1,0,1,0,0,0,0,0,0,0,0,0,0,0,1,0,0,,,kc2,traditional_file
0,record_301,record_301,.,,Unknown,4.0,1.0,1.0,1.0,7.0,19.65,0.5,2.0,9.83,39.3,0.01,2.18,2.0,0.0,0.0,0.0,4.0,3.0,4.0,3.0,1.0,1,1,0,0,0,0,0,0,0,0,0,0,0,0,1,0,1,0,0,0,0,0,0,0,0,0,0,0,1,0,0,,,kc2,traditional_file
0,record_302,record_302,.,,Unknown,4.0,1.0,1.0,1.0,5.0,11.61,0.67,1.5,7.74,17.41,0.0,0.97,2.0,0.0,0.0,0.0,3.0,2.0,3.0,2.0,1.0,1,1,0,0,0,0,0,0,0,0,0,0,0,0,1,0,1,0,0,0,0,0,0,0,0,0,0,0,1,0,0,,,kc2,traditional_file
0,record_303,record_303,.,,Unknown,10.0,2.0,1.0,1.0,24.0,96.0,0.2,5.0,19.2,480.0,0.03,26.67,6.0,0.0,2.0,0.0,8.0,8.0,14.0,10.0,3.0,1,1,0,0,0,0,0,0,0,0,0,0,0,0,1,0,1,0,0,0,0,0,0,0,0,0,0,0,1,0,0,,,kc2,traditional_file
0,record_304,record_304,.,,Unknown,11.0,1.0,1.0,1.0,13.0,36.5,0.4,2.5,14.6,91.24,0.01,5.07,4.0,3.0,2.0,0.0,5.0,2.0,11.0,2.0,1.0,1,1,0,0,0,0,0,0,0,0,0,0,0,0,1,0,1,0,0,0,0,0,0,0,0,0,0,0,1,0,0,,,kc2,traditional_file
0,record_305,record_305,.,,Unknown,12.0,2.0,1.0,2.0,18.0,64.53,0.17,6.0,10.75,387.18,0.02,21.51,8.0,0.0,1.0,0.0,8.0,4.0,12.0,6.0,3.0,1,1,0,0,0,0,0,0,0,0,0,0,0,0,1,0,1,0,0,0,0,0,0,0,0,0,0,0,1,0,0,,,kc2,traditional_file
0,record_306,record_306,.,,Unknown,144.0,14.0,7.0,11.0,322.0,1960.16,0.03,34.01,57.63,66668.34,0.65,3703.8,106.0,29.0,7.0,0.0,25.0,43.0,205.0,117.0,27.0,1,1,0,0,0,0,0,0,0,0,0,0,0,0,1,0,1,0,0,0,0,0,0,0,0,0,0,0,1,0,0,,,kc2,traditional_file
0,record_307,record_307,.,,Unknown,11.0,2.0,1.0,2.0,19.0,68.11,0.14,7.0,9.73,476.8,0.02,26.49,8.0,0.0,1.0,0.0,8.0,4.0,12.0,7.0,3.0,1,1,0,0,0,0,0,0,0,0,0,0,0,0,1,0,1,0,0,0,0,0,0,0,0,0,0,0,1,0,0,,,kc2,traditional_file
0,record_308,record_308,.,,Unknown,22.0,3.0,1.0,3.0,50.0,219.62,0.14,7.13,30.82,1564.76,0.07,86.93,16.0,2.0,2.0,0.0,9.0,12.0,31.0,19.0,5.0,1,1,0,0,0,0,0,0,0,0,0,0,0,0,1,0,1,0,0,0,0,0,0,0,0,0,0,0,1,0,0,,,kc2,traditional_file
0,record_309,record_309,.,,Unknown,11.0,2.0,1.0,2.0,17.0,60.94,0.17,6.0,10.16,365.67,0.02,20.31,8.0,0.0,1.0,0.0,8.0,4.0,11.0,6.0,3.0,1,1,0,0,0,0,0,0,0,0,0,0,0,0,1,0,1,0,0,0,0,0,0,0,0,0,0,0,1,0,0,,,kc2,traditional_file
0,record_310,record_310,.,,Unknown,10.0,2.0,1.0,1.0,17.0,58.81,0.16,6.13,9.6,360.21,0.02,20.01,8.0,0.0,0.0,0.0,7.0,4.0,10.0,7.0,3.0,1,1,0,0,0,0,0,0,0,0,0,0,0,0,1,0,1,0,0,0,0,0,0,0,0,0,0,0,1,0,0,,,kc2,traditional_file
0,record_311,record_311,.,,Unknown,30.0,2.0,1.0,2.0,63.0,292.56,0.1,9.82,29.79,2873.39,0.1,159.63,19.0,1.0,8.0,0.0,11.0,14.0,38.0,25.0,3.0,1,1,0,0,0,0,0,0,0,0,0,0,0,0,1,0,1,0,0,0,0,0,0,0,0,0,0,0,1,0,0,,,kc2,traditional_file
0,record_312,record_312,.,,Unknown,43.0,4.0,3.0,4.0,93.0,437.14,0.09,11.56,37.81,5054.44,0.15,280.8,30.0,1.0,9.0,1.0,10.0,16.0,56.0,37.0,7.0,1,1,0,0,0,0,0,0,0,0,0,0,0,0,1,0,1,0,0,0,0,0,0,0,0,0,0,0,1,0,0,,,kc2,traditional_file
0,record_313,record_313,.,,Unknown,83.0,7.0,1.0,6.0,223.0,1161.71,0.04,26.78,43.38,31113.57,0.39,1728.53,66.0,1.0,12.0,0.0,14.0,23.0,135.0,88.0,13.0,1,1,0,0,0,0,0,0,0,0,0,0,0,0,1,0,1,0,0,0,0,0,0,0,0,0,0,0,1,0,0,,,kc2,traditional_file
0,record_314,record_314,.,,Unknown,4.0,1.0,1.0,1.0,5.0,11.61,0.5,2.0,5.8,23.22,0.0,1.29,2.0,0.0,0.0,0.0,4.0,1.0,4.0,1.0,1.0,1,1,0,0,0,0,0,0,0,0,0,0,0,0,1,0,1,0,0,0,0,0,0,0,0,0,0,0,1,0,0,,,kc2,traditional_file
0,record_315,record_315,.,,Unknown,106.0,12.0,7.0,8.0,261.0,1457.68,0.05,21.41,68.08,31211.4,0.49,1733.97,81.0,5.0,15.0,1.0,14.0,34.0,157.0,104.0,23.0,1,1,0,0,0,0,0,0,0,0,0,0,0,0,1,0,1,0,0,0,0,0,0,0,0,0,0,0,1,0,0,,,kc2,traditional_file
0,record_316,record_316,.,,Unknown,3.0,1.0,1.0,1.0,1.0,0.0,0.0,0.0,0.0,0.0,0.0,0.0,1.0,0.0,0.0,0.0,1.0,0.0,1.0,0.0,1.0,1,1,0,0,0,0,0,0,0,0,0,0,0,0,1,0,1,0,0,0,0,0,0,0,0,0,0,0,1,0,0,,,kc2,traditional_file
0,record_317,record_317,.,,Unknown,11.0,2.0,1.0,2.0,19.0,70.31,0.18,5.6,12.56,393.73,0.02,21.87,8.0,0.0,1.0,0.0,8.0,5.0,12.0,7.0,3.0,1,1,0,0,0,0,0,0,0,0,0,0,0,0,1,0,1,0,0,0,0,0,0,0,0,0,0,0,1,0,0,,,kc2,traditional_file
0,record_318,record_318,.,,Unknown,11.0,2.0,1.0,2.0,19.0,68.11,0.14,7.0,9.73,476.8,0.02,26.49,8.0,0.0,1.0,0.0,8.0,4.0,12.0,7.0,3.0,1,1,0,0,0,0,0,0,0,0,0,0,0,0,1,0,1,0,0,0,0,0,0,0,0,0,0,0,1,0,0,,,kc2,traditional_file
0,record_319,record_319,.,,Unknown,4.0,1.0,1.0,1.0,2.0,2.0,2.0,0.5,4.0,1.0,0.0,0.06,2.0,0.0,0.0,0.0,1.0,1.0,1.0,1.0,1.0,1,1,0,0,0,0,0,0,0,0,0,0,0,0,1,0,1,0,0,0,0,0,0,0,0,0,0,0,1,0,0,,,kc2,traditional_file
0,record_320,record_320,.,,Unknown,6.0,1.0,1.0,1.0,4.0,8.0,0.67,1.5,5.33,12.0,0.0,0.67,2.0,0.0,2.0,0.0,3.0,1.0,3.0,1.0,1.0,1,1,0,0,0,0,0,0,0,0,0,0,0,0,1,0,1,0,0,0,0,0,0,0,0,0,0,0,1,0,0,,,kc2,traditional_file
0,record_321,record_321,.,,Unknown,18.0,2.0,1.0,2.0,41.0,167.59,0.13,7.88,21.28,1319.74,0.06,73.32,12.0,0.0,2.0,0.0,9.0,8.0,27.0,14.0,3.0,1,1,0,0,0,0,0,0,0,0,0,0,0,0,1,0,1,0,0,0,0,0,0,0,0,0,0,0,1,0,0,,,kc2,traditional_file
0,record_322,record_322,.,,Unknown,20.0,3.0,3.0,3.0,18.0,66.61,0.18,5.6,11.89,373.0,0.02,20.72,5.0,0.0,0.0,0.0,11.0,8.0,23.0,15.0,5.0,1,1,0,0,0,0,0,0,0,0,0,0,0,0,1,0,1,0,0,0,0,0,0,0,0,0,0,0,1,0,0,,,kc2,traditional_file
0,record_323,record_323,.,,Unknown,7.0,3.0,1.0,1.0,38.0,161.42,0.1,10.31,15.65,1664.66,0.05,92.48,14.0,0.0,1.0,0.0,8.0,5.0,11.0,7.0,5.0,1,1,0,0,0,0,0,0,0,0,0,0,0,0,1,0,1,0,0,0,0,0,0,0,0,0,0,0,1,0,0,,,kc2,traditional_file
0,record_324,record_324,.,,Unknown,100.0,9.0,1.0,8.0,239.0,1411.75,0.05,22.01,64.12,31075.65,0.47,1726.42,73.0,5.0,17.0,0.0,19.0,41.0,144.0,95.0,17.0,1,1,0,0,0,0,0,0,0,0,0,0,0,0,1,0,1,0,0,0,0,0,0,0,0,0,0,0,1,0,0,,,kc2,traditional_file
0,record_325,record_325,.,,Unknown,28.0,2.0,1.0,2.0,60.0,278.63,0.12,8.33,33.44,2321.93,0.09,129.0,21.0,0.0,5.0,0.0,10.0,15.0,35.0,25.0,3.0,1,1,0,0,0,0,0,0,0,0,0,0,0,0,1,0,1,0,0,0,0,0,0,0,0,0,0,0,1,0,0,,,kc2,traditional_file
0,record_326,record_326,.,,Unknown,10.0,2.0,1.0,2.0,18.0,64.53,0.14,7.0,9.22,451.71,0.02,25.09,8.0,0.0,0.0,0.0,8.0,4.0,11.0,7.0,3.0,1,1,0,0,0,0,0,0,0,0,0,0,0,0,1,0,1,0,0,0,0,0,0,0,0,0,0,0,1,0,0,,,kc2,traditional_file
0,record_327,record_327,.,,Unknown,30.0,5.0,3.0,4.0,86.0,421.99,0.08,12.67,33.32,5345.24,0.14,296.96,20.0,3.0,5.0,0.0,12.0,18.0,48.0,38.0,9.0,1,1,0,0,0,0,0,0,0,0,0,0,0,0,1,0,1,0,0,0,0,0,0,0,0,0,0,0,1,0,0,,,kc2,traditional_file
0,record_328,record_328,.,,Unknown,20.0,4.0,3.0,3.0,40.0,178.38,0.07,15.0,11.89,2675.66,0.06,148.65,16.0,0.0,2.0,0.0,15.0,7.0,26.0,14.0,7.0,1,1,0,0,0,0,0,0,0,0,0,0,0,0,1,0,1,0,0,0,0,0,0,0,0,0,0,0,1,0,0,,,kc2,traditional_file
0,record_329,record_329,.,,Unknown,23.0,3.0,1.0,3.0,51.0,239.72,0.1,10.0,23.97,2397.22,0.08,133.18,18.0,0.0,3.0,0.0,13.0,13.0,31.0,20.0,5.0,1,1,0,0,0,0,0,0,0,0,0,0,0,0,1,0,1,0,0,0,0,0,0,0,0,0,0,0,1,0,0,,,kc2,traditional_file
0,record_330,record_330,.,,Unknown,12.0,2.0,1.0,2.0,20.0,76.15,0.12,8.1,9.4,616.79,0.03,34.27,7.0,0.0,3.0,0.0,9.0,5.0,11.0,9.0,3.0,1,1,0,0,0,0,0,0,0,0,0,0,0,0,1,0,1,0,0,0,0,0,0,0,0,0,0,0,1,0,0,,,kc2,traditional_file
0,record_331,record_331,.,,Unknown,20.0,3.0,1.0,2.0,46.0,208.08,0.13,7.79,26.71,1621.32,0.07,90.07,15.0,0.0,3.0,0.0,11.0,12.0,29.0,17.0,5.0,1,1,0,0,0,0,0,0,0,0,0,0,0,0,1,0,1,0,0,0,0,0,0,0,0,0,0,0,1,0,0,,,kc2,traditional_file
0,record_332,record_332,.,,Unknown,28.0,2.0,1.0,2.0,59.0,263.11,0.1,10.0,26.31,2631.06,0.09,146.17,18.0,0.0,6.0,0.0,10.0,12.0,35.0,24.0,3.0,1,1,0,0,0,0,0,0,0,0,0,0,0,0,1,0,1,0,0,0,0,0,0,0,0,0,0,0,1,0,0,,,kc2,traditional_file
0,record_333,record_333,.,,Unknown,28.0,2.0,1.0,2.0,59.0,263.11,0.1,10.0,26.31,2631.06,0.09,146.17,18.0,0.0,6.0,0.0,10.0,12.0,35.0,24.0,3.0,1,1,0,0,0,0,0,0,0,0,0,0,0,0,1,0,1,0,0,0,0,0,0,0,0,0,0,0,1,0,0,,,kc2,traditional_file
0,record_334,record_334,.,,Unknown,3.0,1.0,1.0,1.0,1.0,0.0,0.0,0.0,0.0,0.0,0.0,0.0,1.0,0.0,0.0,0.0,1.0,0.0,1.0,0.0,1.0,1,1,0,0,0,0,0,0,0,0,0,0,0,0,1,0,1,0,0,0,0,0,0,0,0,0,0,0,1,0,0,,,kc2,traditional_file
0,record_335,record_335,.,,Unknown,78.0,5.0,1.0,5.0,172.0,860.0,0.05,19.8,43.43,17028.0,0.29,946.0,52.0,6.0,17.0,1.0,12.0,20.0,106.0,66.0,9.0,1,1,0,0,0,0,0,0,0,0,0,0,0,0,1,0,1,0,0,0,0,0,0,0,0,0,0,0,1,0,0,,,kc2,traditional_file
0,record_336,record_336,.,,Unknown,14.0,2.0,1.0,2.0,22.0,88.0,0.17,5.79,15.21,509.14,0.03,28.29,8.0,0.0,1.0,0.0,9.0,7.0,13.0,9.0,3.0,1,1,0,0,0,0,0,0,0,0,0,0,0,0,1,0,1,0,0,0,0,0,0,0,0,0,0,0,1,0,0,,,kc2,traditional_file
0,record_337,record_337,.,,Unknown,10.0,2.0,1.0,2.0,18.0,64.53,0.14,7.0,9.22,451.71,0.02,25.09,8.0,0.0,0.0,0.0,8.0,4.0,11.0,7.0,3.0,1,1,0,0,0,0,0,0,0,0,0,0,0,0,1,0,1,0,0,0,0,0,0,0,0,0,0,0,1,0,0,,,kc2,traditional_file
0,record_338,record_338,.,,Unknown,8.0,1.0,1.0,1.0,10.0,31.7,0.5,2.0,15.85,63.4,0.01,3.52,3.0,0.0,0.0,1.0,4.0,5.0,5.0,5.0,1.0,1,1,0,0,0,0,0,0,0,0,0,0,0,0,1,0,1,0,0,0,0,0,0,0,0,0,0,0,1,0,0,,,kc2,traditional_file
0,record_339,record_339,.,,Unknown,29.0,3.0,1.0,3.0,72.0,334.36,0.09,10.61,31.52,3546.58,0.11,197.03,22.0,1.0,3.0,0.0,11.0,14.0,45.0,27.0,5.0,1,1,0,0,0,0,0,0,0,0,0,0,0,0,1,0,1,0,0,0,0,0,0,0,0,0,0,0,1,0,0,,,kc2,traditional_file
0,record_340,record_340,.,,Unknown,3.0,1.0,1.0,1.0,1.0,0.0,0.0,0.0,0.0,0.0,0.0,0.0,1.0,0.0,0.0,0.0,1.0,0.0,1.0,0.0,1.0,1,1,0,0,0,0,0,0,0,0,0,0,0,0,1,0,1,0,0,0,0,0,0,0,0,0,0,0,1,0,0,,,kc2,traditional_file
0,record_341,record_341,.,,Unknown,21.0,2.0,1.0,2.0,34.0,141.78,0.15,6.87,20.62,974.72,0.05,54.15,16.0,1.0,1.0,0.0,10.0,8.0,23.0,11.0,3.0,1,1,0,0,0,0,0,0,0,0,0,0,0,0,1,0,1,0,0,0,0,0,0,0,0,0,0,0,1,0,0,,,kc2,traditional_file
0,record_342,record_342,.,,Unknown,13.0,2.0,1.0,2.0,18.0,64.53,0.17,6.0,10.75,387.18,0.02,21.51,8.0,1.0,2.0,0.0,8.0,4.0,12.0,6.0,3.0,1,1,0,0,0,0,0,0,0,0,0,0,0,0,1,0,1,0,0,0,0,0,0,0,0,0,0,0,1,0,0,,,kc2,traditional_file
0,record_343,record_343,.,,Unknown,43.0,5.0,1.0,4.0,101.0,513.83,0.06,15.79,32.54,8113.16,0.17,450.73,30.0,3.0,7.0,0.0,15.0,19.0,61.0,40.0,9.0,1,1,0,0,0,0,0,0,0,0,0,0,0,0,1,0,1,0,0,0,0,0,0,0,0,0,0,0,1,0,0,,,kc2,traditional_file
0,record_344,record_344,.,,Unknown,12.0,2.0,1.0,2.0,15.0,51.89,0.23,4.38,11.86,227.03,0.02,12.61,7.0,1.0,2.0,0.0,7.0,4.0,10.0,5.0,3.0,1,1,0,0,0,0,0,0,0,0,0,0,0,0,1,0,1,0,0,0,0,0,0,0,0,0,0,0,1,0,0,,,kc2,traditional_file
0,record_345,record_345,.,,Unknown,18.0,5.0,1.0,2.0,54.0,233.38,0.07,13.44,17.36,3137.72,0.08,174.32,12.0,1.0,3.0,0.0,11.0,9.0,32.0,22.0,9.0,1,1,0,0,0,0,0,0,0,0,0,0,0,0,1,0,1,0,0,0,0,0,0,0,0,0,0,0,1,0,0,,,kc2,traditional_file
0,record_346,record_346,.,,Unknown,4.0,1.0,1.0,1.0,1.0,0.0,0.0,0.0,0.0,0.0,0.0,0.0,1.0,0.0,0.0,0.0,1.0,0.0,1.0,0.0,1.0,1,1,0,0,0,0,0,0,0,0,0,0,0,0,1,0,1,0,0,0,0,0,0,0,0,0,0,0,1,0,0,,,kc2,traditional_file
0,record_347,record_347,.,,Unknown,3.0,1.0,1.0,1.0,1.0,0.0,0.0,0.0,0.0,0.0,0.0,0.0,1.0,0.0,0.0,0.0,1.0,0.0,1.0,0.0,1.0,1,1,0,0,0,0,0,0,0,0,0,0,0,0,1,0,1,0,0,0,0,0,0,0,0,0,0,0,1,0,0,,,kc2,traditional_file
0,record_348,record_348,.,,Unknown,7.0,1.0,1.0,1.0,6.0,15.51,0.4,2.5,6.2,38.77,0.01,2.15,3.0,0.0,1.0,0.0,5.0,1.0,5.0,1.0,1.0,1,1,0,0,0,0,0,0,0,0,0,0,0,0,1,0,1,0,0,0,0,0,0,0,0,0,0,0,1,0,0,,,kc2,traditional_file
0,record_349,record_349,.,,Unknown,33.0,6.0,1.0,2.0,83.0,390.14,0.08,12.83,30.4,5006.75,0.13,278.15,18.0,3.0,9.0,0.0,11.0,15.0,48.0,35.0,11.0,1,1,0,0,0,0,0,0,0,0,0,0,0,0,1,0,1,0,0,0,0,0,0,0,0,0,0,0,1,0,0,,,kc2,traditional_file
0,record_350,record_350,.,,Unknown,43.0,3.0,1.0,3.0,72.0,346.13,0.06,16.67,20.77,5768.83,0.12,320.49,29.0,4.0,6.0,0.0,16.0,12.0,47.0,25.0,5.0,1,1,0,0,0,0,0,0,0,0,0,0,0,0,1,0,1,0,0,0,0,0,0,0,0,0,0,0,1,0,0,,,kc2,traditional_file
0,record_351,record_351,.,,Unknown,7.0,1.0,1.0,1.0,6.0,15.51,0.4,2.5,6.2,38.77,0.01,2.15,3.0,0.0,1.0,0.0,5.0,1.0,5.0,1.0,1.0,1,1,0,0,0,0,0,0,0,0,0,0,0,0,1,0,1,0,0,0,0,0,0,0,0,0,0,0,1,0,0,,,kc2,traditional_file
0,record_352,record_352,.,,Unknown,52.0,4.0,1.0,3.0,99.0,515.74,0.06,17.05,30.24,8794.65,0.17,488.59,37.0,5.0,6.0,0.0,18.0,19.0,63.0,36.0,7.0,1,1,0,0,0,0,0,0,0,0,0,0,0,0,1,0,1,0,0,0,0,0,0,0,0,0,0,0,1,0,0,,,kc2,traditional_file
0,record_353,record_353,.,,Unknown,48.0,3.0,1.0,3.0,84.0,408.07,0.06,17.85,22.87,7282.49,0.14,404.58,34.0,5.0,5.0,0.0,16.0,13.0,55.0,29.0,5.0,1,1,0,0,0,0,0,0,0,0,0,0,0,0,1,0,1,0,0,0,0,0,0,0,0,0,0,0,1,0,0,,,kc2,traditional_file
0,record_354,record_354,.,,Unknown,47.0,3.0,1.0,3.0,80.0,388.64,0.06,17.23,22.55,6696.54,0.13,372.03,33.0,5.0,5.0,0.0,16.0,13.0,52.0,28.0,5.0,1,1,0,0,0,0,0,0,0,0,0,0,0,0,1,0,1,0,0,0,0,0,0,0,0,0,0,0,1,0,0,,,kc2,traditional_file
0,record_355,record_355,.,,Unknown,30.0,5.0,1.0,4.0,58.0,278.83,0.13,7.88,35.41,2195.76,0.09,121.99,23.0,0.0,5.0,0.0,12.0,16.0,37.0,21.0,9.0,1,1,0,0,0,0,0,0,0,0,0,0,0,0,1,0,1,0,0,0,0,0,0,0,0,0,0,0,1,0,0,,,kc2,traditional_file
0,record_356,record_356,.,,Unknown,91.0,8.0,6.0,7.0,221.0,1247.29,0.04,26.97,46.25,33636.65,0.42,1868.7,74.0,0.0,15.0,0.0,19.0,31.0,133.0,88.0,15.0,1,1,0,0,0,0,0,0,0,0,0,0,0,0,1,0,1,0,0,0,0,0,0,0,0,0,0,0,1,0,0,,,kc2,traditional_file
0,record_357,record_357,.,,Unknown,70.0,6.0,1.0,4.0,175.0,955.4,0.05,20.0,47.77,19108.01,0.32,1061.56,52.0,3.0,9.0,1.0,16.0,28.0,105.0,70.0,11.0,1,1,0,0,0,0,0,0,0,0,0,0,0,0,1,0,1,0,0,0,0,0,0,0,0,0,0,0,1,0,0,,,kc2,traditional_file
0,record_358,record_358,.,,Unknown,28.0,5.0,1.0,2.0,78.0,386.43,0.09,11.56,33.44,4465.38,0.13,248.08,18.0,2.0,6.0,0.0,13.0,18.0,46.0,32.0,9.0,1,1,0,0,0,0,0,0,0,0,0,0,0,0,1,0,1,0,0,0,0,0,0,0,0,0,0,0,1,0,0,,,kc2,traditional_file
0,record_359,record_359,.,,Unknown,4.0,1.0,1.0,1.0,4.0,8.0,0.67,1.5,5.33,12.0,0.0,0.67,2.0,0.0,0.0,0.0,3.0,1.0,3.0,1.0,1.0,1,1,0,0,0,0,0,0,0,0,0,0,0,0,1,0,1,0,0,0,0,0,0,0,0,0,0,0,1,0,0,,,kc2,traditional_file
0,record_360,record_360,.,,Unknown,108.0,11.0,1.0,8.0,289.0,1655.37,0.04,23.09,71.69,38225.96,0.55,2123.66,85.0,0.0,20.0,0.0,15.0,38.0,172.0,117.0,21.0,1,1,0,0,0,0,0,0,0,0,0,0,0,0,1,0,1,0,0,0,0,0,0,0,0,0,0,0,1,0,0,,,kc2,traditional_file
0,record_361,record_361,.,,Unknown,4.0,2.0,1.0,1.0,13.0,44.97,0.4,2.5,17.99,112.43,0.01,6.25,2.0,0.0,0.0,0.0,5.0,6.0,7.0,6.0,3.0,1,1,0,0,0,0,0,0,0,0,0,0,0,0,1,0,1,0,0,0,0,0,0,0,0,0,0,0,1,0,0,,,kc2,traditional_file
0,record_362,record_362,.,,Unknown,5.0,1.0,1.0,1.0,5.0,11.61,0.67,1.5,7.74,17.41,0.0,0.97,2.0,0.0,0.0,1.0,3.0,2.0,3.0,2.0,1.0,1,1,0,0,0,0,0,0,0,0,0,0,0,0,1,0,1,0,0,0,0,0,0,0,0,0,0,0,1,0,0,,,kc2,traditional_file
0,record_363,record_363,.,,Unknown,174.0,29.0,7.0,14.0,466.0,2937.56,0.03,39.84,73.74,117030.36,0.98,6501.69,133.0,4.0,32.0,2.0,23.0,56.0,272.0,194.0,57.0,1,1,0,0,0,0,0,0,0,0,0,0,0,0,1,0,1,0,0,0,0,0,0,0,0,0,0,0,1,0,0,,,kc2,traditional_file
0,record_364,record_364,.,,Unknown,100.0,8.0,1.0,8.0,287.0,1585.26,0.05,21.86,72.51,34659.6,0.53,1925.53,82.0,2.0,13.0,0.0,13.0,33.0,176.0,111.0,15.0,1,1,0,0,0,0,0,0,0,0,0,0,0,0,1,0,1,0,0,0,0,0,0,0,0,0,0,0,1,0,0,,,kc2,traditional_file
0,record_365,record_365,.,,Unknown,64.0,5.0,1.0,5.0,189.0,1005.84,0.06,15.64,64.3,15734.28,0.34,874.13,50.0,0.0,7.0,0.0,12.0,28.0,116.0,73.0,9.0,1,1,0,0,0,0,0,0,0,0,0,0,0,0,1,0,1,0,0,0,0,0,0,0,0,0,0,0,1,0,0,,,kc2,traditional_file
0,record_366,record_366,.,,Unknown,55.0,13.0,1.0,13.0,100.0,504.44,0.09,10.73,47.03,5410.11,0.17,300.56,40.0,0.0,13.0,0.0,13.0,20.0,67.0,33.0,25.0,1,1,0,0,0,0,0,0,0,0,0,0,0,0,1,0,1,0,0,0,0,0,0,0,0,0,0,0,1,0,0,,,kc2,traditional_file
0,record_367,record_367,.,,Unknown,59.0,5.0,1.0,4.0,146.0,810.97,0.05,19.27,42.09,15624.69,0.27,868.04,51.0,1.0,5.0,0.0,17.0,30.0,78.0,68.0,9.0,1,1,0,0,0,0,0,0,0,0,0,0,0,0,1,0,1,0,0,0,0,0,0,0,0,0,0,0,1,0,0,,,kc2,traditional_file
0,record_368,record_368,.,,Unknown,71.0,11.0,1.0,6.0,171.0,897.4,0.04,24.36,36.83,21863.82,0.3,1214.66,58.0,0.0,11.0,0.0,16.0,22.0,104.0,67.0,21.0,1,1,0,0,0,0,0,0,0,0,0,0,0,0,1,0,1,0,0,0,0,0,0,0,0,0,0,0,1,0,0,,,kc2,traditional_file
0,record_369,record_369,.,,Unknown,30.0,6.0,1.0,3.0,63.0,276.72,0.13,8.0,34.59,2213.73,0.09,122.98,20.0,3.0,4.0,1.0,8.0,13.0,37.0,26.0,11.0,1,1,0,0,0,0,0,0,0,0,0,0,0,0,1,0,1,0,0,0,0,0,0,0,0,0,0,0,1,0,0,,,kc2,traditional_file
0,record_370,record_370,.,,Unknown,33.0,6.0,1.0,3.0,75.0,348.29,0.11,8.72,39.95,3036.65,0.12,168.7,24.0,0.0,7.0,0.0,9.0,16.0,44.0,31.0,11.0,1,1,0,0,0,0,0,0,0,0,0,0,0,0,1,0,1,0,0,0,0,0,0,0,0,0,0,0,1,0,0,,,kc2,traditional_file
0,record_371,record_371,.,,Unknown,49.0,4.0,1.0,2.0,77.0,394.95,0.07,14.63,27.01,5776.21,0.13,320.9,19.0,18.0,7.0,0.0,15.0,20.0,38.0,39.0,7.0,1,1,0,0,0,0,0,0,0,0,0,0,0,0,1,0,1,0,0,0,0,0,0,0,0,0,0,0,1,0,0,,,kc2,traditional_file
0,record_372,record_372,.,,Unknown,4.0,1.0,1.0,1.0,4.0,8.0,0.67,1.5,5.33,12.0,0.0,0.67,2.0,0.0,0.0,0.0,3.0,1.0,3.0,1.0,1.0,1,1,0,0,0,0,0,0,0,0,0,0,0,0,1,0,1,0,0,0,0,0,0,0,0,0,0,0,1,0,0,,,kc2,traditional_file
0,record_373,record_373,.,,Unknown,29.0,5.0,1.0,3.0,70.0,336.51,0.1,9.71,34.67,3266.17,0.11,181.45,22.0,0.0,5.0,0.0,11.0,17.0,40.0,30.0,9.0,1,1,0,0,0,0,0,0,0,0,0,0,0,0,1,0,1,0,0,0,0,0,0,0,0,0,0,0,1,0,0,,,kc2,traditional_file
0,record_374,record_374,.,,Unknown,50.0,3.0,1.0,3.0,124.0,614.32,0.06,15.89,38.66,9760.87,0.2,542.27,39.0,2.0,4.0,0.0,13.0,18.0,80.0,44.0,5.0,1,1,0,0,0,0,0,0,0,0,0,0,0,0,1,0,1,0,0,0,0,0,0,0,0,0,0,0,1,0,0,,,kc2,traditional_file
0,record_375,record_375,.,,Unknown,62.0,6.0,3.0,5.0,184.0,1022.04,0.06,16.88,60.57,17247.0,0.34,958.17,55.0,1.0,4.0,0.0,15.0,32.0,112.0,72.0,11.0,1,1,0,0,0,0,0,0,0,0,0,0,0,0,1,0,1,0,0,0,0,0,0,0,0,0,0,0,1,0,0,,,kc2,traditional_file
0,record_376,record_376,.,,Unknown,19.0,4.0,1.0,1.0,44.0,176.0,0.09,11.57,15.21,2036.57,0.06,113.14,15.0,0.0,1.0,0.0,9.0,7.0,26.0,18.0,7.0,1,1,0,0,0,0,0,0,0,0,0,0,0,0,1,0,1,0,0,0,0,0,0,0,0,0,0,0,1,0,0,,,kc2,traditional_file
0,record_377,record_377,.,,Unknown,33.0,2.0,1.0,2.0,53.0,249.12,0.14,7.33,33.97,1826.9,0.08,101.49,23.0,0.0,5.0,0.0,11.0,15.0,33.0,20.0,3.0,1,1,0,0,0,0,0,0,0,0,0,0,0,0,1,0,1,0,0,0,0,0,0,0,0,0,0,0,1,0,0,,,kc2,traditional_file
0,record_378,record_378,.,,Unknown,5.0,1.0,1.0,1.0,5.0,11.61,0.67,1.5,7.74,17.41,0.0,0.97,2.0,0.0,1.0,0.0,3.0,2.0,3.0,2.0,1.0,1,1,0,0,0,0,0,0,0,0,0,0,0,0,1,0,1,0,0,0,0,0,0,0,0,0,0,0,1,0,0,,,kc2,traditional_file
0,record_379,record_379,.,,Unknown,32.0,4.0,1.0,2.0,63.0,306.05,0.16,6.3,48.58,1928.13,0.1,107.12,21.0,2.0,6.0,1.0,9.0,20.0,35.0,28.0,7.0,1,1,0,0,0,0,0,0,0,0,0,0,0,0,1,0,1,0,0,0,0,0,0,0,0,0,0,0,1,0,0,,,kc2,traditional_file
0,record_380,record_380,.,,Unknown,4.0,1.0,1.0,1.0,4.0,8.0,0.67,1.5,5.33,12.0,0.0,0.67,2.0,0.0,0.0,0.0,3.0,1.0,3.0,1.0,1.0,1,1,0,0,0,0,0,0,0,0,0,0,0,0,1,0,1,0,0,0,0,0,0,0,0,0,0,0,1,0,0,,,kc2,traditional_file
0,record_381,record_381,.,,Unknown,7.0,1.0,1.0,1.0,13.0,36.5,0.2,5.0,7.3,182.48,0.01,10.14,5.0,0.0,0.0,0.0,5.0,2.0,9.0,4.0,1.0,1,1,0,0,0,0,0,0,0,0,0,0,0,0,1,0,1,0,0,0,0,0,0,0,0,0,0,0,1,0,0,,,kc2,traditional_file
0,record_382,record_382,.,,Unknown,7.0,1.0,1.0,1.0,13.0,36.5,0.2,5.0,7.3,182.48,0.01,10.14,4.0,0.0,0.0,1.0,5.0,2.0,9.0,4.0,1.0,1,1,0,0,0,0,0,0,0,0,0,0,0,0,1,0,1,0,0,0,0,0,0,0,0,0,0,0,1,0,0,,,kc2,traditional_file
0,record_383,record_383,.,,Unknown,7.0,1.0,1.0,1.0,13.0,36.5,0.2,5.0,7.3,182.48,0.01,10.14,5.0,0.0,0.0,0.0,5.0,2.0,9.0,4.0,1.0,1,1,0,0,0,0,0,0,0,0,0,0,0,0,1,0,1,0,0,0,0,0,0,0,0,0,0,0,1,0,0,,,kc2,traditional_file
0,record_384,record_384,.,,Unknown,6.0,1.0,1.0,1.0,11.0,33.0,0.22,4.5,7.33,148.5,0.01,8.25,4.0,0.0,0.0,0.0,6.0,2.0,8.0,3.0,1.0,1,1,0,0,0,0,0,0,0,0,0,0,0,0,1,0,1,0,0,0,0,0,0,0,0,0,0,0,1,0,0,,,kc2,traditional_file
0,record_385,record_385,.,,Unknown,4.0,1.0,1.0,1.0,4.0,8.0,0.67,1.5,5.33,12.0,0.0,0.67,2.0,0.0,0.0,0.0,3.0,1.0,3.0,1.0,1.0,1,1,0,0,0,0,0,0,0,0,0,0,0,0,1,0,1,0,0,0,0,0,0,0,0,0,0,0,1,0,0,,,kc2,traditional_file
0,record_386,record_386,.,,Unknown,8.0,1.0,1.0,1.0,13.0,43.19,0.27,3.75,11.52,161.94,0.01,9.0,6.0,0.0,0.0,0.0,6.0,4.0,8.0,5.0,1.0,1,1,0,0,0,0,0,0,0,0,0,0,0,0,1,0,1,0,0,0,0,0,0,0,0,0,0,0,1,0,0,,,kc2,traditional_file
0,record_387,record_387,.,,Unknown,6.0,2.0,1.0,2.0,13.0,41.21,0.33,3.0,13.74,123.63,0.01,6.87,4.0,0.0,0.0,0.0,6.0,3.0,10.0,3.0,3.0,1,1,0,0,0,0,0,0,0,0,0,0,0,0,1,0,1,0,0,0,0,0,0,0,0,0,0,0,1,0,0,,,kc2,traditional_file
0,record_388,record_388,.,,Unknown,6.0,1.0,1.0,1.0,11.0,33.0,0.22,4.5,7.33,148.5,0.01,8.25,4.0,0.0,0.0,0.0,6.0,2.0,8.0,3.0,1.0,1,1,0,0,0,0,0,0,0,0,0,0,0,0,1,0,1,0,0,0,0,0,0,0,0,0,0,0,1,0,0,,,kc2,traditional_file
0,record_389,record_389,.,,Unknown,4.0,1.0,1.0,1.0,4.0,8.0,0.67,1.5,5.33,12.0,0.0,0.67,2.0,0.0,0.0,0.0,3.0,1.0,3.0,1.0,1.0,1,1,0,0,0,0,0,0,0,0,0,0,0,0,1,0,1,0,0,0,0,0,0,0,0,0,0,0,1,0,0,,,kc2,traditional_file
0,record_390,record_390,.,,Unknown,6.0,1.0,1.0,1.0,9.0,23.26,0.5,2.0,11.63,46.53,0.01,2.58,4.0,0.0,0.0,0.0,3.0,3.0,5.0,4.0,1.0,1,1,0,0,0,0,0,0,0,0,0,0,0,0,1,0,1,0,0,0,0,0,0,0,0,0,0,0,1,0,0,,,kc2,traditional_file
0,record_391,record_391,.,,Unknown,4.0,1.0,1.0,1.0,5.0,11.61,0.67,1.5,7.74,17.41,0.0,0.97,2.0,0.0,0.0,0.0,3.0,2.0,3.0,2.0,1.0,1,1,0,0,0,0,0,0,0,0,0,0,0,0,1,0,1,0,0,0,0,0,0,0,0,0,0,0,1,0,0,,,kc2,traditional_file
0,record_392,record_392,.,,Unknown,46.0,9.0,6.0,7.0,132.0,707.2,0.07,13.48,52.46,9534.06,0.24,529.67,39.0,3.0,2.0,0.0,14.0,27.0,80.0,52.0,17.0,1,1,0,0,0,0,0,0,0,0,0,0,0,0,1,0,1,0,0,0,0,0,0,0,0,0,0,0,1,0,0,,,kc2,traditional_file
0,record_393,record_393,.,,Unknown,17.0,4.0,1.0,3.0,49.0,218.51,0.12,8.5,25.71,1857.35,0.07,103.19,15.0,0.0,0.0,0.0,11.0,11.0,32.0,17.0,7.0,1,1,0,0,0,0,0,0,0,0,0,0,0,0,1,0,1,0,0,0,0,0,0,0,0,0,0,0,1,0,0,,,kc2,traditional_file
0,record_394,record_394,.,,Unknown,48.0,15.0,1.0,7.0,160.0,827.19,0.04,23.57,35.09,19498.0,0.28,1083.22,43.0,0.0,2.0,1.0,15.0,21.0,94.0,66.0,29.0,1,1,0,0,0,0,0,0,0,0,0,0,0,0,1,0,1,0,0,0,0,0,0,0,0,0,0,0,1,0,0,,,kc2,traditional_file
0,record_395,record_395,.,,Unknown,13.0,2.0,1.0,2.0,33.0,134.89,0.1,10.0,13.49,1348.86,0.04,74.94,7.0,1.0,1.0,2.0,10.0,7.0,19.0,14.0,3.0,1,1,0,0,0,0,0,0,0,0,0,0,0,0,1,0,1,0,0,0,0,0,0,0,0,0,0,0,1,0,0,,,kc2,traditional_file
0,record_396,record_396,.,,Unknown,30.0,3.0,1.0,3.0,57.0,257.83,0.09,11.45,22.51,2953.47,0.09,164.08,24.0,0.0,3.0,1.0,12.0,11.0,36.0,21.0,5.0,1,1,0,0,0,0,0,0,0,0,0,0,0,0,1,0,1,0,0,0,0,0,0,0,0,0,0,0,1,0,0,,,kc2,traditional_file
0,record_397,record_397,.,,Unknown,11.0,2.0,1.0,2.0,18.0,64.53,0.14,7.0,9.22,451.71,0.02,25.09,7.0,0.0,1.0,1.0,8.0,4.0,11.0,7.0,3.0,1,1,0,0,0,0,0,0,0,0,0,0,0,0,1,0,1,0,0,0,0,0,0,0,0,0,0,0,1,0,0,,,kc2,traditional_file
0,record_398,record_398,.,,Unknown,13.0,2.0,1.0,2.0,26.0,110.45,0.12,8.25,13.39,911.18,0.04,50.62,9.0,1.0,1.0,0.0,11.0,8.0,14.0,12.0,3.0,1,1,0,0,0,0,0,0,0,0,0,0,0,0,1,0,1,0,0,0,0,0,0,0,0,0,0,0,1,0,0,,,kc2,traditional_file
0,record_399,record_399,.,,Unknown,29.0,4.0,1.0,4.0,47.0,206.44,0.14,7.27,28.39,1501.37,0.07,83.41,19.0,6.0,2.0,0.0,10.0,11.0,31.0,16.0,5.0,1,1,0,0,0,0,0,0,0,0,0,0,0,0,1,0,1,0,0,0,0,0,0,0,0,0,0,0,1,0,0,,,kc2,traditional_file
0,record_400,record_400,.,,Unknown,60.0,5.0,1.0,5.0,115.0,594.54,0.08,13.28,44.76,7897.06,0.2,438.73,44.0,3.0,9.0,0.0,13.0,23.0,68.0,47.0,9.0,1,1,0,0,0,0,0,0,0,0,0,0,0,0,1,0,1,0,0,0,0,0,0,0,0,0,0,0,1,0,0,,,kc2,traditional_file
0,record_401,record_401,.,,Unknown,5.0,2.0,1.0,1.0,15.0,53.77,0.33,3.0,17.92,161.32,0.02,8.96,3.0,0.0,0.0,0.0,6.0,6.0,9.0,6.0,3.0,1,1,0,0,0,0,0,0,0,0,0,0,0,0,1,0,1,0,0,0,0,0,0,0,0,0,0,0,1,0,0,,,kc2,traditional_file
0,record_402,record_402,.,,Unknown,47.0,3.0,1.0,3.0,115.0,569.73,0.1,10.48,54.38,5968.63,0.19,331.59,36.0,0.0,7.0,0.0,10.0,21.0,71.0,44.0,5.0,1,1,0,0,0,0,0,0,0,0,0,0,0,0,1,0,1,0,0,0,0,0,0,0,0,0,0,0,1,0,0,,,kc2,traditional_file
0,record_403,record_403,.,,Unknown,38.0,4.0,1.0,4.0,84.0,403.82,0.11,8.89,45.43,3589.49,0.13,199.42,27.0,0.0,5.0,0.0,10.0,18.0,52.0,32.0,7.0,1,1,0,0,0,0,0,0,0,0,0,0,0,0,1,0,1,0,0,0,0,0,0,0,0,0,0,0,1,0,0,,,kc2,traditional_file
0,record_404,record_404,.,,Unknown,46.0,4.0,1.0,4.0,112.0,579.03,0.09,11.25,51.47,6514.11,0.19,361.89,36.0,0.0,5.0,0.0,12.0,24.0,67.0,45.0,7.0,1,1,0,0,0,0,0,0,0,0,0,0,0,0,1,0,1,0,0,0,0,0,0,0,0,0,0,0,1,0,0,,,kc2,traditional_file
0,record_405,record_405,.,,Unknown,2.0,1.0,1.0,1.0,4.0,8.0,0.67,1.5,5.33,12.0,0.0,0.67,0.0,0.0,0.0,0.0,3.0,1.0,3.0,1.0,1.0,1,1,0,0,0,0,0,0,0,0,0,0,0,0,1,0,1,0,0,0,0,0,0,0,0,0,0,0,1,0,0,,,kc2,traditional_file
0,record_406,record_406,.,,Unknown,8.0,1.0,1.0,1.0,14.0,44.38,0.57,1.75,25.36,77.66,0.01,4.31,6.0,0.0,0.0,0.0,3.0,6.0,7.0,7.0,1.0,1,1,0,0,0,0,0,0,0,0,0,0,0,0,1,0,1,0,0,0,0,0,0,0,0,0,0,0,1,0,0,,,kc2,traditional_file
0,record_407,record_407,.,,Unknown,4.0,1.0,1.0,1.0,4.0,8.0,0.67,1.5,5.33,12.0,0.0,0.67,2.0,0.0,0.0,0.0,3.0,1.0,3.0,1.0,1.0,1,1,0,0,0,0,0,0,0,0,0,0,0,0,1,0,1,0,0,0,0,0,0,0,0,0,0,0,1,0,0,,,kc2,traditional_file
0,record_408,record_408,.,,Unknown,4.0,1.0,1.0,1.0,4.0,8.0,0.67,1.5,5.33,12.0,0.0,0.67,2.0,0.0,0.0,0.0,3.0,1.0,3.0,1.0,1.0,1,1,0,0,0,0,0,0,0,0,0,0,0,0,1,0,1,0,0,0,0,0,0,0,0,0,0,0,1,0,0,,,kc2,traditional_file
0,record_409,record_409,.,,Unknown,20.0,4.0,3.0,3.0,45.0,206.32,0.09,10.64,19.4,2194.53,0.07,121.92,15.0,1.0,2.0,0.0,13.0,11.0,27.0,18.0,7.0,1,1,0,0,0,0,0,0,0,0,0,0,0,0,1,0,1,0,0,0,0,0,0,0,0,0,0,0,1,0,0,,,kc2,traditional_file
0,record_410,record_410,.,,Unknown,2.0,1.0,1.0,1.0,4.0,8.0,0.67,1.5,5.33,12.0,0.0,0.67,0.0,0.0,0.0,0.0,3.0,1.0,3.0,1.0,1.0,1,1,0,0,0,0,0,0,0,0,0,0,0,0,1,0,1,0,0,0,0,0,0,0,0,0,0,0,1,0,0,,,kc2,traditional_file
0,record_411,record_411,.,,Unknown,9.0,1.0,1.0,1.0,13.0,41.21,0.25,4.0,10.3,164.84,0.01,9.16,3.0,2.0,2.0,0.0,6.0,3.0,9.0,4.0,1.0,1,1,0,0,0,0,0,0,0,0,0,0,0,0,1,0,1,0,0,0,0,0,0,0,0,0,0,0,1,0,0,,,kc2,traditional_file
0,record_412,record_412,.,,Unknown,9.0,1.0,1.0,1.0,13.0,41.21,0.25,4.0,10.3,164.84,0.01,9.16,3.0,2.0,2.0,0.0,6.0,3.0,9.0,4.0,1.0,1,1,0,0,0,0,0,0,0,0,0,0,0,0,1,0,1,0,0,0,0,0,0,0,0,0,0,0,1,0,0,,,kc2,traditional_file
0,record_413,record_413,.,,Unknown,54.0,7.0,3.0,7.0,118.0,590.0,0.05,20.29,29.07,11973.53,0.2,665.2,42.0,1.0,8.0,1.0,15.0,17.0,72.0,46.0,13.0,1,1,0,0,0,0,0,0,0,0,0,0,0,0,1,0,1,0,0,0,0,0,0,0,0,0,0,0,1,0,0,,,kc2,traditional_file
0,record_414,record_414,.,,Unknown,6.0,1.0,1.0,1.0,9.0,25.27,0.67,1.5,16.84,37.9,0.01,2.11,4.0,0.0,0.0,0.0,3.0,4.0,5.0,4.0,1.0,1,1,0,0,0,0,0,0,0,0,0,0,0,0,1,0,1,0,0,0,0,0,0,0,0,0,0,0,1,0,0,,,kc2,traditional_file
0,record_415,record_415,.,,Unknown,4.0,1.0,1.0,1.0,5.0,11.61,0.67,1.5,7.74,17.41,0.0,0.97,2.0,0.0,0.0,0.0,3.0,2.0,3.0,2.0,1.0,1,1,0,0,0,0,0,0,0,0,0,0,0,0,1,0,1,0,0,0,0,0,0,0,0,0,0,0,1,0,0,,,kc2,traditional_file
0,record_416,record_416,.,,Unknown,94.0,6.0,1.0,6.0,230.0,1335.69,0.05,21.79,61.3,29104.02,0.45,1616.89,71.0,0.0,20.0,1.0,18.0,38.0,138.0,92.0,11.0,1,1,0,0,0,0,0,0,0,0,0,0,0,0,1,0,1,0,0,0,0,0,0,0,0,0,0,0,1,0,0,,,kc2,traditional_file
0,record_417,record_417,.,,Unknown,109.0,8.0,1.0,8.0,296.0,1596.13,0.03,28.75,55.52,45888.62,0.53,2549.37,89.0,2.0,16.0,0.0,14.0,28.0,181.0,115.0,15.0,1,1,0,0,0,0,0,0,0,0,0,0,0,0,1,0,1,0,0,0,0,0,0,0,0,0,0,0,1,0,0,,,kc2,traditional_file
0,record_418,record_418,.,,Unknown,16.0,4.0,3.0,2.0,51.0,247.76,0.11,8.94,27.72,2214.33,0.08,123.02,13.0,0.0,0.0,1.0,13.0,16.0,29.0,22.0,7.0,1,1,0,0,0,0,0,0,0,0,0,0,0,0,1,0,1,0,0,0,0,0,0,0,0,0,0,0,1,0,0,,,kc2,traditional_file
0,record_419,record_419,.,,Unknown,1.0,1.0,1.0,1.0,6.0,15.51,0.4,2.5,6.2,38.77,0.01,2.15,0.0,0.0,0.0,0.0,5.0,1.0,5.0,1.0,1.0,1,1,0,0,0,0,0,0,0,0,0,0,0,0,1,0,1,0,0,0,0,0,0,0,0,0,0,0,1,0,0,,,kc2,traditional_file
0,record_420,record_420,.,,Unknown,55.0,10.0,1.0,6.0,122.0,657.86,0.05,19.41,33.89,12771.12,0.22,709.51,37.0,2.0,10.0,4.0,19.0,23.0,75.0,47.0,19.0,1,1,0,0,0,0,0,0,0,0,0,0,0,0,1,0,1,0,0,0,0,0,0,0,0,0,0,0,1,0,0,,,kc2,traditional_file
1,record_421,record_421,.,,Unknown,149.0,30.0,16.0,27.0,391.0,2270.68,0.03,29.64,76.61,67305.16,0.76,3739.18,115.0,20.0,10.0,2.0,17.0,39.0,255.0,136.0,59.0,1,1,0,0,0,0,0,0,0,0,0,0,0,0,1,0,1,0,0,0,0,0,0,0,0,0,0,0,1,0,0,,,kc2,traditional_file
1,record_422,record_422,.,,Unknown,133.0,21.0,9.0,12.0,408.0,2586.66,0.04,27.7,93.36,71663.17,0.86,3981.29,98.0,7.0,20.0,6.0,20.0,61.0,239.0,169.0,41.0,1,1,0,0,0,0,0,0,0,0,0,0,0,0,1,0,1,0,0,0,0,0,0,0,0,0,0,0,1,0,0,,,kc2,traditional_file
1,record_423,record_423,.,,Unknown,130.0,14.0,6.0,11.0,336.0,1951.27,0.05,22.0,88.69,42927.97,0.65,2384.89,104.0,4.0,18.0,2.0,14.0,42.0,204.0,132.0,27.0,1,1,0,0,0,0,0,0,0,0,0,0,0,0,1,0,1,0,0,0,0,0,0,0,0,0,0,0,1,0,0,,,kc2,traditional_file
1,record_424,record_424,.,,Unknown,120.0,18.0,16.0,12.0,352.0,2062.01,0.04,22.43,91.92,46254.62,0.69,2569.7,107.0,2.0,9.0,0.0,14.0,44.0,211.0,141.0,35.0,1,1,0,0,0,0,0,0,0,0,0,0,0,0,1,0,1,0,0,0,0,0,0,0,0,0,0,0,1,0,0,,,kc2,traditional_file
1,record_425,record_425,.,,Unknown,1275.0,180.0,125.0,143.0,3982.0,33814.56,0.01,81.47,415.06,2147483.64,11.27,153047.01,1107.0,39.0,121.0,6.0,35.0,325.0,2469.0,1513.0,361.0,1,1,0,0,0,0,0,0,0,0,0,0,0,0,1,0,1,0,0,0,0,0,0,0,0,0,0,0,1,0,0,,,kc2,traditional_file
1,record_426,record_426,.,,Unknown,107.0,9.0,4.0,7.0,317.0,1916.07,0.04,27.83,68.86,53316.81,0.64,2962.05,84.0,0.0,19.0,1.0,20.0,46.0,189.0,128.0,17.0,1,1,0,0,0,0,0,0,0,0,0,0,0,0,1,0,1,0,0,0,0,0,0,0,0,0,0,0,1,0,0,,,kc2,traditional_file
1,record_427,record_427,.,,Unknown,105.0,16.0,14.0,11.0,294.0,1743.64,0.03,31.5,55.35,54924.56,0.58,3051.36,87.0,3.0,12.0,1.0,21.0,40.0,174.0,120.0,31.0,1,1,0,0,0,0,0,0,0,0,0,0,0,0,1,0,1,0,0,0,0,0,0,0,0,0,0,0,1,0,0,,,kc2,traditional_file
1,record_428,record_428,.,,Unknown,517.0,86.0,35.0,46.0,1340.0,9699.46,0.02,53.77,180.39,521538.55,3.23,28974.36,401.0,44.0,56.0,6.0,25.0,126.0,798.0,542.0,171.0,1,1,0,0,0,0,0,0,0,0,0,0,0,0,1,0,1,0,0,0,0,0,0,0,0,0,0,0,1,0,0,,,kc2,traditional_file
1,record_429,record_429,.,,Unknown,102.0,14.0,1.0,10.0,254.0,1394.93,0.05,18.89,73.84,26351.11,0.46,1463.95,80.0,4.0,15.0,0.0,13.0,32.0,161.0,93.0,27.0,1,1,0,0,0,0,0,0,0,0,0,0,0,0,1,0,1,0,0,0,0,0,0,0,0,0,0,0,1,0,0,,,kc2,traditional_file
1,record_430,record_430,.,,Unknown,102.0,21.0,8.0,10.0,294.0,1699.72,0.04,27.73,61.3,47132.77,0.57,2618.49,79.0,4.0,15.0,2.0,18.0,37.0,180.0,114.0,41.0,1,1,0,0,0,0,0,0,0,0,0,0,0,0,1,0,1,0,0,0,0,0,0,0,0,0,0,0,1,0,0,,,kc2,traditional_file
1,record_431,record_431,.,,Unknown,97.0,7.0,3.0,6.0,213.0,1176.52,0.06,16.19,72.68,19044.9,0.39,1058.05,61.0,26.0,8.0,0.0,14.0,32.0,139.0,74.0,13.0,1,1,0,0,0,0,0,0,0,0,0,0,0,0,1,0,1,0,0,0,0,0,0,0,0,0,0,0,1,0,0,,,kc2,traditional_file
1,record_432,record_432,.,,Unknown,275.0,24.0,18.0,21.0,572.0,3731.48,0.02,41.95,88.94,156552.44,1.24,8697.36,195.0,38.0,39.0,1.0,26.0,66.0,359.0,213.0,47.0,1,1,0,0,0,0,0,0,0,0,0,0,0,0,1,0,1,0,0,0,0,0,0,0,0,0,0,0,1,0,0,,,kc2,traditional_file
1,record_433,record_433,.,,Unknown,89.0,13.0,6.0,7.0,239.0,1417.45,0.05,20.3,69.82,28777.45,0.47,1598.75,68.0,6.0,12.0,1.0,18.0,43.0,142.0,97.0,25.0,1,1,0,0,0,0,0,0,0,0,0,0,0,0,1,0,1,0,0,0,0,0,0,0,0,0,0,0,1,0,0,,,kc2,traditional_file
1,record_434,record_434,.,,Unknown,80.0,19.0,9.0,12.0,273.0,1571.08,0.04,25.04,62.74,39340.8,0.52,2185.6,71.0,0.0,7.0,0.0,17.0,37.0,164.0,109.0,37.0,1,1,0,0,0,0,0,0,0,0,0,0,0,0,1,0,1,0,0,0,0,0,0,0,0,0,0,0,1,0,0,,,kc2,traditional_file
1,record_435,record_435,.,,Unknown,76.0,9.0,5.0,6.0,185.0,1064.65,0.05,20.36,52.3,21673.32,0.35,1204.07,56.0,3.0,10.0,4.0,19.0,35.0,110.0,75.0,17.0,1,1,0,0,0,0,0,0,0,0,0,0,0,0,1,0,1,0,0,0,0,0,0,0,0,0,0,0,1,0,0,,,kc2,traditional_file
1,record_436,record_436,.,,Unknown,148.0,16.0,8.0,11.0,131.0,677.26,0.1,9.68,69.96,6555.88,0.23,364.22,36.0,1.0,8.0,0.0,23.0,49.0,238.0,147.0,3.0,1,1,0,0,0,0,0,0,0,0,0,0,0,0,1,0,1,0,0,0,0,0,0,0,0,0,0,0,1,0,0,,,kc2,traditional_file
1,record_437,record_437,.,,Unknown,143.0,26.0,13.0,21.0,420.0,2639.87,0.03,37.11,71.13,97968.47,0.88,5442.69,116.0,7.0,13.0,5.0,24.0,54.0,253.0,167.0,51.0,1,1,0,0,0,0,0,0,0,0,0,0,0,0,1,0,1,0,0,0,0,0,0,0,0,0,0,0,1,0,0,,,kc2,traditional_file
1,record_438,record_438,.,,Unknown,140.0,22.0,17.0,18.0,421.0,2597.54,0.02,43.8,59.3,113783.48,0.87,6321.3,115.0,12.0,10.0,1.0,26.0,46.0,266.0,155.0,43.0,1,1,0,0,0,0,0,0,0,0,0,0,0,0,1,0,1,0,0,0,0,0,0,0,0,0,0,0,1,0,0,,,kc2,traditional_file
1,record_439,record_439,.,,Unknown,70.0,5.0,1.0,5.0,169.0,852.5,0.06,18.0,47.36,15345.05,0.28,852.5,54.0,2.0,12.0,0.0,12.0,21.0,106.0,63.0,9.0,1,1,0,0,0,0,0,0,0,0,0,0,0,0,1,0,1,0,0,0,0,0,0,0,0,0,0,0,1,0,0,,,kc2,traditional_file
1,record_440,record_440,.,,Unknown,67.0,5.0,1.0,5.0,213.0,1202.14,0.06,16.34,73.58,19640.39,0.4,1091.13,50.0,4.0,9.0,2.0,13.0,37.0,120.0,93.0,9.0,1,1,0,0,0,0,0,0,0,0,0,0,0,0,1,0,1,0,0,0,0,0,0,0,0,0,0,0,1,0,0,,,kc2,traditional_file
1,record_441,record_441,.,,Unknown,63.0,8.0,7.0,7.0,194.0,1121.58,0.05,19.22,58.37,21552.6,0.37,1197.37,49.0,2.0,10.0,0.0,18.0,37.0,115.0,79.0,15.0,1,1,0,0,0,0,0,0,0,0,0,0,0,0,1,0,1,0,0,0,0,0,0,0,0,0,0,0,1,0,0,,,kc2,traditional_file
1,record_442,record_442,.,,Unknown,61.0,4.0,1.0,3.0,159.0,873.2,0.06,16.5,52.92,14407.88,0.29,800.44,49.0,0.0,10.0,0.0,15.0,30.0,93.0,66.0,7.0,1,1,0,0,0,0,0,0,0,0,0,0,0,0,1,0,1,0,0,0,0,0,0,0,0,0,0,0,1,0,0,,,kc2,traditional_file
1,record_443,record_443,.,,Unknown,61.0,8.0,7.0,7.0,113.0,605.4,0.05,18.9,32.03,11442.12,0.2,635.67,38.0,2.0,4.0,0.0,23.0,27.0,107.0,58.0,13.0,1,1,0,0,0,0,0,0,0,0,0,0,0,0,1,0,1,0,0,0,0,0,0,0,0,0,0,0,1,0,0,,,kc2,traditional_file
1,record_444,record_444,.,,Unknown,60.0,9.0,5.0,5.0,110.0,573.04,0.05,22.17,25.85,12702.38,0.19,705.69,38.0,17.0,2.0,0.0,19.0,18.0,68.0,42.0,17.0,1,1,0,0,0,0,0,0,0,0,0,0,0,0,1,0,1,0,0,0,0,0,0,0,0,0,0,0,1,0,0,,,kc2,traditional_file
1,record_445,record_445,.,,Unknown,59.0,9.0,5.0,6.0,184.0,985.79,0.04,25.04,39.36,24687.6,0.33,1371.53,44.0,1.0,10.0,0.0,18.0,23.0,120.0,64.0,17.0,1,1,0,0,0,0,0,0,0,0,0,0,0,0,1,0,1,0,0,0,0,0,0,0,0,0,0,0,1,0,0,,,kc2,traditional_file
1,record_446,record_446,.,,Unknown,59.0,7.0,7.0,5.0,136.0,728.63,0.06,17.28,42.17,12590.68,0.24,699.48,44.0,2.0,8.0,2.0,16.0,25.0,82.0,54.0,13.0,1,1,0,0,0,0,0,0,0,0,0,0,0,0,1,0,1,0,0,0,0,0,0,0,0,0,0,0,1,0,0,,,kc2,traditional_file
1,record_447,record_447,.,,Unknown,57.0,8.0,8.0,8.0,160.0,785.1,0.08,13.07,60.06,10262.41,0.26,570.13,45.0,4.0,6.0,0.0,9.0,21.0,99.0,61.0,15.0,1,1,0,0,0,0,0,0,0,0,0,0,0,0,1,0,1,0,0,0,0,0,0,0,0,0,0,0,1,0,0,,,kc2,traditional_file
1,record_448,record_448,.,,Unknown,56.0,4.0,1.0,4.0,105.0,546.99,0.07,13.98,39.13,7645.46,0.18,424.75,44.0,3.0,3.0,0.0,15.0,22.0,64.0,41.0,7.0,1,1,0,0,0,0,0,0,0,0,0,0,0,0,1,0,1,0,0,0,0,0,0,0,0,0,0,0,1,0,0,,,kc2,traditional_file
1,record_449,record_449,.,,Unknown,110.0,12.0,10.0,12.0,313.0,1825.69,0.04,24.0,76.07,43816.67,0.61,2434.26,88.0,3.0,15.0,0.0,16.0,41.0,190.0,123.0,23.0,1,1,0,0,0,0,0,0,0,0,0,0,0,0,1,0,1,0,0,0,0,0,0,0,0,0,0,0,1,0,0,,,kc2,traditional_file
1,record_450,record_450,.,,Unknown,54.0,4.0,1.0,3.0,127.0,680.41,0.07,15.29,44.5,10402.41,0.23,577.91,42.0,0.0,10.0,0.0,15.0,26.0,74.0,53.0,7.0,1,1,0,0,0,0,0,0,0,0,0,0,0,0,1,0,1,0,0,0,0,0,0,0,0,0,0,0,1,0,0,,,kc2,traditional_file
1,record_451,record_451,.,,Unknown,269.0,47.0,8.0,31.0,852.0,5610.39,0.02,48.44,115.82,271767.2,1.87,15098.18,198.0,29.0,26.0,11.0,21.0,75.0,506.0,346.0,97.0,1,1,0,0,0,0,0,0,0,0,0,0,0,0,1,0,1,0,0,0,0,0,0,0,0,0,0,0,1,0,0,,,kc2,traditional_file
1,record_452,record_452,.,,Unknown,52.0,7.0,1.0,4.0,133.0,692.86,0.08,12.48,55.52,8646.86,0.23,480.38,33.0,6.0,9.0,0.0,12.0,25.0,81.0,52.0,13.0,1,1,0,0,0,0,0,0,0,0,0,0,0,0,1,0,1,0,0,0,0,0,0,0,0,0,0,0,1,0,0,,,kc2,traditional_file
1,record_453,record_453,.,,Unknown,51.0,6.0,4.0,6.0,96.0,488.4,0.07,13.82,35.35,6747.58,0.16,374.87,42.0,3.0,4.0,0.0,15.0,19.0,61.0,35.0,11.0,1,1,0,0,0,0,0,0,0,0,0,0,0,0,1,0,1,0,0,0,0,0,0,0,0,0,0,0,1,0,0,,,kc2,traditional_file
1,record_454,record_454,.,,Unknown,101.0,11.0,4.0,8.0,309.0,1900.27,0.04,22.42,84.78,42594.77,0.63,2366.38,84.0,1.0,12.0,0.0,18.0,53.0,177.0,132.0,21.0,1,1,0,0,0,0,0,0,0,0,0,0,0,0,1,0,1,0,0,0,0,0,0,0,0,0,0,0,1,0,0,,,kc2,traditional_file
1,record_455,record_455,.,,Unknown,99.0,9.0,5.0,5.0,162.0,889.68,0.11,9.22,96.49,8203.37,0.3,455.74,46.0,0.0,8.0,0.0,16.0,50.0,172.0,113.0,5.0,1,1,0,0,0,0,0,0,0,0,0,0,0,0,1,0,1,0,0,0,0,0,0,0,0,0,0,0,1,0,0,,,kc2,traditional_file
1,record_456,record_456,.,,Unknown,194.0,23.0,1.0,11.0,504.0,3204.21,0.02,43.41,73.81,139096.88,1.07,7727.6,137.0,23.0,29.0,1.0,26.0,56.0,317.0,187.0,45.0,1,1,0,0,0,0,0,0,0,0,0,0,0,0,1,0,1,0,0,0,0,0,0,0,0,0,0,0,1,0,0,,,kc2,traditional_file
1,record_457,record_457,.,,Unknown,94.0,20.0,17.0,15.0,279.0,1613.0,0.05,20.72,77.86,33418.04,0.54,1856.56,75.0,7.0,8.0,0.0,16.0,39.0,178.0,101.0,39.0,1,1,0,0,0,0,0,0,0,0,0,0,0,0,1,0,1,0,0,0,0,0,0,0,0,0,0,0,1,0,0,,,kc2,traditional_file
1,record_458,record_458,.,,Unknown,46.0,7.0,1.0,4.0,133.0,682.19,0.05,19.5,34.98,13302.8,0.23,739.04,38.0,1.0,2.0,0.0,15.0,20.0,81.0,52.0,13.0,1,1,0,0,0,0,0,0,0,0,0,0,0,0,1,0,1,0,0,0,0,0,0,0,0,0,0,0,1,0,0,,,kc2,traditional_file
1,record_459,record_459,.,,Unknown,46.0,3.0,1.0,2.0,79.0,387.64,0.1,10.42,37.2,4039.66,0.13,224.43,24.0,12.0,7.0,0.0,11.0,13.0,47.0,29.0,5.0,1,1,0,0,0,0,0,0,0,0,0,0,0,0,1,0,1,0,0,0,0,0,0,0,0,0,0,0,1,0,0,,,kc2,traditional_file
1,record_460,record_460,.,,Unknown,137.0,19.0,5.0,16.0,327.0,1976.52,0.04,26.09,75.77,51561.31,0.66,2864.52,112.0,9.0,14.0,0.0,20.0,46.0,207.0,120.0,37.0,1,1,0,0,0,0,0,0,0,0,0,0,0,0,1,0,1,0,0,0,0,0,0,0,0,0,0,0,1,0,0,,,kc2,traditional_file
1,record_461,record_461,.,,Unknown,91.0,8.0,7.0,7.0,252.0,1469.89,0.04,25.75,57.08,37849.62,0.49,2102.76,71.0,5.0,8.0,2.0,19.0,38.0,149.0,103.0,15.0,1,1,0,0,0,0,0,0,0,0,0,0,0,0,1,0,1,0,0,0,0,0,0,0,0,0,0,0,1,0,0,,,kc2,traditional_file
1,record_462,record_462,.,,Unknown,591.0,87.0,34.0,61.0,1886.0,14068.49,0.02,64.05,219.66,901039.76,4.69,50057.76,443.0,40.0,92.0,6.0,26.0,150.0,1147.0,739.0,173.0,1,1,0,0,0,0,0,0,0,0,0,0,0,0,1,0,1,0,0,0,0,0,0,0,0,0,0,0,1,0,0,,,kc2,traditional_file
1,record_463,record_463,.,,Unknown,45.0,9.0,6.0,7.0,132.0,707.2,0.07,13.48,52.46,9534.06,0.24,529.67,39.0,3.0,1.0,0.0,14.0,27.0,80.0,52.0,17.0,1,1,0,0,0,0,0,0,0,0,0,0,0,0,1,0,1,0,0,0,0,0,0,0,0,0,0,0,1,0,0,,,kc2,traditional_file
1,record_464,record_464,.,,Unknown,42.0,3.0,1.0,3.0,102.0,505.33,0.07,13.72,36.83,6934.22,0.17,385.23,31.0,2.0,5.0,0.0,13.0,18.0,64.0,38.0,5.0,1,1,0,0,0,0,0,0,0,0,0,0,0,0,1,0,1,0,0,0,0,0,0,0,0,0,0,0,1,0,0,,,kc2,traditional_file
1,record_465,record_465,.,,Unknown,42.0,4.0,1.0,3.0,78.0,393.46,0.08,12.53,31.41,4928.64,0.13,273.81,23.0,5.0,9.0,1.0,14.0,19.0,44.0,34.0,7.0,1,1,0,0,0,0,0,0,0,0,0,0,0,0,1,0,1,0,0,0,0,0,0,0,0,0,0,0,1,0,0,,,kc2,traditional_file
1,record_466,record_466,.,,Unknown,122.0,6.0,5.0,5.0,353.0,2093.55,0.03,37.8,55.38,79136.2,0.7,4396.46,91.0,4.0,22.0,0.0,21.0,40.0,209.0,144.0,11.0,1,1,0,0,0,0,0,0,0,0,0,0,0,0,1,0,1,0,0,0,0,0,0,0,0,0,0,0,1,0,0,,,kc2,traditional_file
1,record_467,record_467,.,,Unknown,80.0,8.0,1.0,6.0,203.0,1101.53,0.06,17.14,64.26,18877.98,0.37,1048.78,58.0,8.0,11.0,0.0,14.0,29.0,132.0,71.0,15.0,1,1,0,0,0,0,0,0,0,0,0,0,0,0,1,0,1,0,0,0,0,0,0,0,0,0,0,0,1,0,0,,,kc2,traditional_file
1,record_468,record_468,.,,Unknown,76.0,10.0,4.0,7.0,184.0,1016.34,0.03,29.4,34.57,29880.26,0.34,1660.01,60.0,3.0,9.0,0.0,21.0,25.0,114.0,70.0,19.0,1,1,0,0,0,0,0,0,0,0,0,0,0,0,1,0,1,0,0,0,0,0,0,0,0,0,0,0,1,0,0,,,kc2,traditional_file
1,record_469,record_469,.,,Unknown,72.0,12.0,5.0,6.0,200.0,1122.94,0.04,23.23,48.35,26081.23,0.37,1448.96,63.0,0.0,6.0,0.0,18.0,31.0,120.0,80.0,23.0,1,1,0,0,0,0,0,0,0,0,0,0,0,0,1,0,1,0,0,0,0,0,0,0,0,0,0,0,1,0,0,,,kc2,traditional_file
1,record_470,record_470,.,,Unknown,36.0,5.0,1.0,2.0,103.0,548.16,0.09,11.07,49.5,6070.35,0.18,337.24,26.0,0.0,5.0,1.0,13.0,27.0,57.0,46.0,9.0,1,1,0,0,0,0,0,0,0,0,0,0,0,0,1,0,1,0,0,0,0,0,0,0,0,0,0,0,1,0,0,,,kc2,traditional_file
1,record_471,record_471,.,,Unknown,143.0,14.0,6.0,10.0,364.0,2260.24,0.04,25.05,90.25,56608.76,0.75,3144.93,105.0,14.0,21.0,1.0,19.0,55.0,219.0,145.0,27.0,1,1,0,0,0,0,0,0,0,0,0,0,0,0,1,0,1,0,0,0,0,0,0,0,0,0,0,0,1,0,0,,,kc2,traditional_file
1,record_472,record_472,.,,Unknown,70.0,11.0,1.0,9.0,175.0,961.07,0.05,20.34,47.25,19547.56,0.32,1085.98,57.0,4.0,6.0,0.0,17.0,28.0,108.0,67.0,21.0,1,1,0,0,0,0,0,0,0,0,0,0,0,0,1,0,1,0,0,0,0,0,0,0,0,0,0,0,1,0,0,,,kc2,traditional_file
1,record_473,record_473,.,,Unknown,35.0,5.0,1.0,4.0,77.0,388.42,0.1,10.08,38.55,3913.31,0.13,217.41,30.0,0.0,3.0,0.0,13.0,20.0,46.0,31.0,9.0,1,1,0,0,0,0,0,0,0,0,0,0,0,0,1,0,1,0,0,0,0,0,0,0,0,0,0,0,1,0,0,,,kc2,traditional_file
1,record_474,record_474,.,,Unknown,104.0,17.0,5.0,11.0,356.0,2159.53,0.04,22.27,96.95,48102.42,0.72,2672.36,86.0,5.0,11.0,0.0,16.0,51.0,214.0,142.0,33.0,1,1,0,0,0,0,0,0,0,0,0,0,0,0,1,0,1,0,0,0,0,0,0,0,0,0,0,0,1,0,0,,,kc2,traditional_file
1,record_475,record_475,.,,Unknown,34.0,6.0,6.0,6.0,80.0,403.55,0.06,16.29,24.78,6572.12,0.13,365.12,27.0,1.0,4.0,0.0,19.0,14.0,56.0,24.0,11.0,1,1,0,0,0,0,0,0,0,0,0,0,0,0,1,0,1,0,0,0,0,0,0,0,0,0,0,0,1,0,0,,,kc2,traditional_file
1,record_476,record_476,.,,Unknown,102.0,10.0,8.0,9.0,244.0,1452.82,0.04,24.75,58.7,35957.39,0.48,1997.63,72.0,12.0,16.0,0.0,22.0,40.0,154.0,90.0,19.0,1,1,0,0,0,0,0,0,0,0,0,0,0,0,1,0,1,0,0,0,0,0,0,0,0,0,0,0,1,0,0,,,kc2,traditional_file
1,record_477,record_477,.,,Unknown,33.0,6.0,1.0,3.0,82.0,413.64,0.08,12.89,32.08,5333.78,0.14,296.32,28.0,0.0,3.0,0.0,14.0,19.0,47.0,35.0,11.0,1,1,0,0,0,0,0,0,0,0,0,0,0,0,1,0,1,0,0,0,0,0,0,0,0,0,0,0,1,0,0,,,kc2,traditional_file
1,record_478,record_478,.,,Unknown,63.0,5.0,1.0,4.0,160.0,873.51,0.06,16.57,52.73,14471.13,0.29,803.95,50.0,1.0,10.0,0.0,14.0,30.0,89.0,71.0,9.0,1,1,0,0,0,0,0,0,0,0,0,0,0,0,1,0,1,0,0,0,0,0,0,0,0,0,0,0,1,0,0,,,kc2,traditional_file
1,record_479,record_479,.,,Unknown,61.0,7.0,1.0,4.0,166.0,916.91,0.06,16.19,56.64,14842.5,0.31,824.58,49.0,1.0,9.0,0.0,14.0,32.0,92.0,74.0,13.0,1,1,0,0,0,0,0,0,0,0,0,0,0,0,1,0,1,0,0,0,0,0,0,0,0,0,0,0,1,0,0,,,kc2,traditional_file
1,record_480,record_480,.,,Unknown,58.0,4.0,1.0,3.0,140.0,754.92,0.06,16.39,46.06,12372.37,0.25,687.35,44.0,1.0,10.0,0.0,15.0,27.0,81.0,59.0,7.0,1,1,0,0,0,0,0,0,0,0,0,0,0,0,1,0,1,0,0,0,0,0,0,0,0,0,0,0,1,0,0,,,kc2,traditional_file
1,record_481,record_481,.,,Unknown,113.0,14.0,8.0,12.0,265.0,1558.9,0.05,20.44,76.27,31864.67,0.52,1770.26,85.0,9.0,15.0,0.0,17.0,42.0,164.0,101.0,27.0,1,1,0,0,0,0,0,0,0,0,0,0,0,0,1,0,1,0,0,0,0,0,0,0,0,0,0,0,1,0,0,,,kc2,traditional_file
1,record_482,record_482,.,,Unknown,139.0,32.0,16.0,10.0,426.0,2677.58,0.04,24.66,108.56,66039.69,0.89,3668.87,118.0,1.0,16.0,1.0,17.0,61.0,249.0,177.0,63.0,1,1,0,0,0,0,0,0,0,0,0,0,0,0,1,0,1,0,0,0,0,0,0,0,0,0,0,0,1,0,0,,,kc2,traditional_file
1,record_483,record_483,.,,Unknown,55.0,4.0,1.0,3.0,131.0,715.19,0.06,17.0,42.07,12158.15,0.24,675.45,42.0,0.0,11.0,0.0,17.0,27.0,77.0,54.0,7.0,1,1,0,0,0,0,0,0,0,0,0,0,0,0,1,0,1,0,0,0,0,0,0,0,0,0,0,0,1,0,0,,,kc2,traditional_file
1,record_484,record_484,.,,Unknown,210.0,5.0,1.0,3.0,687.0,4305.28,0.02,41.37,104.08,178095.18,1.44,9894.18,164.0,3.0,41.0,0.0,17.0,60.0,395.0,292.0,9.0,1,1,0,0,0,0,0,0,0,0,0,0,0,0,1,0,1,0,0,0,0,0,0,0,0,0,0,0,1,0,0,,,kc2,traditional_file
1,record_485,record_485,.,,Unknown,72.0,4.0,1.0,4.0,162.0,879.05,0.05,19.85,44.28,17450.87,0.29,969.49,53.0,1.0,16.0,0.0,16.0,27.0,95.0,67.0,7.0,1,1,0,0,0,0,0,0,0,0,0,0,0,0,1,0,1,0,0,0,0,0,0,0,0,0,0,0,1,0,0,,,kc2,traditional_file
1,record_486,record_486,.,,Unknown,24.0,1.0,1.0,1.0,40.0,175.69,0.19,5.23,33.59,919.01,0.06,51.06,13.0,2.0,7.0,0.0,8.0,13.0,23.0,17.0,1.0,1,1,0,0,0,0,0,0,0,0,0,0,0,0,1,0,1,0,0,0,0,0,0,0,0,0,0,0,1,0,0,,,kc2,traditional_file
1,record_487,record_487,.,,Unknown,118.0,3.0,1.0,2.0,353.0,2050.0,0.03,31.2,65.71,63959.88,0.68,3553.33,87.0,1.0,23.0,0.0,16.0,40.0,197.0,156.0,5.0,1,1,0,0,0,0,0,0,0,0,0,0,0,0,1,0,1,0,0,0,0,0,0,0,0,0,0,0,1,0,0,,,kc2,traditional_file
1,record_488,record_488,.,,Unknown,227.0,27.0,7.0,16.0,596.0,3869.14,0.03,30.14,128.36,116627.07,1.29,6479.28,168.0,21.0,30.0,4.0,20.0,70.0,385.0,211.0,53.0,1,1,0,0,0,0,0,0,0,0,0,0,0,0,1,0,1,0,0,0,0,0,0,0,0,0,0,0,1,0,0,,,kc2,traditional_file
1,record_489,record_489,.,,Unknown,45.0,9.0,1.0,4.0,197.0,1158.88,0.04,23.33,49.67,27040.55,0.39,1502.25,36.0,2.0,4.0,1.0,20.0,39.0,106.0,91.0,17.0,1,1,0,0,0,0,0,0,0,0,0,0,0,0,1,0,1,0,0,0,0,0,0,0,0,0,0,0,1,0,0,,,kc2,traditional_file
1,record_490,record_490,.,,Unknown,112.0,19.0,11.0,15.0,348.0,2206.27,0.04,24.75,89.13,54614.17,0.74,3034.12,93.0,2.0,10.0,5.0,20.0,61.0,197.0,151.0,37.0,1,1,0,0,0,0,0,0,0,0,0,0,0,0,1,0,1,0,0,0,0,0,0,0,0,0,0,0,1,0,0,,,kc2,traditional_file
1,record_491,record_491,.,,Unknown,44.0,2.0,1.0,2.0,66.0,326.98,0.09,11.12,29.41,3635.21,0.11,201.96,22.0,12.0,7.0,0.0,14.0,17.0,39.0,27.0,3.0,1,1,0,0,0,0,0,0,0,0,0,0,0,0,1,0,1,0,0,0,0,0,0,0,0,0,0,0,1,0,0,,,kc2,traditional_file
1,record_492,record_492,.,,Unknown,43.0,3.0,1.0,3.0,83.0,380.55,0.12,8.25,46.13,3139.55,0.13,174.42,24.0,4.0,8.0,0.0,8.0,16.0,50.0,33.0,5.0,1,1,0,0,0,0,0,0,0,0,0,0,0,0,1,0,1,0,0,0,0,0,0,0,0,0,0,0,1,0,0,,,kc2,traditional_file
1,record_493,record_493,.,,Unknown,43.0,6.0,5.0,5.0,106.0,564.12,0.04,22.5,25.07,12692.8,0.19,705.16,32.0,0.0,9.0,0.0,20.0,20.0,61.0,45.0,11.0,1,1,0,0,0,0,0,0,0,0,0,0,0,0,1,0,1,0,0,0,0,0,0,0,0,0,0,0,1,0,0,,,kc2,traditional_file
1,record_494,record_494,.,,Unknown,39.0,7.0,1.0,4.0,89.0,418.34,0.08,13.29,31.49,5557.93,0.14,308.77,34.0,0.0,3.0,0.0,12.0,14.0,58.0,31.0,13.0,1,1,0,0,0,0,0,0,0,0,0,0,0,0,1,0,1,0,0,0,0,0,0,0,0,0,0,0,1,0,0,,,kc2,traditional_file
1,record_495,record_495,.,,Unknown,58.0,10.0,5.0,6.0,176.0,949.05,0.05,21.54,44.06,20441.03,0.32,1135.61,50.0,4.0,2.0,0.0,16.0,26.0,106.0,70.0,19.0,1,1,0,0,0,0,0,0,0,0,0,0,0,0,1,0,1,0,0,0,0,0,0,0,0,0,0,0,1,0,0,,,kc2,traditional_file
1,record_496,record_496,.,,Unknown,37.0,8.0,1.0,4.0,99.0,475.93,0.09,11.65,40.86,5543.16,0.16,307.95,24.0,4.0,7.0,0.0,11.0,17.0,63.0,36.0,15.0,1,1,0,0,0,0,0,0,0,0,0,0,0,0,1,0,1,0,0,0,0,0,0,0,0,0,0,0,1,0,0,,,kc2,traditional_file
1,record_497,record_497,.,,Unknown,18.0,2.0,1.0,2.0,33.0,132.0,0.1,10.0,13.2,1320.0,0.04,73.33,12.0,1.0,3.0,0.0,10.0,6.0,21.0,12.0,3.0,1,1,0,0,0,0,0,0,0,0,0,0,0,0,1,0,1,0,0,0,0,0,0,0,0,0,0,0,1,0,0,,,kc2,traditional_file
1,record_498,record_498,.,,Unknown,49.0,4.0,1.0,4.0,126.0,618.27,0.06,16.67,37.1,10304.47,0.21,572.47,39.0,2.0,5.0,0.0,12.0,18.0,76.0,50.0,7.0,1,1,0,0,0,0,0,0,0,0,0,0,0,0,1,0,1,0,0,0,0,0,0,0,0,0,0,0,1,0,0,,,kc2,traditional_file
1,record_499,record_499,.,,Unknown,65.0,6.0,1.0,6.0,139.0,712.97,0.06,16.25,43.88,11585.77,0.24,643.65,52.0,3.0,7.0,1.0,13.0,22.0,84.0,55.0,11.0,1,1,0,0,0,0,0,0,0,0,0,0,0,0,1,0,1,0,0,0,0,0,0,0,0,0,0,0,1,0,0,,,kc2,traditional_file
1,record_500,record_500,.,,Unknown,32.0,6.0,1.0,6.0,87.0,446.25,0.06,16.94,26.34,7559.96,0.15,420.0,27.0,1.0,2.0,0.0,18.0,17.0,55.0,32.0,11.0,1,1,0,0,0,0,0,0,0,0,0,0,0,0,1,0,1,0,0,0,0,0,0,0,0,0,0,0,1,0,0,,,kc2,traditional_file
1,record_501,record_501,.,,Unknown,15.0,2.0,1.0,1.0,19.0,74.23,0.33,3.0,24.74,222.69,0.02,12.37,4.0,0.0,0.0,0.0,8.0,18.0,24.0,22.0,3.0,1,1,0,0,0,0,0,0,0,0,0,0,0,0,1,0,1,0,0,0,0,0,0,0,0,0,0,0,1,0,0,,,kc2,traditional_file
1,record_502,record_502,.,,Unknown,88.0,10.0,6.0,6.0,198.0,1123.14,0.06,17.83,63.0,20023.99,0.37,1112.44,66.0,7.0,11.0,0.0,16.0,35.0,120.0,78.0,19.0,1,1,0,0,0,0,0,0,0,0,0,0,0,0,1,0,1,0,0,0,0,0,0,0,0,0,0,0,1,0,0,,,kc2,traditional_file
1,record_503,record_503,.,,Unknown,29.0,1.0,1.0,1.0,73.0,354.63,0.11,9.17,38.69,3250.8,0.12,180.6,20.0,0.0,7.0,0.0,11.0,18.0,43.0,30.0,1.0,1,1,0,0,0,0,0,0,0,0,0,0,0,0,1,0,1,0,0,0,0,0,0,0,0,0,0,0,1,0,0,,,kc2,traditional_file
1,record_504,record_504,.,,Unknown,14.0,3.0,1.0,2.0,33.0,142.62,0.17,5.73,24.9,816.84,0.05,45.38,12.0,0.0,0.0,0.0,9.0,11.0,19.0,14.0,5.0,1,1,0,0,0,0,0,0,0,0,0,0,0,0,1,0,1,0,0,0,0,0,0,0,0,0,0,0,1,0,0,,,kc2,traditional_file
1,record_505,record_505,.,,Unknown,14.0,2.0,1.0,2.0,61.0,307.71,0.11,9.42,32.65,2900.15,0.1,161.12,12.0,0.0,0.0,0.0,13.0,20.0,32.0,29.0,3.0,1,1,0,0,0,0,0,0,0,0,0,0,0,0,1,0,1,0,0,0,0,0,0,0,0,0,0,0,1,0,0,,,kc2,traditional_file
1,record_506,record_506,.,,Unknown,14.0,3.0,1.0,3.0,42.0,189.99,0.15,6.54,29.06,1242.24,0.06,69.01,10.0,0.0,2.0,0.0,10.0,13.0,25.0,17.0,5.0,1,1,0,0,0,0,0,0,0,0,0,0,0,0,1,0,1,0,0,0,0,0,0,0,0,0,0,0,1,0,0,,,kc2,traditional_file
1,record_507,record_507,.,,Unknown,81.0,7.0,1.0,7.0,207.0,1136.81,0.04,22.77,49.93,25882.81,0.38,1437.93,62.0,4.0,11.0,0.0,17.0,28.0,132.0,75.0,13.0,1,1,0,0,0,0,0,0,0,0,0,0,0,0,1,0,1,0,0,0,0,0,0,0,0,0,0,0,1,0,0,,,kc2,traditional_file
1,record_508,record_508,.,,Unknown,13.0,2.0,1.0,1.0,31.0,131.69,0.21,4.73,27.86,622.51,0.04,34.58,10.0,0.0,1.0,0.0,8.0,11.0,18.0,13.0,3.0,1,1,0,0,0,0,0,0,0,0,0,0,0,0,1,0,1,0,0,0,0,0,0,0,0,0,0,0,1,0,0,,,kc2,traditional_file
1,record_509,record_509,.,,Unknown,37.0,2.0,1.0,2.0,75.0,343.87,0.1,10.5,32.75,3610.66,0.11,200.59,26.0,5.0,5.0,0.0,7.0,17.0,24.0,51.0,3.0,1,1,0,0,0,0,0,0,0,0,0,0,0,0,1,0,1,0,0,0,0,0,0,0,0,0,0,0,1,0,0,,,kc2,traditional_file
1,record_510,record_510,.,,Unknown,12.0,2.0,1.0,1.0,27.0,110.36,0.24,4.2,26.28,463.52,0.04,25.75,8.0,0.0,1.0,0.0,7.0,10.0,15.0,12.0,3.0,1,1,0,0,0,0,0,0,0,0,0,0,0,0,1,0,1,0,0,0,0,0,0,0,0,0,0,0,1,0,0,,,kc2,traditional_file
1,record_511,record_511,.,,Unknown,11.0,3.0,1.0,2.0,34.0,151.62,0.14,7.2,21.06,1091.67,0.05,60.65,9.0,0.0,0.0,0.0,12.0,10.0,22.0,12.0,5.0,1,1,0,0,0,0,0,0,0,0,0,0,0,0,1,0,1,0,0,0,0,0,0,0,0,0,0,0,1,0,0,,,kc2,traditional_file
1,record_512,record_512,.,,Unknown,10.0,2.0,1.0,2.0,18.0,64.53,0.14,7.0,9.22,451.71,0.02,25.09,8.0,0.0,0.0,0.0,8.0,4.0,11.0,7.0,3.0,1,1,0,0,0,0,0,0,0,0,0,0,0,0,1,0,1,0,0,0,0,0,0,0,0,0,0,0,1,0,0,,,kc2,traditional_file
1,record_513,record_513,.,,Unknown,8.0,1.0,1.0,1.0,10.0,30.0,0.3,3.33,9.0,100.0,0.01,5.56,4.0,0.0,1.0,0.0,5.0,3.0,6.0,4.0,1.0,1,1,0,0,0,0,0,0,0,0,0,0,0,0,1,0,1,0,0,0,0,0,0,0,0,0,0,0,1,0,0,,,kc2,traditional_file
1,record_514,record_514,.,,Unknown,8.0,1.0,1.0,1.0,10.0,30.0,0.3,3.33,9.0,100.0,0.01,5.56,4.0,0.0,1.0,0.0,5.0,3.0,6.0,4.0,1.0,1,1,0,0,0,0,0,0,0,0,0,0,0,0,1,0,1,0,0,0,0,0,0,0,0,0,0,0,1,0,0,,,kc2,traditional_file
1,record_515,record_515,.,,Unknown,14.0,3.0,1.0,1.0,32.0,128.0,0.22,4.5,28.44,576.0,0.04,32.0,9.0,0.0,3.0,0.0,6.0,10.0,17.0,15.0,5.0,1,1,0,0,0,0,0,0,0,0,0,0,0,0,1,0,1,0,0,0,0,0,0,0,0,0,0,0,1,0,0,,,kc2,traditional_file
1,record_516,record_516,.,,Unknown,6.0,2.0,1.0,1.0,15.0,53.77,0.4,2.5,21.51,134.44,0.02,7.47,2.0,0.0,2.0,0.0,5.0,7.0,8.0,7.0,3.0,1,1,0,0,0,0,0,0,0,0,0,0,0,0,1,0,1,0,0,0,0,0,0,0,0,0,0,0,1,0,0,,,kc2,traditional_file
1,record_517,record_517,.,,Unknown,4.0,1.0,1.0,1.0,5.0,11.61,0.5,2.0,5.8,23.22,0.0,1.29,2.0,0.0,0.0,0.0,4.0,1.0,4.0,1.0,1.0,1,1,0,0,0,0,0,0,0,0,0,0,0,0,1,0,1,0,0,0,0,0,0,0,0,0,0,0,1,0,0,,,kc2,traditional_file
1,record_518,record_518,.,,Unknown,4.0,1.0,1.0,1.0,4.0,8.0,0.67,1.5,5.33,12.0,0.0,0.67,2.0,0.0,0.0,0.0,3.0,1.0,3.0,1.0,1.0,1,1,0,0,0,0,0,0,0,0,0,0,0,0,1,0,1,0,0,0,0,0,0,0,0,0,0,0,1,0,0,,,kc2,traditional_file
1,record_519,record_519,.,,Unknown,4.0,1.0,1.0,1.0,4.0,8.0,0.67,1.5,5.33,12.0,0.0,0.67,2.0,0.0,0.0,0.0,3.0,1.0,3.0,1.0,1.0,1,1,0,0,0,0,0,0,0,0,0,0,0,0,1,0,1,0,0,0,0,0,0,0,0,0,0,0,1,0,0,,,kc2,traditional_file
1,record_520,record_520,.,,Unknown,4.0,1.0,1.0,1.0,5.0,11.61,0.67,1.5,7.74,17.41,0.0,0.97,2.0,0.0,0.0,0.0,3.0,2.0,3.0,2.0,1.0,1,1,0,0,0,0,0,0,0,0,0,0,0,0,1,0,1,0,0,0,0,0,0,0,0,0,0,0,1,0,0,,,kc2,traditional_file
1,record_521,record_521,.,,Unknown,3.0,1.0,1.0,1.0,1.0,0.0,0.0,0.0,0.0,0.0,0.0,0.0,1.0,0.0,0.0,0.0,1.0,0.0,1.0,0.0,1.0,1,1,0,0,0,0,0,0,0,0,0,0,0,0,1,0,1,0,0,0,0,0,0,0,0,0,0,0,1,0,0,,,kc2,traditional_file
