is_defect_prone,filepath,filename,directory,file_ext,language,LOC_BLANK,BRANCH_COUNT,CALL_PAIRS,LOC_CODE_AND_COMMENT,LOC_COMMENTS,CONDITION_COUNT,CYCLOMATIC_COMPLEXITY,CYCLOMATIC_DENSITY,DECISION_COUNT,DECISION_DENSITY,DESIGN_COMPLEXITY,DESIGN_DENSITY,EDGE_COUNT,ESSENTIAL_COMPLEXITY,ESSENTIAL_DENSITY,LOC_EXECUTABLE,PARAMETER_COUNT,GLOBAL_DATA_COMPLEXITY,GLOBAL_DATA_DENSITY,HALSTEAD_CONTENT,HALSTEAD_DIFFICULTY,HALSTEAD_EFFORT,HALSTEAD_ERROR_EST,HALSTEAD_LENGTH,HALSTEAD_LEVEL,HALSTEAD_PROG_TIME,HALSTEAD_VOLUME,MAINTENANCE_SEVERITY,MODIFIED_CONDITION_COUNT,MULTIPLE_CONDITION_COUNT,NODE_COUNT,NORMALIZED_CYLOMATIC_COMPLEXITY,NUM_OPERANDS,NUM_OPERATORS,NUM_UNIQUE_OPERANDS,NUM_UNIQUE_OPERATORS,NUMBER_OF_LINES,PERCENT_COMMENTS,LOC_TOTAL,total_commits,total_authors,total_churn,avg_churn,max_churn,lines_added,lines_deleted,avg_loc,max_loc,min_loc,loc_var,avg_cc,sum_cc,churn_per_loc,add_del_ratio,loc_range,cyclomatic_complexity,num_functions,num_classes,comment_lines,blank_lines,code_lines,comment_ratio,avg_func_complexity,max_nesting,long_methods,complexity_per_loc,churn_density,author_diversity,commit_frequency,defect_commits,first_seen,last_seen,dataset_name,task_type
0,record_0,record_0,.,,Unknown,0.0,1.0,1.0,0.0,0.0,0.0,1.0,0.33,0.0,0.0,1.0,1.0,2.0,1.0,0.0,3.0,1.0,1.0,1.0,9.51,3.0,85.59,0.01,9.0,0.33,4.75,28.53,1.0,0.0,0.0,3.0,0.25,3.0,6.0,3.0,6.0,4.0,0.0,3.0,1,1,0,0,0,0,0,0,0,0,0,0,0,0,1,0,1,0,0,0,0,0,0,0,0,0,0,0,1,0,0,,,kc3,traditional_file
0,record_1,record_1,.,,Unknown,1.0,5.0,4.0,0.0,0.0,8.0,3.0,0.27,4.0,2.0,3.0,1.0,13.0,1.0,0.0,11.0,1.0,3.0,1.0,23.27,11.38,3010.96,0.09,57.0,0.09,167.28,264.7,0.33,2.0,4.0,12.0,0.23,21.0,36.0,12.0,13.0,13.0,0.0,11.0,1,1,0,0,0,0,0,0,0,0,0,0,0,0,1,0,1,0,0,0,0,0,0,0,0,0,0,0,1,0,0,,,kc3,traditional_file
0,record_2,record_2,.,,Unknown,0.0,1.0,0.0,0.0,0.0,0.0,1.0,0.33,0.0,0.0,1.0,1.0,1.0,1.0,0.0,3.0,1.0,1.0,1.0,3.62,5.0,90.47,0.01,7.0,0.2,5.03,18.09,1.0,0.0,0.0,2.0,0.25,2.0,5.0,1.0,5.0,4.0,0.0,3.0,1,1,0,0,0,0,0,0,0,0,0,0,0,0,1,0,1,0,0,0,0,0,0,0,0,0,0,0,1,0,0,,,kc3,traditional_file
0,record_3,record_3,.,,Unknown,0.0,1.0,0.0,0.0,0.0,0.0,1.0,0.33,0.0,0.0,1.0,1.0,1.0,1.0,0.0,3.0,0.0,1.0,1.0,7.86,2.5,49.13,0.01,7.0,0.4,2.73,19.65,1.0,0.0,0.0,2.0,0.25,2.0,5.0,2.0,5.0,4.0,0.0,3.0,1,1,0,0,0,0,0,0,0,0,0,0,0,0,1,0,1,0,0,0,0,0,0,0,0,0,0,0,1,0,0,,,kc3,traditional_file
0,record_4,record_4,.,,Unknown,5.0,18.0,18.0,0.0,2.0,20.0,10.0,0.17,10.0,2.0,8.0,0.8,62.0,5.0,0.44,58.0,0.0,9.0,0.9,69.5,23.96,39892.13,0.56,269.0,0.04,2216.23,1665.06,0.5,5.0,10.0,54.0,0.15,92.0,177.0,48.0,25.0,66.0,3.33,58.0,1,1,0,0,0,0,0,0,0,0,0,0,0,0,1,0,1,0,0,0,0,0,0,0,0,0,0,0,1,0,0,,,kc3,traditional_file
0,record_5,record_5,.,,Unknown,0.0,1.0,2.0,0.0,0.0,0.0,1.0,0.17,0.0,0.0,1.0,1.0,3.0,1.0,0.0,6.0,0.0,1.0,1.0,21.8,6.19,834.61,0.04,33.0,0.16,46.37,134.89,1.0,0.0,0.0,4.0,0.14,11.0,22.0,8.0,9.0,7.0,0.0,6.0,1,1,0,0,0,0,0,0,0,0,0,0,0,0,1,0,1,0,0,0,0,0,0,0,0,0,0,0,1,0,0,,,kc3,traditional_file
0,record_6,record_6,.,,Unknown,1.0,1.0,2.0,0.0,0.0,0.0,1.0,0.17,0.0,0.0,1.0,1.0,3.0,1.0,0.0,6.0,3.0,1.0,1.0,26.01,7.86,1605.45,0.07,44.0,0.13,89.19,204.33,1.0,0.0,0.0,4.0,0.11,20.0,24.0,14.0,11.0,9.0,0.0,6.0,1,1,0,0,0,0,0,0,0,0,0,0,0,0,1,0,1,0,0,0,0,0,0,0,0,0,0,0,1,0,0,,,kc3,traditional_file
0,record_7,record_7,.,,Unknown,0.0,3.0,1.0,0.0,0.0,4.0,2.0,0.22,2.0,2.0,1.0,0.5,6.0,1.0,0.0,9.0,1.0,1.0,0.5,14.87,8.57,1092.32,0.04,30.0,0.12,60.68,127.44,0.5,1.0,2.0,6.0,0.2,10.0,20.0,7.0,12.0,10.0,0.0,9.0,1,1,0,0,0,0,0,0,0,0,0,0,0,0,1,0,1,0,0,0,0,0,0,0,0,0,0,0,1,0,0,,,kc3,traditional_file
0,record_8,record_8,.,,Unknown,0.0,1.0,1.0,0.0,0.0,0.0,1.0,0.33,0.0,0.0,1.0,1.0,2.0,1.0,0.0,3.0,1.0,1.0,1.0,9.51,3.0,85.59,0.01,9.0,0.33,4.75,28.53,1.0,0.0,0.0,3.0,0.25,3.0,6.0,3.0,6.0,4.0,0.0,3.0,1,1,0,0,0,0,0,0,0,0,0,0,0,0,1,0,1,0,0,0,0,0,0,0,0,0,0,0,1,0,0,,,kc3,traditional_file
0,record_9,record_9,.,,Unknown,1.0,7.0,4.0,0.0,0.0,8.0,4.0,0.5,2.0,4.0,3.0,0.75,14.0,1.0,0.0,8.0,2.0,4.0,1.0,15.19,14.0,2976.5,0.07,47.0,0.07,165.36,212.61,0.25,3.0,4.0,12.0,0.4,18.0,29.0,9.0,14.0,10.0,0.0,8.0,1,1,0,0,0,0,0,0,0,0,0,0,0,0,1,0,1,0,0,0,0,0,0,0,0,0,0,0,1,0,0,,,kc3,traditional_file
0,record_10,record_10,.,,Unknown,0.0,1.0,0.0,0.0,0.0,0.0,1.0,1.0,0.0,0.0,1.0,1.0,1.0,1.0,0.0,0.0,0.0,0.0,0.0,0.0,0.0,0.0,0.0,1.0,0.0,0.0,0.0,1.0,0.0,0.0,2.0,1.0,0.0,1.0,0.0,1.0,1.0,0.0,0.0,1,1,0,0,0,0,0,0,0,0,0,0,0,0,1,0,1,0,0,0,0,0,0,0,0,0,0,0,1,0,0,,,kc3,traditional_file
0,record_11,record_11,.,,Unknown,5.0,19.0,24.0,0.0,0.0,24.0,11.0,0.15,12.0,2.0,11.0,1.0,81.0,7.0,0.6,71.0,0.0,10.0,0.91,122.92,19.86,48468.15,0.81,385.0,0.05,2692.68,2440.84,0.64,6.0,12.0,72.0,0.14,139.0,246.0,63.0,18.0,78.0,0.0,71.0,1,1,0,0,0,0,0,0,0,0,0,0,0,0,1,0,1,0,0,0,0,0,0,0,0,0,0,0,1,0,0,,,kc3,traditional_file
0,record_12,record_12,.,,Unknown,0.0,1.0,2.0,0.0,0.0,0.0,1.0,0.25,0.0,0.0,1.0,1.0,3.0,1.0,0.0,4.0,0.0,1.0,1.0,10.87,3.5,133.14,0.01,12.0,0.29,7.4,38.04,1.0,0.0,0.0,4.0,0.2,2.0,10.0,2.0,7.0,5.0,0.0,4.0,1,1,0,0,0,0,0,0,0,0,0,0,0,0,1,0,1,0,0,0,0,0,0,0,0,0,0,0,1,0,0,,,kc3,traditional_file
0,record_13,record_13,.,,Unknown,3.0,3.0,5.0,0.0,5.0,4.0,2.0,0.29,2.0,2.0,2.0,1.0,11.0,1.0,0.0,7.0,0.0,2.0,1.0,20.1,11.7,2752.14,0.08,52.0,0.09,152.9,235.23,0.5,1.0,2.0,11.0,0.13,18.0,34.0,10.0,13.0,16.0,41.67,7.0,1,1,0,0,0,0,0,0,0,0,0,0,0,0,1,0,1,0,0,0,0,0,0,0,0,0,0,0,1,0,0,,,kc3,traditional_file
0,record_14,record_14,.,,Unknown,9.0,12.0,10.0,0.0,8.0,16.0,7.0,0.21,8.0,2.0,6.0,0.86,38.0,1.0,0.0,34.0,1.0,5.0,0.71,54.94,20.4,22864.72,0.37,193.0,0.05,1270.26,1120.82,0.14,4.0,8.0,33.0,0.13,68.0,125.0,35.0,21.0,53.0,19.05,34.0,1,1,0,0,0,0,0,0,0,0,0,0,0,0,1,0,1,0,0,0,0,0,0,0,0,0,0,0,1,0,0,,,kc3,traditional_file
0,record_15,record_15,.,,Unknown,0.0,8.0,6.0,0.0,1.0,8.0,5.0,0.28,4.0,2.0,3.0,0.6,22.0,3.0,0.5,18.0,1.0,3.0,0.6,33.38,14.25,6778.53,0.16,90.0,0.07,376.58,475.69,0.6,2.0,4.0,19.0,0.25,30.0,60.0,20.0,19.0,20.0,5.26,18.0,1,1,0,0,0,0,0,0,0,0,0,0,0,0,1,0,1,0,0,0,0,0,0,0,0,0,0,0,1,0,0,,,kc3,traditional_file
0,record_16,record_16,.,,Unknown,0.0,1.0,1.0,0.0,0.0,0.0,1.0,0.33,0.0,0.0,1.0,1.0,2.0,1.0,0.0,3.0,0.0,1.0,1.0,6.2,2.5,38.77,0.01,6.0,0.4,2.15,15.51,1.0,0.0,0.0,3.0,0.25,1.0,5.0,1.0,5.0,4.0,0.0,3.0,1,1,0,0,0,0,0,0,0,0,0,0,0,0,1,0,1,0,0,0,0,0,0,0,0,0,0,0,1,0,0,,,kc3,traditional_file
0,record_17,record_17,.,,Unknown,0.0,5.0,4.0,0.0,0.0,8.0,3.0,0.21,4.0,2.0,3.0,1.0,15.0,3.0,1.0,14.0,1.0,1.0,0.33,26.73,9.21,2266.4,0.08,53.0,0.11,125.91,246.12,1.0,2.0,4.0,14.0,0.2,17.0,36.0,12.0,13.0,15.0,0.0,14.0,1,1,0,0,0,0,0,0,0,0,0,0,0,0,1,0,1,0,0,0,0,0,0,0,0,0,0,0,1,0,0,,,kc3,traditional_file
0,record_18,record_18,.,,Unknown,0.0,3.0,10.0,0.0,0.0,4.0,2.0,0.11,2.0,2.0,2.0,1.0,26.0,1.0,0.0,19.0,0.0,2.0,1.0,48.56,17.22,14395.0,0.28,163.0,0.06,799.72,836.07,0.5,1.0,2.0,26.0,0.1,66.0,97.0,23.0,12.0,20.0,0.0,19.0,1,1,0,0,0,0,0,0,0,0,0,0,0,0,1,0,1,0,0,0,0,0,0,0,0,0,0,0,1,0,0,,,kc3,traditional_file
1,record_19,record_19,.,,Unknown,5.0,6.0,6.0,1.0,0.0,4.0,4.0,0.18,2.0,2.0,3.0,0.75,19.0,1.0,0.0,21.0,0.0,3.0,0.75,32.17,13.68,6017.65,0.15,88.0,0.07,334.31,440.0,0.25,1.0,2.0,17.0,0.14,31.0,57.0,17.0,15.0,28.0,4.55,22.0,1,1,0,0,0,0,0,0,0,0,0,0,0,0,1,0,1,0,0,0,0,0,0,0,0,0,0,0,1,0,0,,,kc3,traditional_file
1,record_20,record_20,.,,Unknown,1.0,6.0,7.0,0.0,1.0,0.0,5.0,0.19,0.0,0.0,4.0,0.8,24.0,1.0,0.0,27.0,0.0,4.0,0.8,54.2,14.04,10683.73,0.25,145.0,0.07,593.54,760.95,0.2,0.0,0.0,21.0,0.17,54.0,91.0,25.0,13.0,30.0,3.57,27.0,1,1,0,0,0,0,0,0,0,0,0,0,0,0,1,0,1,0,0,0,0,0,0,0,0,0,0,0,1,0,0,,,kc3,traditional_file
0,record_21,record_21,.,,Unknown,0.0,1.0,1.0,0.0,0.0,0.0,1.0,0.33,0.0,0.0,1.0,1.0,2.0,1.0,0.0,3.0,0.0,1.0,1.0,5.43,7.0,266.27,0.01,12.0,0.14,14.79,38.04,1.0,0.0,0.0,3.0,0.25,4.0,8.0,2.0,7.0,4.0,0.0,3.0,1,1,0,0,0,0,0,0,0,0,0,0,0,0,1,0,1,0,0,0,0,0,0,0,0,0,0,0,1,0,0,,,kc3,traditional_file
0,record_22,record_22,.,,Unknown,0.0,1.0,1.0,0.0,0.0,0.0,1.0,0.33,0.0,0.0,1.0,1.0,2.0,1.0,0.0,3.0,0.0,1.0,1.0,8.0,3.0,72.0,0.01,8.0,0.33,4.0,24.0,1.0,0.0,0.0,3.0,0.25,2.0,6.0,2.0,6.0,4.0,0.0,3.0,1,1,0,0,0,0,0,0,0,0,0,0,0,0,1,0,1,0,0,0,0,0,0,0,0,0,0,0,1,0,0,,,kc3,traditional_file
0,record_23,record_23,.,,Unknown,3.0,11.0,6.0,0.0,0.0,20.0,6.0,0.24,10.0,2.0,6.0,1.0,35.0,1.0,0.0,25.0,1.0,6.0,1.0,30.2,25.0,18875.0,0.25,151.0,0.04,1048.61,755.0,0.17,5.0,10.0,31.0,0.21,50.0,101.0,16.0,16.0,29.0,0.0,25.0,1,1,0,0,0,0,0,0,0,0,0,0,0,0,1,0,1,0,0,0,0,0,0,0,0,0,0,0,1,0,0,,,kc3,traditional_file
0,record_24,record_24,.,,Unknown,1.0,3.0,5.0,0.0,1.0,4.0,2.0,0.22,2.0,2.0,2.0,1.0,12.0,1.0,0.0,9.0,3.0,2.0,1.0,29.06,11.2,3645.43,0.11,67.0,0.09,202.52,325.48,0.5,1.0,2.0,12.0,0.17,24.0,43.0,15.0,14.0,12.0,10.0,9.0,1,1,0,0,0,0,0,0,0,0,0,0,0,0,1,0,1,0,0,0,0,0,0,0,0,0,0,0,1,0,0,,,kc3,traditional_file
0,record_25,record_25,.,,Unknown,1.0,3.0,3.0,0.0,0.0,4.0,2.0,0.25,2.0,2.0,2.0,1.0,8.0,1.0,0.0,8.0,1.0,2.0,1.0,15.23,10.5,1679.07,0.05,37.0,0.1,93.28,159.91,0.5,1.0,2.0,8.0,0.2,14.0,23.0,8.0,12.0,10.0,0.0,8.0,1,1,0,0,0,0,0,0,0,0,0,0,0,0,1,0,1,0,0,0,0,0,0,0,0,0,0,0,1,0,0,,,kc3,traditional_file
0,record_26,record_26,.,,Unknown,5.0,18.0,15.0,0.0,0.0,26.0,10.0,0.19,12.0,2.17,10.0,1.0,65.0,5.0,0.44,52.0,0.0,9.0,0.9,80.76,27.14,59492.48,0.73,353.0,0.04,3305.14,2191.94,0.5,7.0,13.0,57.0,0.17,137.0,216.0,53.0,21.0,59.0,0.0,52.0,1,1,0,0,0,0,0,0,0,0,0,0,0,0,1,0,1,0,0,0,0,0,0,0,0,0,0,0,1,0,0,,,kc3,traditional_file
0,record_27,record_27,.,,Unknown,2.0,1.0,3.0,0.0,1.0,0.0,1.0,0.2,0.0,0.0,1.0,1.0,4.0,1.0,0.0,5.0,0.0,1.0,1.0,23.96,5.85,820.06,0.05,33.0,0.17,45.56,140.18,1.0,0.0,0.0,5.0,0.11,13.0,20.0,10.0,9.0,9.0,16.67,5.0,1,1,0,0,0,0,0,0,0,0,0,0,0,0,1,0,1,0,0,0,0,0,0,0,0,0,0,0,1,0,0,,,kc3,traditional_file
0,record_28,record_28,.,,Unknown,1.0,3.0,3.0,0.0,0.0,4.0,2.0,0.5,2.0,2.0,2.0,1.0,9.0,1.0,0.0,4.0,0.0,2.0,1.0,19.29,6.72,871.59,0.04,30.0,0.15,48.42,129.66,0.5,1.0,2.0,9.0,0.33,11.0,19.0,9.0,11.0,6.0,0.0,4.0,1,1,0,0,0,0,0,0,0,0,0,0,0,0,1,0,1,0,0,0,0,0,0,0,0,0,0,0,1,0,0,,,kc3,traditional_file
0,record_29,record_29,.,,Unknown,0.0,1.0,0.0,0.0,0.0,0.0,1.0,0.33,0.0,0.0,1.0,1.0,1.0,1.0,0.0,3.0,1.0,1.0,1.0,3.62,5.0,90.47,0.01,7.0,0.2,5.03,18.09,1.0,0.0,0.0,2.0,0.25,2.0,5.0,1.0,5.0,4.0,0.0,3.0,1,1,0,0,0,0,0,0,0,0,0,0,0,0,1,0,1,0,0,0,0,0,0,0,0,0,0,0,1,0,0,,,kc3,traditional_file
0,record_30,record_30,.,,Unknown,0.0,1.0,0.0,0.0,0.0,0.0,1.0,0.33,0.0,0.0,1.0,1.0,1.0,1.0,0.0,3.0,0.0,1.0,1.0,5.33,1.5,12.0,0.0,4.0,0.67,0.67,8.0,1.0,0.0,0.0,2.0,0.25,1.0,3.0,1.0,3.0,4.0,0.0,3.0,1,1,0,0,0,0,0,0,0,0,0,0,0,0,1,0,1,0,0,0,0,0,0,0,0,0,0,0,1,0,0,,,kc3,traditional_file
0,record_31,record_31,.,,Unknown,0.0,1.0,2.0,0.0,0.0,0.0,1.0,0.25,0.0,0.0,1.0,1.0,3.0,1.0,0.0,4.0,0.0,1.0,1.0,13.44,4.0,215.1,0.02,15.0,0.25,11.95,53.77,1.0,0.0,0.0,4.0,0.2,4.0,11.0,4.0,8.0,5.0,0.0,4.0,1,1,0,0,0,0,0,0,0,0,0,0,0,0,1,0,1,0,0,0,0,0,0,0,0,0,0,0,1,0,0,,,kc3,traditional_file
0,record_32,record_32,.,,Unknown,3.0,15.0,9.0,1.0,4.0,4.0,10.0,0.23,2.0,2.0,8.0,0.8,45.0,1.0,0.0,42.0,0.0,7.0,0.7,58.91,16.11,15290.22,0.32,176.0,0.06,849.46,949.05,0.1,1.0,2.0,37.0,0.19,58.0,118.0,27.0,15.0,52.0,10.64,43.0,1,1,0,0,0,0,0,0,0,0,0,0,0,0,1,0,1,0,0,0,0,0,0,0,0,0,0,0,1,0,0,,,kc3,traditional_file
0,record_33,record_33,.,,Unknown,0.0,4.0,3.0,1.0,0.0,0.0,3.0,0.3,0.0,0.0,2.0,0.67,10.0,1.0,0.0,9.0,0.0,2.0,0.67,16.46,7.2,853.46,0.04,29.0,0.14,47.41,118.54,0.33,0.0,0.0,9.0,0.27,6.0,23.0,5.0,12.0,11.0,10.0,10.0,1,1,0,0,0,0,0,0,0,0,0,0,0,0,1,0,1,0,0,0,0,0,0,0,0,0,0,0,1,0,0,,,kc3,traditional_file
0,record_34,record_34,.,,Unknown,0.0,1.0,1.0,0.0,0.0,0.0,1.0,0.14,0.0,0.0,1.0,1.0,2.0,1.0,0.0,7.0,0.0,1.0,1.0,12.19,5.0,304.72,0.02,17.0,0.2,16.93,60.94,1.0,0.0,0.0,3.0,0.13,5.0,12.0,4.0,8.0,8.0,0.0,7.0,1,1,0,0,0,0,0,0,0,0,0,0,0,0,1,0,1,0,0,0,0,0,0,0,0,0,0,0,1,0,0,,,kc3,traditional_file
0,record_35,record_35,.,,Unknown,1.0,4.0,5.0,0.0,0.0,0.0,3.0,0.21,0.0,0.0,2.0,0.67,12.0,1.0,0.0,14.0,0.0,2.0,0.67,37.67,8.13,2486.68,0.1,63.0,0.12,138.15,306.05,0.33,0.0,0.0,11.0,0.18,20.0,43.0,16.0,13.0,17.0,0.0,14.0,1,1,0,0,0,0,0,0,0,0,0,0,0,0,1,0,1,0,0,0,0,0,0,0,0,0,0,0,1,0,0,,,kc3,traditional_file
0,record_36,record_36,.,,Unknown,9.0,34.0,28.0,1.0,27.0,56.0,18.0,0.22,26.0,2.15,15.0,0.83,116.0,10.0,0.53,81.0,3.0,16.0,0.89,93.63,43.69,178710.34,1.36,608.0,0.02,9928.35,4090.58,0.56,15.0,28.0,100.0,0.15,232.0,376.0,77.0,29.0,121.0,25.69,82.0,1,1,0,0,0,0,0,0,0,0,0,0,0,0,1,0,1,0,0,0,0,0,0,0,0,0,0,0,1,0,0,,,kc3,traditional_file
0,record_37,record_37,.,,Unknown,0.0,1.0,1.0,0.0,0.0,0.0,1.0,1.0,0.0,0.0,1.0,1.0,2.0,1.0,0.0,0.0,1.0,1.0,1.0,9.51,3.0,85.59,0.01,9.0,0.33,4.75,28.53,1.0,0.0,0.0,3.0,1.0,3.0,6.0,3.0,6.0,1.0,0.0,0.0,1,1,0,0,0,0,0,0,0,0,0,0,0,0,1,0,1,0,0,0,0,0,0,0,0,0,0,0,1,0,0,,,kc3,traditional_file
0,record_38,record_38,.,,Unknown,1.0,3.0,3.0,0.0,0.0,4.0,2.0,0.25,2.0,2.0,2.0,1.0,8.0,1.0,0.0,8.0,1.0,2.0,1.0,15.23,10.5,1679.07,0.05,37.0,0.1,93.28,159.91,0.5,1.0,2.0,8.0,0.2,14.0,23.0,8.0,12.0,10.0,0.0,8.0,1,1,0,0,0,0,0,0,0,0,0,0,0,0,1,0,1,0,0,0,0,0,0,0,0,0,0,0,1,0,0,,,kc3,traditional_file
0,record_39,record_39,.,,Unknown,0.0,1.0,2.0,0.0,0.0,0.0,1.0,0.2,0.0,0.0,1.0,1.0,3.0,1.0,0.0,5.0,0.0,1.0,1.0,26.28,4.2,463.52,0.04,27.0,0.24,25.75,110.36,1.0,0.0,0.0,4.0,0.17,12.0,15.0,10.0,7.0,6.0,0.0,5.0,1,1,0,0,0,0,0,0,0,0,0,0,0,0,1,0,1,0,0,0,0,0,0,0,0,0,0,0,1,0,0,,,kc3,traditional_file
0,record_40,record_40,.,,Unknown,1.0,20.0,11.0,0.0,2.0,26.0,11.0,0.28,10.0,2.6,8.0,0.73,52.0,1.0,0.0,39.0,3.0,10.0,0.91,60.86,22.0,29456.04,0.45,224.0,0.05,1636.45,1338.91,0.09,8.0,13.0,43.0,0.25,82.0,142.0,41.0,22.0,44.0,4.88,39.0,1,1,0,0,0,0,0,0,0,0,0,0,0,0,1,0,1,0,0,0,0,0,0,0,0,0,0,0,1,0,0,,,kc3,traditional_file
0,record_41,record_41,.,,Unknown,0.0,4.0,3.0,1.0,0.0,0.0,3.0,0.3,0.0,0.0,2.0,0.67,10.0,1.0,0.0,9.0,0.0,2.0,0.67,16.46,7.2,853.46,0.04,29.0,0.14,47.41,118.54,0.33,0.0,0.0,9.0,0.27,6.0,23.0,5.0,12.0,11.0,10.0,10.0,1,1,0,0,0,0,0,0,0,0,0,0,0,0,1,0,1,0,0,0,0,0,0,0,0,0,0,0,1,0,0,,,kc3,traditional_file
0,record_42,record_42,.,,Unknown,5.0,3.0,6.0,0.0,1.0,4.0,2.0,0.12,2.0,2.0,2.0,1.0,17.0,1.0,0.0,17.0,1.0,1.0,0.5,50.08,14.0,9816.39,0.23,139.0,0.07,545.36,701.17,0.5,1.0,2.0,17.0,0.08,56.0,83.0,22.0,11.0,24.0,5.56,17.0,1,1,0,0,0,0,0,0,0,0,0,0,0,0,1,0,1,0,0,0,0,0,0,0,0,0,0,0,1,0,0,,,kc3,traditional_file
0,record_43,record_43,.,,Unknown,12.0,14.0,22.0,0.0,1.0,10.0,9.0,0.14,4.0,2.5,7.0,0.78,68.0,4.0,0.38,66.0,0.0,6.0,0.67,116.42,23.48,64177.21,0.91,418.0,0.04,3565.4,2733.37,0.44,3.0,5.0,61.0,0.11,161.0,257.0,72.0,21.0,81.0,1.49,66.0,1,1,0,0,0,0,0,0,0,0,0,0,0,0,1,0,1,0,0,0,0,0,0,0,0,0,0,0,1,0,0,,,kc3,traditional_file
0,record_44,record_44,.,,Unknown,0.0,1.0,1.0,0.0,0.0,0.0,1.0,0.17,0.0,0.0,1.0,1.0,2.0,1.0,0.0,6.0,0.0,1.0,1.0,7.75,6.0,279.04,0.02,14.0,0.17,15.5,46.51,1.0,0.0,0.0,3.0,0.14,3.0,11.0,2.0,8.0,7.0,0.0,6.0,1,1,0,0,0,0,0,0,0,0,0,0,0,0,1,0,1,0,0,0,0,0,0,0,0,0,0,0,1,0,0,,,kc3,traditional_file
0,record_45,record_45,.,,Unknown,0.0,1.0,2.0,0.0,0.0,0.0,1.0,0.17,0.0,0.0,1.0,1.0,3.0,1.0,0.0,6.0,0.0,1.0,1.0,14.68,8.25,999.19,0.04,31.0,0.12,55.51,121.11,1.0,0.0,0.0,4.0,0.14,11.0,20.0,6.0,9.0,7.0,0.0,6.0,1,1,0,0,0,0,0,0,0,0,0,0,0,0,1,0,1,0,0,0,0,0,0,0,0,0,0,0,1,0,0,,,kc3,traditional_file
0,record_46,record_46,.,,Unknown,3.0,5.0,7.0,1.0,2.0,8.0,3.0,0.18,4.0,2.0,1.0,0.33,18.0,1.0,0.0,16.0,0.0,3.0,1.0,44.98,14.69,9703.67,0.22,125.0,0.07,539.09,660.68,0.33,2.0,4.0,17.0,0.12,47.0,78.0,24.0,15.0,25.0,15.79,17.0,1,1,0,0,0,0,0,0,0,0,0,0,0,0,1,0,1,0,0,0,0,0,0,0,0,0,0,0,1,0,0,,,kc3,traditional_file
0,record_47,record_47,.,,Unknown,2.0,3.0,5.0,0.0,1.0,4.0,2.0,0.25,2.0,2.0,2.0,1.0,10.0,1.0,0.0,8.0,1.0,2.0,1.0,26.84,8.18,1796.86,0.07,50.0,0.12,99.83,219.62,0.5,1.0,2.0,10.0,0.17,18.0,32.0,11.0,10.0,12.0,11.11,8.0,1,1,0,0,0,0,0,0,0,0,0,0,0,0,1,0,1,0,0,0,0,0,0,0,0,0,0,0,1,0,0,,,kc3,traditional_file
0,record_48,record_48,.,,Unknown,0.0,3.0,7.0,0.0,0.0,4.0,2.0,0.17,2.0,2.0,2.0,1.0,14.0,1.0,0.0,12.0,1.0,1.0,0.5,41.57,8.24,2819.37,0.11,72.0,0.12,156.63,342.35,0.5,1.0,2.0,14.0,0.15,28.0,44.0,17.0,10.0,13.0,0.0,12.0,1,1,0,0,0,0,0,0,0,0,0,0,0,0,1,0,1,0,0,0,0,0,0,0,0,0,0,0,1,0,0,,,kc3,traditional_file
0,record_49,record_49,.,,Unknown,0.0,1.0,1.0,0.0,0.0,0.0,1.0,0.33,0.0,0.0,1.0,1.0,2.0,1.0,0.0,3.0,0.0,1.0,1.0,6.2,2.5,38.77,0.01,6.0,0.4,2.15,15.51,1.0,0.0,0.0,3.0,0.25,1.0,5.0,1.0,5.0,4.0,0.0,3.0,1,1,0,0,0,0,0,0,0,0,0,0,0,0,1,0,1,0,0,0,0,0,0,0,0,0,0,0,1,0,0,,,kc3,traditional_file
0,record_50,record_50,.,,Unknown,2.0,4.0,3.0,0.0,0.0,0.0,3.0,0.21,0.0,0.0,3.0,1.0,11.0,1.0,0.0,14.0,1.0,3.0,1.0,26.15,9.17,2197.7,0.08,53.0,0.11,122.09,239.75,0.33,0.0,0.0,10.0,0.17,20.0,33.0,12.0,11.0,18.0,0.0,14.0,1,1,0,0,0,0,0,0,0,0,0,0,0,0,1,0,1,0,0,0,0,0,0,0,0,0,0,0,1,0,0,,,kc3,traditional_file
0,record_51,record_51,.,,Unknown,0.0,1.0,0.0,0.0,0.0,0.0,1.0,0.33,0.0,0.0,1.0,1.0,1.0,1.0,0.0,3.0,0.0,1.0,1.0,5.33,1.5,12.0,0.0,4.0,0.67,0.67,8.0,1.0,0.0,0.0,2.0,0.25,1.0,3.0,1.0,3.0,4.0,0.0,3.0,1,1,0,0,0,0,0,0,0,0,0,0,0,0,1,0,1,0,0,0,0,0,0,0,0,0,0,0,1,0,0,,,kc3,traditional_file
0,record_52,record_52,.,,Unknown,9.0,3.0,9.0,0.0,4.0,4.0,2.0,0.1,2.0,2.0,2.0,1.0,22.0,1.0,0.0,21.0,0.0,1.0,0.5,71.77,11.08,8806.58,0.27,155.0,0.09,489.25,795.04,0.5,1.0,2.0,22.0,0.06,64.0,91.0,26.0,9.0,35.0,16.0,21.0,1,1,0,0,0,0,0,0,0,0,0,0,0,0,1,0,1,0,0,0,0,0,0,0,0,0,0,0,1,0,0,,,kc3,traditional_file
0,record_53,record_53,.,,Unknown,0.0,1.0,2.0,0.0,0.0,0.0,1.0,0.2,0.0,0.0,1.0,1.0,3.0,1.0,0.0,5.0,0.0,1.0,1.0,26.28,4.2,463.52,0.04,27.0,0.24,25.75,110.36,1.0,0.0,0.0,4.0,0.17,12.0,15.0,10.0,7.0,6.0,0.0,5.0,1,1,0,0,0,0,0,0,0,0,0,0,0,0,1,0,1,0,0,0,0,0,0,0,0,0,0,0,1,0,0,,,kc3,traditional_file
0,record_54,record_54,.,,Unknown,1.0,1.0,3.0,0.0,0.0,0.0,1.0,0.2,0.0,0.0,1.0,1.0,4.0,1.0,0.0,5.0,3.0,1.0,1.0,34.59,3.55,434.76,0.04,30.0,0.28,24.15,122.62,1.0,0.0,0.0,5.0,0.13,13.0,17.0,11.0,6.0,8.0,0.0,5.0,1,1,0,0,0,0,0,0,0,0,0,0,0,0,1,0,1,0,0,0,0,0,0,0,0,0,0,0,1,0,0,,,kc3,traditional_file
0,record_55,record_55,.,,Unknown,0.0,1.0,1.0,0.0,0.0,0.0,1.0,0.33,0.0,0.0,1.0,1.0,2.0,1.0,0.0,3.0,1.0,1.0,1.0,9.51,3.0,85.59,0.01,9.0,0.33,4.75,28.53,1.0,0.0,0.0,3.0,0.25,3.0,6.0,3.0,6.0,4.0,0.0,3.0,1,1,0,0,0,0,0,0,0,0,0,0,0,0,1,0,1,0,0,0,0,0,0,0,0,0,0,0,1,0,0,,,kc3,traditional_file
0,record_56,record_56,.,,Unknown,0.0,1.0,1.0,0.0,0.0,0.0,1.0,1.0,0.0,0.0,1.0,1.0,2.0,1.0,0.0,0.0,1.0,1.0,1.0,9.51,3.0,85.59,0.01,9.0,0.33,4.75,28.53,1.0,0.0,0.0,3.0,1.0,3.0,6.0,3.0,6.0,1.0,0.0,0.0,1,1,0,0,0,0,0,0,0,0,0,0,0,0,1,0,1,0,0,0,0,0,0,0,0,0,0,0,1,0,0,,,kc3,traditional_file
0,record_57,record_57,.,,Unknown,0.0,6.0,3.0,0.0,0.0,4.0,4.0,0.31,2.0,2.0,3.0,0.75,14.0,1.0,0.0,13.0,0.0,2.0,0.5,21.05,11.25,2664.41,0.08,51.0,0.09,148.02,236.84,0.25,1.0,2.0,12.0,0.29,15.0,36.0,10.0,15.0,14.0,0.0,13.0,1,1,0,0,0,0,0,0,0,0,0,0,0,0,1,0,1,0,0,0,0,0,0,0,0,0,0,0,1,0,0,,,kc3,traditional_file
0,record_58,record_58,.,,Unknown,0.0,1.0,1.0,0.0,1.0,0.0,1.0,0.25,0.0,0.0,1.0,1.0,2.0,1.0,0.0,4.0,0.0,1.0,1.0,6.64,6.0,239.18,0.01,12.0,0.17,13.29,39.86,1.0,0.0,0.0,3.0,0.17,3.0,9.0,2.0,8.0,6.0,20.0,4.0,1,1,0,0,0,0,0,0,0,0,0,0,0,0,1,0,1,0,0,0,0,0,0,0,0,0,0,0,1,0,0,,,kc3,traditional_file
0,record_59,record_59,.,,Unknown,0.0,1.0,1.0,0.0,0.0,0.0,1.0,0.33,0.0,0.0,1.0,1.0,2.0,1.0,0.0,3.0,0.0,1.0,1.0,8.0,3.0,72.0,0.01,8.0,0.33,4.0,24.0,1.0,0.0,0.0,3.0,0.25,2.0,6.0,2.0,6.0,4.0,0.0,3.0,1,1,0,0,0,0,0,0,0,0,0,0,0,0,1,0,1,0,0,0,0,0,0,0,0,0,0,0,1,0,0,,,kc3,traditional_file
0,record_60,record_60,.,,Unknown,0.0,1.0,0.0,0.0,0.0,0.0,1.0,1.0,0.0,0.0,1.0,1.0,1.0,1.0,0.0,0.0,0.0,0.0,0.0,5.33,1.5,12.0,0.0,4.0,0.67,0.67,8.0,1.0,0.0,0.0,2.0,1.0,1.0,3.0,1.0,3.0,1.0,0.0,0.0,1,1,0,0,0,0,0,0,0,0,0,0,0,0,1,0,1,0,0,0,0,0,0,0,0,0,0,0,1,0,0,,,kc3,traditional_file
0,record_61,record_61,.,,Unknown,6.0,18.0,17.0,0.0,1.0,28.0,10.0,0.15,14.0,2.0,9.0,0.9,68.0,1.0,0.0,67.0,0.0,7.0,0.7,65.16,27.99,51033.62,0.61,314.0,0.04,2835.2,1823.51,0.1,7.0,14.0,60.0,0.13,109.0,205.0,37.0,19.0,75.0,1.47,67.0,1,1,0,0,0,0,0,0,0,0,0,0,0,0,1,0,1,0,0,0,0,0,0,0,0,0,0,0,1,0,0,,,kc3,traditional_file
0,record_62,record_62,.,,Unknown,1.0,7.0,1.0,0.0,0.0,12.0,4.0,0.31,6.0,2.0,4.0,1.0,16.0,1.0,0.0,13.0,0.0,4.0,1.0,16.11,13.71,3029.38,0.07,52.0,0.07,168.3,220.89,0.25,3.0,6.0,14.0,0.27,16.0,36.0,7.0,12.0,15.0,0.0,13.0,1,1,0,0,0,0,0,0,0,0,0,0,0,0,1,0,1,0,0,0,0,0,0,0,0,0,0,0,1,0,0,,,kc3,traditional_file
0,record_63,record_63,.,,Unknown,0.0,1.0,1.0,0.0,0.0,0.0,1.0,0.5,0.0,0.0,1.0,1.0,2.0,1.0,0.0,2.0,0.0,1.0,1.0,6.2,2.5,38.77,0.01,6.0,0.4,2.15,15.51,1.0,0.0,0.0,3.0,0.33,1.0,5.0,1.0,5.0,3.0,0.0,2.0,1,1,0,0,0,0,0,0,0,0,0,0,0,0,1,0,1,0,0,0,0,0,0,0,0,0,0,0,1,0,0,,,kc3,traditional_file
0,record_64,record_64,.,,Unknown,0.0,1.0,0.0,0.0,0.0,0.0,1.0,0.5,0.0,0.0,1.0,1.0,1.0,1.0,0.0,2.0,0.0,0.0,0.0,0.0,0.0,0.0,0.0,1.0,0.0,0.0,0.0,1.0,0.0,0.0,2.0,0.33,0.0,1.0,0.0,1.0,3.0,0.0,2.0,1,1,0,0,0,0,0,0,0,0,0,0,0,0,1,0,1,0,0,0,0,0,0,0,0,0,0,0,1,0,0,,,kc3,traditional_file
0,record_65,record_65,.,,Unknown,0.0,1.0,1.0,0.0,0.0,0.0,1.0,0.33,0.0,0.0,1.0,1.0,2.0,1.0,0.0,3.0,0.0,1.0,1.0,6.2,2.5,38.77,0.01,6.0,0.4,2.15,15.51,1.0,0.0,0.0,3.0,0.25,1.0,5.0,1.0,5.0,4.0,0.0,3.0,1,1,0,0,0,0,0,0,0,0,0,0,0,0,1,0,1,0,0,0,0,0,0,0,0,0,0,0,1,0,0,,,kc3,traditional_file
0,record_66,record_66,.,,Unknown,0.0,1.0,0.0,0.0,0.0,0.0,1.0,0.33,0.0,0.0,1.0,1.0,1.0,1.0,0.0,3.0,0.0,1.0,1.0,6.2,2.5,38.77,0.01,6.0,0.4,2.15,15.51,1.0,0.0,0.0,2.0,0.25,1.0,5.0,1.0,5.0,4.0,0.0,3.0,1,1,0,0,0,0,0,0,0,0,0,0,0,0,1,0,1,0,0,0,0,0,0,0,0,0,0,0,1,0,0,,,kc3,traditional_file
0,record_67,record_67,.,,Unknown,1.0,5.0,5.0,0.0,4.0,0.0,4.0,0.14,0.0,0.0,3.0,0.75,20.0,1.0,0.0,29.0,3.0,3.0,0.75,47.03,16.63,12999.77,0.26,149.0,0.06,722.21,781.94,0.25,0.0,0.0,18.0,0.11,57.0,92.0,24.0,14.0,38.0,12.12,29.0,1,1,0,0,0,0,0,0,0,0,0,0,0,0,1,0,1,0,0,0,0,0,0,0,0,0,0,0,1,0,0,,,kc3,traditional_file
1,record_68,record_68,.,,Unknown,0.0,1.0,4.0,0.0,0.0,0.0,1.0,0.17,0.0,0.0,1.0,1.0,5.0,1.0,0.0,6.0,1.0,1.0,1.0,30.14,6.15,1141.33,0.06,41.0,0.16,63.41,185.47,1.0,0.0,0.0,6.0,0.14,16.0,25.0,13.0,10.0,7.0,0.0,6.0,1,1,0,0,0,0,0,0,0,0,0,0,0,0,1,0,1,0,0,0,0,0,0,0,0,0,0,0,1,0,0,,,kc3,traditional_file
0,record_69,record_69,.,,Unknown,5.0,11.0,11.0,0.0,2.0,20.0,6.0,0.27,10.0,2.0,5.0,0.83,36.0,1.0,0.0,22.0,2.0,5.0,0.83,35.31,19.55,13490.6,0.23,128.0,0.05,749.48,690.22,0.17,5.0,10.0,32.0,0.19,43.0,85.0,22.0,20.0,31.0,8.33,22.0,1,1,0,0,0,0,0,0,0,0,0,0,0,0,1,0,1,0,0,0,0,0,0,0,0,0,0,0,1,0,0,,,kc3,traditional_file
0,record_70,record_70,.,,Unknown,1.0,6.0,6.0,0.0,0.0,4.0,4.0,0.21,2.0,2.0,3.0,0.75,18.0,3.0,0.67,19.0,0.0,3.0,0.75,29.26,13.5,5332.5,0.13,79.0,0.07,296.25,395.0,0.75,1.0,2.0,16.0,0.18,27.0,52.0,16.0,16.0,22.0,0.0,19.0,1,1,0,0,0,0,0,0,0,0,0,0,0,0,1,0,1,0,0,0,0,0,0,0,0,0,0,0,1,0,0,,,kc3,traditional_file
0,record_71,record_71,.,,Unknown,1.0,1.0,4.0,0.0,0.0,0.0,1.0,0.14,0.0,0.0,1.0,1.0,6.0,1.0,0.0,7.0,0.0,1.0,1.0,23.88,7.65,1397.36,0.06,43.0,0.13,77.63,182.66,1.0,0.0,0.0,7.0,0.11,17.0,26.0,10.0,9.0,9.0,0.0,7.0,1,1,0,0,0,0,0,0,0,0,0,0,0,0,1,0,1,0,0,0,0,0,0,0,0,0,0,0,1,0,0,,,kc3,traditional_file
0,record_72,record_72,.,,Unknown,0.0,1.0,2.0,0.0,0.0,0.0,1.0,0.25,0.0,0.0,1.0,1.0,3.0,1.0,0.0,4.0,0.0,1.0,1.0,16.5,2.0,66.0,0.01,11.0,0.5,3.67,33.0,1.0,0.0,0.0,4.0,0.2,4.0,7.0,4.0,4.0,5.0,0.0,4.0,1,1,0,0,0,0,0,0,0,0,0,0,0,0,1,0,1,0,0,0,0,0,0,0,0,0,0,0,1,0,0,,,kc3,traditional_file
0,record_73,record_73,.,,Unknown,0.0,1.0,0.0,0.0,0.0,0.0,1.0,0.33,0.0,0.0,1.0,1.0,1.0,1.0,0.0,3.0,1.0,1.0,1.0,3.62,5.0,90.47,0.01,7.0,0.2,5.03,18.09,1.0,0.0,0.0,2.0,0.25,2.0,5.0,1.0,5.0,4.0,0.0,3.0,1,1,0,0,0,0,0,0,0,0,0,0,0,0,1,0,1,0,0,0,0,0,0,0,0,0,0,0,1,0,0,,,kc3,traditional_file
0,record_74,record_74,.,,Unknown,7.0,1.0,6.0,0.0,4.0,0.0,1.0,0.05,0.0,0.0,1.0,1.0,14.0,1.0,0.0,21.0,0.0,1.0,1.0,69.8,10.02,7011.39,0.23,144.0,0.1,389.52,699.55,1.0,0.0,0.0,15.0,0.03,63.0,81.0,22.0,7.0,33.0,16.0,21.0,1,1,0,0,0,0,0,0,0,0,0,0,0,0,1,0,1,0,0,0,0,0,0,0,0,0,0,0,1,0,0,,,kc3,traditional_file
1,record_75,record_75,.,,Unknown,7.0,27.0,9.0,1.0,4.0,46.0,14.0,0.33,20.0,2.3,12.0,0.86,64.0,6.0,0.38,42.0,0.0,11.0,0.79,35.69,27.62,27226.57,0.33,184.0,0.04,1512.59,985.79,0.43,13.0,23.0,52.0,0.25,58.0,126.0,21.0,20.0,57.0,10.64,43.0,1,1,0,0,0,0,0,0,0,0,0,0,0,0,1,0,1,0,0,0,0,0,0,0,0,0,0,0,1,0,0,,,kc3,traditional_file
0,record_76,record_76,.,,Unknown,1.0,5.0,3.0,0.0,0.0,8.0,3.0,0.25,4.0,2.0,3.0,1.0,13.0,1.0,0.0,12.0,1.0,3.0,1.0,26.16,9.23,2229.05,0.08,52.0,0.11,123.84,241.48,0.33,2.0,4.0,12.0,0.21,20.0,32.0,13.0,12.0,14.0,0.0,12.0,1,1,0,0,0,0,0,0,0,0,0,0,0,0,1,0,1,0,0,0,0,0,0,0,0,0,0,0,1,0,0,,,kc3,traditional_file
0,record_77,record_77,.,,Unknown,0.0,1.0,0.0,0.0,0.0,0.0,1.0,0.25,0.0,0.0,1.0,1.0,1.0,1.0,0.0,4.0,0.0,0.0,0.0,9.47,2.67,67.38,0.01,9.0,0.38,3.74,25.27,1.0,0.0,0.0,2.0,0.2,4.0,5.0,3.0,4.0,5.0,0.0,4.0,1,1,0,0,0,0,0,0,0,0,0,0,0,0,1,0,1,0,0,0,0,0,0,0,0,0,0,0,1,0,0,,,kc3,traditional_file
0,record_78,record_78,.,,Unknown,15.0,13.0,14.0,0.0,0.0,0.0,9.0,0.14,0.0,0.0,9.0,1.0,55.0,1.0,0.0,64.0,0.0,6.0,0.67,89.26,20.71,38301.26,0.62,317.0,0.05,2127.85,1849.03,0.11,0.0,0.0,48.0,0.11,116.0,201.0,42.0,15.0,80.0,0.0,64.0,1,1,0,0,0,0,0,0,0,0,0,0,0,0,1,0,1,0,0,0,0,0,0,0,0,0,0,0,1,0,0,,,kc3,traditional_file
0,record_79,record_79,.,,Unknown,1.0,1.0,5.0,0.0,0.0,0.0,1.0,0.1,0.0,0.0,1.0,1.0,16.0,1.0,0.0,10.0,0.0,1.0,1.0,82.4,6.85,3871.09,0.19,114.0,0.15,215.06,564.78,1.0,0.0,0.0,17.0,0.08,47.0,67.0,24.0,7.0,13.0,0.0,10.0,1,1,0,0,0,0,0,0,0,0,0,0,0,0,1,0,1,0,0,0,0,0,0,0,0,0,0,0,1,0,0,,,kc3,traditional_file
0,record_80,record_80,.,,Unknown,0.0,1.0,2.0,0.0,0.0,0.0,1.0,0.2,0.0,0.0,1.0,1.0,3.0,1.0,0.0,5.0,0.0,1.0,1.0,26.28,4.2,463.52,0.04,27.0,0.24,25.75,110.36,1.0,0.0,0.0,4.0,0.17,12.0,15.0,10.0,7.0,6.0,0.0,5.0,1,1,0,0,0,0,0,0,0,0,0,0,0,0,1,0,1,0,0,0,0,0,0,0,0,0,0,0,1,0,0,,,kc3,traditional_file
0,record_81,record_81,.,,Unknown,24.0,45.0,36.0,1.0,8.0,58.0,25.0,0.21,24.0,2.42,23.0,0.92,150.0,8.0,0.29,117.0,0.0,23.0,0.92,142.73,32.85,154013.92,1.56,680.0,0.03,8556.33,4688.48,0.32,17.0,29.0,127.0,0.17,235.0,445.0,93.0,26.0,151.0,7.14,118.0,1,1,0,0,0,0,0,0,0,0,0,0,0,0,1,0,1,0,0,0,0,0,0,0,0,0,0,0,1,0,0,,,kc3,traditional_file
0,record_82,record_82,.,,Unknown,1.0,1.0,4.0,0.0,0.0,0.0,1.0,0.2,0.0,0.0,1.0,1.0,5.0,1.0,0.0,5.0,0.0,1.0,1.0,25.02,5.5,756.84,0.05,33.0,0.18,42.05,137.61,1.0,0.0,0.0,6.0,0.13,11.0,22.0,9.0,9.0,8.0,0.0,5.0,1,1,0,0,0,0,0,0,0,0,0,0,0,0,1,0,1,0,0,0,0,0,0,0,0,0,0,0,1,0,0,,,kc3,traditional_file
0,record_83,record_83,.,,Unknown,2.0,1.0,6.0,0.0,2.0,0.0,1.0,0.1,0.0,0.0,1.0,1.0,8.0,1.0,0.0,10.0,2.0,1.0,1.0,50.45,8.37,3534.13,0.14,83.0,0.12,196.34,422.26,1.0,0.0,0.0,9.0,0.06,35.0,48.0,23.0,11.0,16.0,16.67,10.0,1,1,0,0,0,0,0,0,0,0,0,0,0,0,1,0,1,0,0,0,0,0,0,0,0,0,0,0,1,0,0,,,kc3,traditional_file
0,record_84,record_84,.,,Unknown,0.0,1.0,2.0,0.0,0.0,0.0,1.0,0.25,0.0,0.0,1.0,1.0,3.0,1.0,0.0,4.0,1.0,1.0,1.0,14.28,5.33,406.12,0.03,20.0,0.19,22.56,76.15,1.0,0.0,0.0,4.0,0.2,8.0,12.0,6.0,8.0,5.0,0.0,4.0,1,1,0,0,0,0,0,0,0,0,0,0,0,0,1,0,1,0,0,0,0,0,0,0,0,0,0,0,1,0,0,,,kc3,traditional_file
0,record_85,record_85,.,,Unknown,0.0,1.0,0.0,0.0,0.0,0.0,1.0,0.33,0.0,0.0,1.0,1.0,1.0,1.0,0.0,3.0,0.0,1.0,1.0,5.33,1.5,12.0,0.0,4.0,0.67,0.67,8.0,1.0,0.0,0.0,2.0,0.25,1.0,3.0,1.0,3.0,4.0,0.0,3.0,1,1,0,0,0,0,0,0,0,0,0,0,0,0,1,0,1,0,0,0,0,0,0,0,0,0,0,0,1,0,0,,,kc3,traditional_file
0,record_86,record_86,.,,Unknown,3.0,5.0,3.0,0.0,1.0,6.0,3.0,0.27,2.0,3.0,2.0,0.67,13.0,3.0,1.0,11.0,1.0,1.0,0.33,29.72,13.6,5496.65,0.13,85.0,0.07,305.37,404.17,1.0,2.0,3.0,12.0,0.19,34.0,51.0,15.0,12.0,16.0,8.33,11.0,1,1,0,0,0,0,0,0,0,0,0,0,0,0,1,0,1,0,0,0,0,0,0,0,0,0,0,0,1,0,0,,,kc3,traditional_file
1,record_87,record_87,.,,Unknown,8.0,22.0,35.0,0.0,0.0,16.0,15.0,0.14,8.0,2.0,14.0,0.93,109.0,5.0,0.29,107.0,0.0,15.0,1.0,189.82,24.81,116852.98,1.57,675.0,0.04,6491.83,4709.66,0.33,4.0,8.0,96.0,0.13,263.0,412.0,106.0,20.0,118.0,0.0,107.0,1,1,0,0,0,0,0,0,0,0,0,0,0,0,1,0,1,0,0,0,0,0,0,0,0,0,0,0,1,0,0,,,kc3,traditional_file
0,record_88,record_88,.,,Unknown,0.0,1.0,0.0,0.0,0.0,0.0,1.0,0.33,0.0,0.0,1.0,1.0,1.0,1.0,0.0,3.0,1.0,1.0,1.0,3.62,5.0,90.47,0.01,7.0,0.2,5.03,18.09,1.0,0.0,0.0,2.0,0.25,2.0,5.0,1.0,5.0,4.0,0.0,3.0,1,1,0,0,0,0,0,0,0,0,0,0,0,0,1,0,1,0,0,0,0,0,0,0,0,0,0,0,1,0,0,,,kc3,traditional_file
0,record_89,record_89,.,,Unknown,0.0,4.0,3.0,0.0,0.0,0.0,3.0,0.27,0.0,0.0,2.0,0.67,10.0,1.0,0.0,11.0,0.0,2.0,0.67,17.22,9.29,1484.89,0.05,37.0,0.11,82.49,159.91,0.33,0.0,0.0,9.0,0.25,10.0,27.0,7.0,13.0,12.0,0.0,11.0,1,1,0,0,0,0,0,0,0,0,0,0,0,0,1,0,1,0,0,0,0,0,0,0,0,0,0,0,1,0,0,,,kc3,traditional_file
0,record_90,record_90,.,,Unknown,0.0,1.0,2.0,0.0,0.0,0.0,1.0,0.25,0.0,0.0,1.0,1.0,3.0,1.0,0.0,4.0,0.0,0.0,0.0,11.86,4.38,227.03,0.02,15.0,0.23,12.61,51.89,1.0,0.0,0.0,4.0,0.2,5.0,10.0,4.0,7.0,5.0,0.0,4.0,1,1,0,0,0,0,0,0,0,0,0,0,0,0,1,0,1,0,0,0,0,0,0,0,0,0,0,0,1,0,0,,,kc3,traditional_file
0,record_91,record_91,.,,Unknown,0.0,1.0,0.0,0.0,0.0,0.0,1.0,1.0,0.0,0.0,1.0,1.0,1.0,1.0,0.0,0.0,0.0,0.0,0.0,5.33,1.5,12.0,0.0,4.0,0.67,0.67,8.0,1.0,0.0,0.0,2.0,1.0,1.0,3.0,1.0,3.0,1.0,0.0,0.0,1,1,0,0,0,0,0,0,0,0,0,0,0,0,1,0,1,0,0,0,0,0,0,0,0,0,0,0,1,0,0,,,kc3,traditional_file
0,record_92,record_92,.,,Unknown,2.0,7.0,5.0,0.0,2.0,0.0,5.0,0.2,0.0,0.0,4.0,0.8,23.0,1.0,0.0,25.0,0.0,4.0,0.8,38.54,15.17,8866.36,0.19,118.0,0.07,492.58,584.6,0.2,0.0,0.0,20.0,0.17,42.0,76.0,18.0,13.0,30.0,7.41,25.0,1,1,0,0,0,0,0,0,0,0,0,0,0,0,1,0,1,0,0,0,0,0,0,0,0,0,0,0,1,0,0,,,kc3,traditional_file
0,record_93,record_93,.,,Unknown,7.0,12.0,7.0,0.0,3.0,4.0,8.0,0.17,2.0,2.0,6.0,0.75,44.0,1.0,0.0,48.0,0.0,6.0,0.75,63.66,24.16,37151.02,0.51,266.0,0.04,2063.94,1537.84,0.13,1.0,2.0,38.0,0.13,108.0,158.0,38.0,17.0,60.0,5.88,48.0,1,1,0,0,0,0,0,0,0,0,0,0,0,0,1,0,1,0,0,0,0,0,0,0,0,0,0,0,1,0,0,,,kc3,traditional_file
0,record_94,record_94,.,,Unknown,0.0,1.0,0.0,0.0,0.0,0.0,1.0,0.33,0.0,0.0,1.0,1.0,1.0,1.0,0.0,3.0,1.0,1.0,1.0,3.62,5.0,90.47,0.01,7.0,0.2,5.03,18.09,1.0,0.0,0.0,2.0,0.25,2.0,5.0,1.0,5.0,4.0,0.0,3.0,1,1,0,0,0,0,0,0,0,0,0,0,0,0,1,0,1,0,0,0,0,0,0,0,0,0,0,0,1,0,0,,,kc3,traditional_file
0,record_95,record_95,.,,Unknown,0.0,3.0,3.0,0.0,0.0,4.0,2.0,0.22,2.0,2.0,2.0,1.0,8.0,1.0,0.0,9.0,1.0,2.0,1.0,17.88,9.33,1557.81,0.06,38.0,0.11,86.54,166.91,0.5,1.0,2.0,8.0,0.2,14.0,24.0,9.0,12.0,10.0,0.0,9.0,1,1,0,0,0,0,0,0,0,0,0,0,0,0,1,0,1,0,0,0,0,0,0,0,0,0,0,0,1,0,0,,,kc3,traditional_file
0,record_96,record_96,.,,Unknown,0.0,1.0,2.0,0.0,0.0,0.0,1.0,0.2,0.0,0.0,1.0,1.0,3.0,1.0,0.0,5.0,0.0,1.0,1.0,26.28,4.2,463.52,0.04,27.0,0.24,25.75,110.36,1.0,0.0,0.0,4.0,0.17,12.0,15.0,10.0,7.0,6.0,0.0,5.0,1,1,0,0,0,0,0,0,0,0,0,0,0,0,1,0,1,0,0,0,0,0,0,0,0,0,0,0,1,0,0,,,kc3,traditional_file
0,record_97,record_97,.,,Unknown,8.0,16.0,13.0,0.0,9.0,20.0,10.0,0.22,10.0,2.0,8.0,0.8,56.0,1.0,0.0,46.0,2.0,7.0,0.7,65.15,27.14,47999.33,0.59,297.0,0.04,2666.63,1768.4,0.1,5.0,10.0,48.0,0.15,114.0,183.0,42.0,20.0,65.0,16.36,46.0,1,1,0,0,0,0,0,0,0,0,0,0,0,0,1,0,1,0,0,0,0,0,0,0,0,0,0,0,1,0,0,,,kc3,traditional_file
0,record_98,record_98,.,,Unknown,0.0,1.0,0.0,0.0,0.0,0.0,1.0,0.33,0.0,0.0,1.0,1.0,1.0,1.0,0.0,3.0,1.0,1.0,1.0,3.62,5.0,90.47,0.01,7.0,0.2,5.03,18.09,1.0,0.0,0.0,2.0,0.25,2.0,5.0,1.0,5.0,4.0,0.0,3.0,1,1,0,0,0,0,0,0,0,0,0,0,0,0,1,0,1,0,0,0,0,0,0,0,0,0,0,0,1,0,0,,,kc3,traditional_file
0,record_99,record_99,.,,Unknown,0.0,1.0,0.0,0.0,0.0,0.0,1.0,0.25,0.0,0.0,1.0,1.0,1.0,1.0,0.0,4.0,0.0,1.0,1.0,7.3,5.0,182.48,0.01,13.0,0.2,10.14,36.5,1.0,0.0,0.0,2.0,0.2,4.0,9.0,2.0,5.0,5.0,0.0,4.0,1,1,0,0,0,0,0,0,0,0,0,0,0,0,1,0,1,0,0,0,0,0,0,0,0,0,0,0,1,0,0,,,kc3,traditional_file
0,record_100,record_100,.,,Unknown,0.0,1.0,1.0,0.0,0.0,0.0,1.0,0.33,0.0,0.0,1.0,1.0,2.0,1.0,0.0,3.0,0.0,1.0,1.0,8.0,3.0,72.0,0.01,8.0,0.33,4.0,24.0,1.0,0.0,0.0,3.0,0.25,2.0,6.0,2.0,6.0,4.0,0.0,3.0,1,1,0,0,0,0,0,0,0,0,0,0,0,0,1,0,1,0,0,0,0,0,0,0,0,0,0,0,1,0,0,,,kc3,traditional_file
0,record_101,record_101,.,,Unknown,12.0,11.0,13.0,0.0,0.0,8.0,7.0,0.13,4.0,2.0,5.0,0.71,42.0,4.0,0.5,54.0,2.0,4.0,0.57,88.12,18.17,29080.61,0.53,271.0,0.06,1615.59,1600.77,0.57,2.0,4.0,37.0,0.1,109.0,162.0,45.0,15.0,67.0,0.0,54.0,1,1,0,0,0,0,0,0,0,0,0,0,0,0,1,0,1,0,0,0,0,0,0,0,0,0,0,0,1,0,0,,,kc3,traditional_file
0,record_102,record_102,.,,Unknown,0.0,3.0,3.0,0.0,0.0,4.0,2.0,0.5,2.0,2.0,2.0,1.0,9.0,1.0,0.0,4.0,0.0,1.0,0.5,19.46,3.5,238.4,0.02,19.0,0.29,13.24,68.11,0.5,1.0,2.0,9.0,0.4,5.0,14.0,5.0,7.0,5.0,0.0,4.0,1,1,0,0,0,0,0,0,0,0,0,0,0,0,1,0,1,0,0,0,0,0,0,0,0,0,0,0,1,0,0,,,kc3,traditional_file
0,record_103,record_103,.,,Unknown,0.0,1.0,0.0,0.0,0.0,0.0,1.0,0.33,0.0,0.0,1.0,1.0,1.0,1.0,0.0,3.0,0.0,1.0,1.0,5.33,1.5,12.0,0.0,4.0,0.67,0.67,8.0,1.0,0.0,0.0,2.0,0.25,1.0,3.0,1.0,3.0,4.0,0.0,3.0,1,1,0,0,0,0,0,0,0,0,0,0,0,0,1,0,1,0,0,0,0,0,0,0,0,0,0,0,1,0,0,,,kc3,traditional_file
0,record_104,record_104,.,,Unknown,0.0,3.0,6.0,0.0,0.0,4.0,2.0,0.13,2.0,2.0,2.0,1.0,12.0,1.0,0.0,16.0,2.0,2.0,1.0,27.13,15.06,6152.97,0.14,81.0,0.07,341.83,408.6,0.5,1.0,2.0,12.0,0.12,32.0,49.0,17.0,16.0,17.0,0.0,16.0,1,1,0,0,0,0,0,0,0,0,0,0,0,0,1,0,1,0,0,0,0,0,0,0,0,0,0,0,1,0,0,,,kc3,traditional_file
0,record_105,record_105,.,,Unknown,0.0,1.0,1.0,0.0,0.0,0.0,1.0,0.33,0.0,0.0,1.0,1.0,2.0,1.0,0.0,3.0,0.0,1.0,1.0,8.0,3.0,72.0,0.01,8.0,0.33,4.0,24.0,1.0,0.0,0.0,3.0,0.25,2.0,6.0,2.0,6.0,4.0,0.0,3.0,1,1,0,0,0,0,0,0,0,0,0,0,0,0,1,0,1,0,0,0,0,0,0,0,0,0,0,0,1,0,0,,,kc3,traditional_file
0,record_106,record_106,.,,Unknown,0.0,1.0,0.0,0.0,0.0,0.0,1.0,0.33,0.0,0.0,1.0,1.0,1.0,1.0,0.0,3.0,0.0,1.0,1.0,5.33,1.5,12.0,0.0,4.0,0.67,0.67,8.0,1.0,0.0,0.0,2.0,0.25,1.0,3.0,1.0,3.0,4.0,0.0,3.0,1,1,0,0,0,0,0,0,0,0,0,0,0,0,1,0,1,0,0,0,0,0,0,0,0,0,0,0,1,0,0,,,kc3,traditional_file
0,record_107,record_107,.,,Unknown,1.0,9.0,6.0,0.0,1.0,4.0,6.0,0.21,2.0,2.0,4.0,0.67,26.0,1.0,0.0,28.0,0.0,4.0,0.67,52.27,12.46,8112.64,0.22,125.0,0.08,450.7,651.18,0.17,1.0,2.0,22.0,0.19,46.0,79.0,24.0,13.0,32.0,3.45,28.0,1,1,0,0,0,0,0,0,0,0,0,0,0,0,1,0,1,0,0,0,0,0,0,0,0,0,0,0,1,0,0,,,kc3,traditional_file
0,record_108,record_108,.,,Unknown,0.0,3.0,4.0,0.0,0.0,4.0,2.0,0.25,2.0,2.0,2.0,1.0,9.0,1.0,0.0,8.0,2.0,2.0,1.0,20.81,9.0,1685.67,0.06,42.0,0.11,93.65,187.3,0.5,1.0,2.0,9.0,0.22,15.0,27.0,10.0,12.0,9.0,0.0,8.0,1,1,0,0,0,0,0,0,0,0,0,0,0,0,1,0,1,0,0,0,0,0,0,0,0,0,0,0,1,0,0,,,kc3,traditional_file
0,record_109,record_109,.,,Unknown,0.0,1.0,0.0,0.0,0.0,0.0,1.0,0.33,0.0,0.0,1.0,1.0,1.0,1.0,0.0,3.0,0.0,1.0,1.0,5.33,1.5,12.0,0.0,4.0,0.67,0.67,8.0,1.0,0.0,0.0,2.0,0.25,1.0,3.0,1.0,3.0,4.0,0.0,3.0,1,1,0,0,0,0,0,0,0,0,0,0,0,0,1,0,1,0,0,0,0,0,0,0,0,0,0,0,1,0,0,,,kc3,traditional_file
0,record_110,record_110,.,,Unknown,0.0,1.0,2.0,0.0,0.0,0.0,1.0,0.33,0.0,0.0,1.0,1.0,3.0,1.0,0.0,3.0,1.0,1.0,1.0,15.81,3.5,193.73,0.02,16.0,0.29,10.76,55.35,1.0,0.0,0.0,4.0,0.25,4.0,12.0,4.0,7.0,4.0,0.0,3.0,1,1,0,0,0,0,0,0,0,0,0,0,0,0,1,0,1,0,0,0,0,0,0,0,0,0,0,0,1,0,0,,,kc3,traditional_file
0,record_111,record_111,.,,Unknown,15.0,19.0,14.0,1.0,8.0,34.0,10.0,0.15,16.0,2.13,9.0,0.9,70.0,4.0,0.33,64.0,2.0,7.0,0.7,59.77,42.39,107406.67,0.84,412.0,0.02,5967.04,2533.7,0.4,9.0,17.0,62.0,0.11,156.0,256.0,46.0,25.0,89.0,12.33,65.0,1,1,0,0,0,0,0,0,0,0,0,0,0,0,1,0,1,0,0,0,0,0,0,0,0,0,0,0,1,0,0,,,kc3,traditional_file
0,record_112,record_112,.,,Unknown,0.0,1.0,0.0,0.0,1.0,0.0,1.0,0.5,0.0,0.0,1.0,1.0,1.0,1.0,0.0,2.0,1.0,0.0,0.0,0.0,0.0,0.0,0.0,1.0,0.0,0.0,0.0,1.0,0.0,0.0,2.0,0.25,0.0,1.0,0.0,1.0,4.0,33.33,2.0,1,1,0,0,0,0,0,0,0,0,0,0,0,0,1,0,1,0,0,0,0,0,0,0,0,0,0,0,1,0,0,,,kc3,traditional_file
0,record_113,record_113,.,,Unknown,0.0,1.0,1.0,0.0,0.0,0.0,1.0,1.0,0.0,0.0,1.0,1.0,2.0,1.0,0.0,0.0,0.0,1.0,1.0,8.0,3.0,72.0,0.01,8.0,0.33,4.0,24.0,1.0,0.0,0.0,3.0,1.0,2.0,6.0,2.0,6.0,1.0,0.0,0.0,1,1,0,0,0,0,0,0,0,0,0,0,0,0,1,0,1,0,0,0,0,0,0,0,0,0,0,0,1,0,0,,,kc3,traditional_file
0,record_114,record_114,.,,Unknown,0.0,1.0,5.0,0.0,0.0,0.0,1.0,0.14,0.0,0.0,1.0,1.0,6.0,1.0,0.0,7.0,2.0,1.0,1.0,28.59,6.95,1382.62,0.07,46.0,0.14,76.81,198.81,1.0,0.0,0.0,7.0,0.13,17.0,29.0,11.0,9.0,8.0,0.0,7.0,1,1,0,0,0,0,0,0,0,0,0,0,0,0,1,0,1,0,0,0,0,0,0,0,0,0,0,0,1,0,0,,,kc3,traditional_file
0,record_115,record_115,.,,Unknown,0.0,1.0,2.0,0.0,0.0,0.0,1.0,0.33,0.0,0.0,1.0,1.0,3.0,1.0,0.0,3.0,0.0,1.0,1.0,9.96,3.5,122.04,0.01,11.0,0.29,6.78,34.87,1.0,0.0,0.0,4.0,0.25,2.0,9.0,2.0,7.0,4.0,0.0,3.0,1,1,0,0,0,0,0,0,0,0,0,0,0,0,1,0,1,0,0,0,0,0,0,0,0,0,0,0,1,0,0,,,kc3,traditional_file
0,record_116,record_116,.,,Unknown,0.0,1.0,1.0,0.0,0.0,0.0,1.0,1.0,0.0,0.0,1.0,1.0,2.0,1.0,0.0,0.0,1.0,1.0,1.0,9.51,3.0,85.59,0.01,9.0,0.33,4.75,28.53,1.0,0.0,0.0,3.0,1.0,3.0,6.0,3.0,6.0,1.0,0.0,0.0,1,1,0,0,0,0,0,0,0,0,0,0,0,0,1,0,1,0,0,0,0,0,0,0,0,0,0,0,1,0,0,,,kc3,traditional_file
1,record_117,record_117,.,,Unknown,0.0,1.0,2.0,0.0,0.0,0.0,1.0,0.13,0.0,0.0,1.0,1.0,3.0,1.0,0.0,8.0,0.0,1.0,1.0,22.42,7.11,1133.59,0.05,39.0,0.14,62.98,159.41,1.0,0.0,0.0,4.0,0.11,16.0,23.0,9.0,8.0,9.0,0.0,8.0,1,1,0,0,0,0,0,0,0,0,0,0,0,0,1,0,1,0,0,0,0,0,0,0,0,0,0,0,1,0,0,,,kc3,traditional_file
0,record_118,record_118,.,,Unknown,1.0,1.0,2.0,0.0,0.0,0.0,1.0,0.2,0.0,0.0,1.0,1.0,3.0,1.0,0.0,5.0,2.0,1.0,1.0,14.99,5.33,426.42,0.03,21.0,0.19,23.69,79.95,1.0,0.0,0.0,4.0,0.14,8.0,13.0,6.0,8.0,7.0,0.0,5.0,1,1,0,0,0,0,0,0,0,0,0,0,0,0,1,0,1,0,0,0,0,0,0,0,0,0,0,0,1,0,0,,,kc3,traditional_file
0,record_119,record_119,.,,Unknown,0.0,1.0,0.0,0.0,0.0,0.0,1.0,1.0,0.0,0.0,1.0,1.0,1.0,1.0,0.0,0.0,0.0,0.0,0.0,0.0,0.0,0.0,0.0,1.0,0.0,0.0,0.0,1.0,0.0,0.0,2.0,1.0,0.0,1.0,0.0,1.0,1.0,0.0,0.0,1,1,0,0,0,0,0,0,0,0,0,0,0,0,1,0,1,0,0,0,0,0,0,0,0,0,0,0,1,0,0,,,kc3,traditional_file
0,record_120,record_120,.,,Unknown,0.0,1.0,0.0,0.0,0.0,0.0,1.0,0.33,0.0,0.0,1.0,1.0,1.0,1.0,0.0,3.0,0.0,1.0,1.0,6.2,2.5,38.77,0.01,6.0,0.4,2.15,15.51,1.0,0.0,0.0,2.0,0.25,1.0,5.0,1.0,5.0,4.0,0.0,3.0,1,1,0,0,0,0,0,0,0,0,0,0,0,0,1,0,1,0,0,0,0,0,0,0,0,0,0,0,1,0,0,,,kc3,traditional_file
1,record_121,record_121,.,,Unknown,7.0,9.0,20.0,1.0,0.0,16.0,5.0,0.1,8.0,2.0,5.0,1.0,49.0,3.0,0.5,47.0,0.0,4.0,0.8,90.12,19.38,33861.93,0.58,285.0,0.05,1881.22,1746.85,0.6,4.0,8.0,46.0,0.09,112.0,173.0,52.0,18.0,56.0,2.08,48.0,1,1,0,0,0,0,0,0,0,0,0,0,0,0,1,0,1,0,0,0,0,0,0,0,0,0,0,0,1,0,0,,,kc3,traditional_file
0,record_122,record_122,.,,Unknown,0.0,3.0,6.0,0.0,0.0,4.0,2.0,0.18,2.0,2.0,2.0,1.0,14.0,1.0,0.0,11.0,0.0,1.0,0.5,35.16,8.21,2372.72,0.1,63.0,0.12,131.82,288.85,0.5,1.0,2.0,14.0,0.17,23.0,40.0,14.0,10.0,12.0,0.0,11.0,1,1,0,0,0,0,0,0,0,0,0,0,0,0,1,0,1,0,0,0,0,0,0,0,0,0,0,0,1,0,0,,,kc3,traditional_file
0,record_123,record_123,.,,Unknown,1.0,4.0,4.0,0.0,0.0,0.0,3.0,0.21,0.0,0.0,2.0,0.67,14.0,1.0,0.0,14.0,0.0,2.0,0.67,34.67,9.6,3195.28,0.11,70.0,0.1,177.52,332.84,0.33,0.0,0.0,13.0,0.19,24.0,46.0,15.0,12.0,16.0,0.0,14.0,1,1,0,0,0,0,0,0,0,0,0,0,0,0,1,0,1,0,0,0,0,0,0,0,0,0,0,0,1,0,0,,,kc3,traditional_file
0,record_124,record_124,.,,Unknown,0.0,1.0,0.0,0.0,1.0,0.0,1.0,0.33,0.0,0.0,1.0,1.0,1.0,1.0,0.0,3.0,0.0,1.0,1.0,5.33,1.5,12.0,0.0,4.0,0.67,0.67,8.0,1.0,0.0,0.0,2.0,0.2,1.0,3.0,1.0,3.0,5.0,25.0,3.0,1,1,0,0,0,0,0,0,0,0,0,0,0,0,1,0,1,0,0,0,0,0,0,0,0,0,0,0,1,0,0,,,kc3,traditional_file
0,record_125,record_125,.,,Unknown,0.0,4.0,3.0,0.0,0.0,0.0,3.0,0.27,0.0,0.0,2.0,0.67,10.0,1.0,0.0,11.0,0.0,2.0,0.67,17.22,9.29,1484.89,0.05,37.0,0.11,82.49,159.91,0.33,0.0,0.0,9.0,0.25,10.0,27.0,7.0,13.0,12.0,0.0,11.0,1,1,0,0,0,0,0,0,0,0,0,0,0,0,1,0,1,0,0,0,0,0,0,0,0,0,0,0,1,0,0,,,kc3,traditional_file
0,record_126,record_126,.,,Unknown,0.0,1.0,0.0,0.0,0.0,0.0,1.0,1.0,0.0,0.0,1.0,1.0,1.0,1.0,0.0,0.0,0.0,0.0,0.0,5.8,2.0,23.22,0.0,5.0,0.5,1.29,11.61,1.0,0.0,0.0,2.0,1.0,1.0,4.0,1.0,4.0,1.0,0.0,0.0,1,1,0,0,0,0,0,0,0,0,0,0,0,0,1,0,1,0,0,0,0,0,0,0,0,0,0,0,1,0,0,,,kc3,traditional_file
0,record_127,record_127,.,,Unknown,0.0,1.0,0.0,0.0,0.0,0.0,1.0,0.33,0.0,0.0,1.0,1.0,1.0,1.0,0.0,3.0,1.0,1.0,1.0,3.62,5.0,90.47,0.01,7.0,0.2,5.03,18.09,1.0,0.0,0.0,2.0,0.25,2.0,5.0,1.0,5.0,4.0,0.0,3.0,1,1,0,0,0,0,0,0,0,0,0,0,0,0,1,0,1,0,0,0,0,0,0,0,0,0,0,0,1,0,0,,,kc3,traditional_file
0,record_128,record_128,.,,Unknown,0.0,1.0,2.0,0.0,0.0,0.0,1.0,0.25,0.0,0.0,1.0,1.0,3.0,1.0,0.0,4.0,0.0,1.0,1.0,13.74,3.0,123.63,0.01,13.0,0.33,6.87,41.21,1.0,0.0,0.0,4.0,0.2,3.0,10.0,3.0,6.0,5.0,0.0,4.0,1,1,0,0,0,0,0,0,0,0,0,0,0,0,1,0,1,0,0,0,0,0,0,0,0,0,0,0,1,0,0,,,kc3,traditional_file
0,record_129,record_129,.,,Unknown,2.0,1.0,2.0,0.0,3.0,0.0,1.0,0.1,0.0,0.0,1.0,1.0,5.0,1.0,0.0,10.0,0.0,1.0,1.0,37.14,6.4,1521.19,0.08,57.0,0.16,84.51,237.69,1.0,0.0,0.0,6.0,0.06,16.0,41.0,10.0,8.0,18.0,23.08,10.0,1,1,0,0,0,0,0,0,0,0,0,0,0,0,1,0,1,0,0,0,0,0,0,0,0,0,0,0,1,0,0,,,kc3,traditional_file
0,record_130,record_130,.,,Unknown,5.0,13.0,11.0,0.0,0.0,24.0,7.0,0.21,12.0,2.0,6.0,0.86,42.0,5.0,0.67,34.0,2.0,5.0,0.71,42.13,26.79,30243.28,0.38,200.0,0.04,1680.18,1128.77,0.71,6.0,12.0,37.0,0.18,74.0,126.0,29.0,21.0,40.0,0.0,34.0,1,1,0,0,0,0,0,0,0,0,0,0,0,0,1,0,1,0,0,0,0,0,0,0,0,0,0,0,1,0,0,,,kc3,traditional_file
0,record_131,record_131,.,,Unknown,13.0,12.0,14.0,0.0,4.0,4.0,8.0,0.15,2.0,2.0,8.0,1.0,46.0,1.0,0.0,54.0,0.0,8.0,1.0,90.48,17.04,26283.38,0.51,259.0,0.06,1460.19,1542.14,0.13,1.0,2.0,40.0,0.11,98.0,161.0,46.0,16.0,73.0,6.9,54.0,1,1,0,0,0,0,0,0,0,0,0,0,0,0,1,0,1,0,0,0,0,0,0,0,0,0,0,0,1,0,0,,,kc3,traditional_file
0,record_132,record_132,.,,Unknown,1.0,1.0,5.0,0.0,1.0,0.0,1.0,0.2,0.0,0.0,1.0,1.0,6.0,1.0,0.0,5.0,0.0,1.0,1.0,32.5,5.32,919.39,0.06,40.0,0.19,51.08,172.88,1.0,0.0,0.0,7.0,0.11,13.0,27.0,11.0,9.0,9.0,16.67,5.0,1,1,0,0,0,0,0,0,0,0,0,0,0,0,1,0,1,0,0,0,0,0,0,0,0,0,0,0,1,0,0,,,kc3,traditional_file
0,record_133,record_133,.,,Unknown,13.0,7.0,21.0,0.0,5.0,12.0,4.0,0.11,6.0,2.0,4.0,1.0,55.0,1.0,0.0,37.0,1.0,4.0,1.0,89.21,24.0,51383.14,0.71,347.0,0.04,2854.62,2140.96,0.25,3.0,6.0,53.0,0.07,144.0,203.0,54.0,18.0,56.0,11.9,37.0,1,1,0,0,0,0,0,0,0,0,0,0,0,0,1,0,1,0,0,0,0,0,0,0,0,0,0,0,1,0,0,,,kc3,traditional_file
0,record_134,record_134,.,,Unknown,0.0,1.0,1.0,0.0,0.0,0.0,1.0,0.33,0.0,0.0,1.0,1.0,2.0,1.0,0.0,3.0,2.0,1.0,1.0,10.87,3.5,133.19,0.01,11.0,0.29,7.4,38.05,1.0,0.0,0.0,3.0,0.2,4.0,7.0,4.0,7.0,5.0,0.0,3.0,1,1,0,0,0,0,0,0,0,0,0,0,0,0,1,0,1,0,0,0,0,0,0,0,0,0,0,0,1,0,0,,,kc3,traditional_file
0,record_135,record_135,.,,Unknown,0.0,1.0,1.0,0.0,0.0,0.0,1.0,0.33,0.0,0.0,1.0,1.0,2.0,1.0,0.0,3.0,1.0,1.0,1.0,11.39,3.5,139.52,0.01,12.0,0.29,7.75,39.86,1.0,0.0,0.0,3.0,0.25,3.0,9.0,3.0,7.0,4.0,0.0,3.0,1,1,0,0,0,0,0,0,0,0,0,0,0,0,1,0,1,0,0,0,0,0,0,0,0,0,0,0,1,0,0,,,kc3,traditional_file
0,record_136,record_136,.,,Unknown,1.0,13.0,10.0,0.0,0.0,24.0,7.0,0.32,12.0,2.0,7.0,1.0,40.0,1.0,0.0,22.0,3.0,7.0,1.0,54.54,15.58,13243.53,0.28,153.0,0.06,735.75,849.85,0.14,6.0,12.0,35.0,0.28,55.0,98.0,30.0,17.0,25.0,0.0,22.0,1,1,0,0,0,0,0,0,0,0,0,0,0,0,1,0,1,0,0,0,0,0,0,0,0,0,0,0,1,0,0,,,kc3,traditional_file
0,record_137,record_137,.,,Unknown,0.0,1.0,1.0,0.0,1.0,0.0,1.0,0.2,0.0,0.0,1.0,1.0,2.0,1.0,0.0,5.0,2.0,1.0,1.0,10.82,5.83,368.18,0.02,19.0,0.17,20.45,63.12,1.0,0.0,0.0,3.0,0.14,5.0,14.0,3.0,7.0,7.0,16.67,5.0,1,1,0,0,0,0,0,0,0,0,0,0,0,0,1,0,1,0,0,0,0,0,0,0,0,0,0,0,1,0,0,,,kc3,traditional_file
0,record_138,record_138,.,,Unknown,0.0,1.0,1.0,0.0,0.0,0.0,1.0,0.33,0.0,0.0,1.0,1.0,2.0,1.0,0.0,3.0,0.0,1.0,1.0,6.2,2.5,38.77,0.01,6.0,0.4,2.15,15.51,1.0,0.0,0.0,3.0,0.25,1.0,5.0,1.0,5.0,4.0,0.0,3.0,1,1,0,0,0,0,0,0,0,0,0,0,0,0,1,0,1,0,0,0,0,0,0,0,0,0,0,0,1,0,0,,,kc3,traditional_file
0,record_139,record_139,.,,Unknown,0.0,5.0,3.0,0.0,0.0,8.0,3.0,0.17,4.0,2.0,2.0,0.67,13.0,3.0,1.0,18.0,1.0,2.0,0.67,24.12,18.56,8310.37,0.15,88.0,0.05,461.69,447.7,1.0,2.0,4.0,12.0,0.16,33.0,55.0,16.0,18.0,19.0,0.0,18.0,1,1,0,0,0,0,0,0,0,0,0,0,0,0,1,0,1,0,0,0,0,0,0,0,0,0,0,0,1,0,0,,,kc3,traditional_file
0,record_140,record_140,.,,Unknown,0.0,1.0,1.0,0.0,0.0,0.0,1.0,1.0,0.0,0.0,1.0,1.0,2.0,1.0,0.0,0.0,0.0,1.0,1.0,8.0,3.0,72.0,0.01,8.0,0.33,4.0,24.0,1.0,0.0,0.0,3.0,1.0,2.0,6.0,2.0,6.0,1.0,0.0,0.0,1,1,0,0,0,0,0,0,0,0,0,0,0,0,1,0,1,0,0,0,0,0,0,0,0,0,0,0,1,0,0,,,kc3,traditional_file
1,record_141,record_141,.,,Unknown,19.0,27.0,27.0,0.0,1.0,52.0,14.0,0.13,26.0,2.0,10.0,0.71,149.0,1.0,0.0,106.0,0.0,10.0,0.71,125.82,44.77,252155.78,1.88,829.0,0.02,14008.65,5632.57,0.07,13.0,26.0,137.0,0.11,308.0,521.0,86.0,25.0,127.0,0.93,106.0,1,1,0,0,0,0,0,0,0,0,0,0,0,0,1,0,1,0,0,0,0,0,0,0,0,0,0,0,1,0,0,,,kc3,traditional_file
0,record_142,record_142,.,,Unknown,1.0,1.0,4.0,0.0,11.0,0.0,1.0,0.2,0.0,0.0,1.0,1.0,5.0,1.0,0.0,5.0,0.0,1.0,1.0,32.02,5.63,1012.98,0.06,41.0,0.18,56.28,180.09,1.0,0.0,0.0,6.0,0.06,15.0,26.0,12.0,9.0,18.0,68.75,5.0,1,1,0,0,0,0,0,0,0,0,0,0,0,0,1,0,1,0,0,0,0,0,0,0,0,0,0,0,1,0,0,,,kc3,traditional_file
0,record_143,record_143,.,,Unknown,0.0,7.0,3.0,0.0,0.0,6.0,4.0,0.25,2.0,3.0,2.0,0.5,14.0,3.0,0.67,16.0,0.0,3.0,0.75,23.55,8.45,1681.86,0.07,44.0,0.12,93.44,199.04,0.75,2.0,3.0,12.0,0.24,13.0,31.0,10.0,13.0,17.0,0.0,16.0,1,1,0,0,0,0,0,0,0,0,0,0,0,0,1,0,1,0,0,0,0,0,0,0,0,0,0,0,1,0,0,,,kc3,traditional_file
0,record_144,record_144,.,,Unknown,0.0,1.0,1.0,0.0,0.0,0.0,1.0,0.33,0.0,0.0,1.0,1.0,2.0,1.0,0.0,3.0,1.0,1.0,1.0,9.51,3.0,85.59,0.01,9.0,0.33,4.75,28.53,1.0,0.0,0.0,3.0,0.25,3.0,6.0,3.0,6.0,4.0,0.0,3.0,1,1,0,0,0,0,0,0,0,0,0,0,0,0,1,0,1,0,0,0,0,0,0,0,0,0,0,0,1,0,0,,,kc3,traditional_file
0,record_145,record_145,.,,Unknown,1.0,8.0,5.0,0.0,1.0,8.0,5.0,0.24,4.0,2.0,4.0,0.8,22.0,3.0,0.5,21.0,1.0,4.0,0.8,28.45,10.64,3218.64,0.1,66.0,0.09,178.81,302.61,0.6,2.0,4.0,19.0,0.21,18.0,48.0,11.0,13.0,24.0,4.55,21.0,1,1,0,0,0,0,0,0,0,0,0,0,0,0,1,0,1,0,0,0,0,0,0,0,0,0,0,0,1,0,0,,,kc3,traditional_file
0,record_146,record_146,.,,Unknown,5.0,11.0,7.0,0.0,0.0,20.0,6.0,0.27,10.0,2.0,5.0,0.83,32.0,1.0,0.0,22.0,2.0,4.0,0.67,39.49,17.0,11411.18,0.22,127.0,0.06,633.95,671.25,0.17,5.0,10.0,28.0,0.21,44.0,83.0,22.0,17.0,28.0,0.0,22.0,1,1,0,0,0,0,0,0,0,0,0,0,0,0,1,0,1,0,0,0,0,0,0,0,0,0,0,0,1,0,0,,,kc3,traditional_file
0,record_147,record_147,.,,Unknown,2.0,3.0,5.0,0.0,0.0,4.0,2.0,0.2,2.0,2.0,2.0,1.0,12.0,1.0,0.0,10.0,1.0,1.0,0.5,31.89,8.53,2320.9,0.09,56.0,0.12,128.94,272.05,0.5,1.0,2.0,12.0,0.15,21.0,35.0,16.0,13.0,13.0,0.0,10.0,1,1,0,0,0,0,0,0,0,0,0,0,0,0,1,0,1,0,0,0,0,0,0,0,0,0,0,0,1,0,0,,,kc3,traditional_file
0,record_148,record_148,.,,Unknown,0.0,1.0,1.0,0.0,1.0,0.0,1.0,0.33,0.0,0.0,1.0,1.0,2.0,1.0,0.0,3.0,1.0,1.0,1.0,9.6,2.5,60.0,0.01,8.0,0.4,3.33,24.0,1.0,0.0,0.0,3.0,0.2,3.0,5.0,3.0,5.0,5.0,25.0,3.0,1,1,0,0,0,0,0,0,0,0,0,0,0,0,1,0,1,0,0,0,0,0,0,0,0,0,0,0,1,0,0,,,kc3,traditional_file
1,record_149,record_149,.,,Unknown,7.0,6.0,14.0,0.0,0.0,4.0,4.0,0.17,2.0,2.0,4.0,1.0,26.0,1.0,0.0,23.0,2.0,4.0,1.0,68.58,11.02,8321.46,0.25,136.0,0.09,462.3,755.42,0.25,1.0,2.0,24.0,0.13,47.0,89.0,32.0,15.0,32.0,0.0,23.0,1,1,0,0,0,0,0,0,0,0,0,0,0,0,1,0,1,0,0,0,0,0,0,0,0,0,0,0,1,0,0,,,kc3,traditional_file
0,record_150,record_150,.,,Unknown,0.0,1.0,2.0,0.0,0.0,0.0,1.0,0.2,0.0,0.0,1.0,1.0,3.0,1.0,0.0,5.0,0.0,1.0,1.0,26.28,4.2,463.52,0.04,27.0,0.24,25.75,110.36,1.0,0.0,0.0,4.0,0.17,12.0,15.0,10.0,7.0,6.0,0.0,5.0,1,1,0,0,0,0,0,0,0,0,0,0,0,0,1,0,1,0,0,0,0,0,0,0,0,0,0,0,1,0,0,,,kc3,traditional_file
0,record_151,record_151,.,,Unknown,12.0,15.0,20.0,0.0,16.0,16.0,9.0,0.15,8.0,2.0,9.0,1.0,61.0,1.0,0.0,61.0,0.0,9.0,1.0,90.69,22.53,46024.85,0.68,327.0,0.04,2556.94,2043.07,0.11,4.0,8.0,54.0,0.1,118.0,209.0,55.0,21.0,91.0,20.78,61.0,1,1,0,0,0,0,0,0,0,0,0,0,0,0,1,0,1,0,0,0,0,0,0,0,0,0,0,0,1,0,0,,,kc3,traditional_file
0,record_152,record_152,.,,Unknown,0.0,1.0,2.0,0.0,0.0,0.0,1.0,0.2,0.0,0.0,1.0,1.0,3.0,1.0,0.0,5.0,0.0,1.0,1.0,26.28,4.2,463.52,0.04,27.0,0.24,25.75,110.36,1.0,0.0,0.0,4.0,0.17,12.0,15.0,10.0,7.0,6.0,0.0,5.0,1,1,0,0,0,0,0,0,0,0,0,0,0,0,1,0,1,0,0,0,0,0,0,0,0,0,0,0,1,0,0,,,kc3,traditional_file
0,record_153,record_153,.,,Unknown,0.0,7.0,6.0,0.0,0.0,12.0,4.0,0.21,6.0,2.0,3.0,0.75,22.0,1.0,0.0,19.0,2.0,1.0,0.25,28.87,14.62,6175.54,0.14,83.0,0.07,343.09,422.26,0.25,3.0,6.0,20.0,0.19,26.0,57.0,16.0,18.0,21.0,0.0,19.0,1,1,0,0,0,0,0,0,0,0,0,0,0,0,1,0,1,0,0,0,0,0,0,0,0,0,0,0,1,0,0,,,kc3,traditional_file
1,record_154,record_154,.,,Unknown,15.0,27.0,17.0,4.0,6.0,38.0,15.0,0.21,18.0,2.11,15.0,1.0,83.0,7.0,0.43,66.0,1.0,14.0,0.93,73.44,25.26,46844.09,0.62,314.0,0.04,2602.45,1854.76,0.47,10.0,19.0,70.0,0.16,109.0,205.0,41.0,19.0,94.0,13.16,70.0,1,1,0,0,0,0,0,0,0,0,0,0,0,0,1,0,1,0,0,0,0,0,0,0,0,0,0,0,1,0,0,,,kc3,traditional_file
1,record_155,record_155,.,,Unknown,21.0,30.0,25.0,1.0,3.0,26.0,18.0,0.16,12.0,2.17,16.0,0.89,115.0,3.0,0.12,112.0,1.0,11.0,0.61,102.5,38.09,148686.82,1.3,597.0,0.03,8260.37,3903.88,0.17,7.0,13.0,99.0,0.13,219.0,378.0,69.0,24.0,138.0,3.45,113.0,1,1,0,0,0,0,0,0,0,0,0,0,0,0,1,0,1,0,0,0,0,0,0,0,0,0,0,0,1,0,0,,,kc3,traditional_file
0,record_156,record_156,.,,Unknown,0.0,7.0,5.0,0.0,0.0,10.0,4.0,0.29,4.0,2.5,2.0,0.5,19.0,3.0,0.67,14.0,1.0,2.0,0.5,31.35,9.97,3114.36,0.1,65.0,0.1,173.02,312.48,0.75,3.0,5.0,17.0,0.27,23.0,42.0,15.0,13.0,15.0,0.0,14.0,1,1,0,0,0,0,0,0,0,0,0,0,0,0,1,0,1,0,0,0,0,0,0,0,0,0,0,0,1,0,0,,,kc3,traditional_file
0,record_157,record_157,.,,Unknown,0.0,1.0,0.0,0.0,0.0,0.0,1.0,1.0,0.0,0.0,1.0,1.0,1.0,1.0,0.0,0.0,0.0,0.0,0.0,5.33,1.5,12.0,0.0,4.0,0.67,0.67,8.0,1.0,0.0,0.0,2.0,1.0,1.0,3.0,1.0,3.0,1.0,0.0,0.0,1,1,0,0,0,0,0,0,0,0,0,0,0,0,1,0,1,0,0,0,0,0,0,0,0,0,0,0,1,0,0,,,kc3,traditional_file
0,record_158,record_158,.,,Unknown,0.0,1.0,1.0,0.0,0.0,0.0,1.0,0.2,0.0,0.0,1.0,1.0,2.0,1.0,0.0,5.0,0.0,1.0,1.0,13.31,6.75,606.54,0.03,23.0,0.15,33.7,89.86,1.0,0.0,0.0,3.0,0.17,9.0,14.0,6.0,9.0,6.0,0.0,5.0,1,1,0,0,0,0,0,0,0,0,0,0,0,0,1,0,1,0,0,0,0,0,0,0,0,0,0,0,1,0,0,,,kc3,traditional_file
0,record_159,record_159,.,,Unknown,0.0,3.0,3.0,0.0,0.0,6.0,2.0,0.5,2.0,3.0,2.0,1.0,9.0,1.0,0.0,4.0,1.0,2.0,1.0,19.99,5.33,568.57,0.04,28.0,0.19,31.59,106.61,0.5,2.0,3.0,9.0,0.4,8.0,20.0,6.0,8.0,5.0,0.0,4.0,1,1,0,0,0,0,0,0,0,0,0,0,0,0,1,0,1,0,0,0,0,0,0,0,0,0,0,0,1,0,0,,,kc3,traditional_file
0,record_160,record_160,.,,Unknown,3.0,6.0,4.0,0.0,0.0,4.0,4.0,0.31,2.0,2.0,3.0,0.75,15.0,3.0,0.67,13.0,1.0,3.0,0.75,28.67,7.0,1404.72,0.07,45.0,0.14,78.04,200.67,0.75,1.0,2.0,13.0,0.22,14.0,31.0,11.0,11.0,18.0,0.0,13.0,1,1,0,0,0,0,0,0,0,0,0,0,0,0,1,0,1,0,0,0,0,0,0,0,0,0,0,0,1,0,0,,,kc3,traditional_file
0,record_161,record_161,.,,Unknown,0.0,7.0,6.0,0.0,0.0,10.0,4.0,0.29,4.0,2.5,2.0,0.5,20.0,3.0,0.67,14.0,1.0,2.0,0.5,34.38,9.75,3268.21,0.11,69.0,0.1,181.57,335.2,0.75,3.0,5.0,18.0,0.27,24.0,45.0,16.0,13.0,15.0,0.0,14.0,1,1,0,0,0,0,0,0,0,0,0,0,0,0,1,0,1,0,0,0,0,0,0,0,0,0,0,0,1,0,0,,,kc3,traditional_file
0,record_162,record_162,.,,Unknown,2.0,5.0,7.0,0.0,0.0,8.0,3.0,0.2,4.0,2.0,3.0,1.0,18.0,1.0,0.0,15.0,1.0,3.0,1.0,40.99,14.0,8034.06,0.19,111.0,0.07,446.34,573.86,0.33,2.0,4.0,17.0,0.17,44.0,67.0,22.0,14.0,18.0,0.0,15.0,1,1,0,0,0,0,0,0,0,0,0,0,0,0,1,0,1,0,0,0,0,0,0,0,0,0,0,0,1,0,0,,,kc3,traditional_file
1,record_163,record_163,.,,Unknown,4.0,17.0,5.0,0.0,0.0,24.0,9.0,0.45,8.0,3.0,9.0,1.0,50.0,9.0,1.0,20.0,1.0,9.0,1.0,46.86,14.55,9917.4,0.23,134.0,0.07,550.97,681.72,1.0,8.0,12.0,43.0,0.35,47.0,87.0,21.0,13.0,26.0,0.0,20.0,1,1,0,0,0,0,0,0,0,0,0,0,0,0,1,0,1,0,0,0,0,0,0,0,0,0,0,0,1,0,0,,,kc3,traditional_file
0,record_164,record_164,.,,Unknown,0.0,1.0,1.0,0.0,0.0,0.0,1.0,0.33,0.0,0.0,1.0,1.0,2.0,1.0,0.0,3.0,0.0,1.0,1.0,9.6,2.5,60.0,0.01,8.0,0.4,3.33,24.0,1.0,0.0,0.0,3.0,0.25,3.0,5.0,3.0,5.0,4.0,0.0,3.0,1,1,0,0,0,0,0,0,0,0,0,0,0,0,1,0,1,0,0,0,0,0,0,0,0,0,0,0,1,0,0,,,kc3,traditional_file
0,record_165,record_165,.,,Unknown,10.0,11.0,19.0,0.0,3.0,20.0,6.0,0.17,10.0,2.0,6.0,1.0,48.0,1.0,0.0,36.0,0.0,4.0,0.67,115.58,11.75,15944.27,0.45,223.0,0.09,885.79,1357.5,0.17,5.0,10.0,44.0,0.12,83.0,140.0,53.0,15.0,50.0,7.69,36.0,1,1,0,0,0,0,0,0,0,0,0,0,0,0,1,0,1,0,0,0,0,0,0,0,0,0,0,0,1,0,0,,,kc3,traditional_file
0,record_166,record_166,.,,Unknown,0.0,1.0,0.0,0.0,0.0,0.0,1.0,0.33,0.0,0.0,1.0,1.0,1.0,1.0,0.0,3.0,0.0,1.0,1.0,6.2,2.5,38.77,0.01,6.0,0.4,2.15,15.51,1.0,0.0,0.0,2.0,0.25,1.0,5.0,1.0,5.0,4.0,0.0,3.0,1,1,0,0,0,0,0,0,0,0,0,0,0,0,1,0,1,0,0,0,0,0,0,0,0,0,0,0,1,0,0,,,kc3,traditional_file
0,record_167,record_167,.,,Unknown,0.0,1.0,7.0,0.0,0.0,0.0,1.0,0.06,0.0,0.0,1.0,1.0,24.0,1.0,0.0,16.0,3.0,1.0,1.0,94.19,8.43,6687.19,0.26,156.0,0.12,371.51,793.64,1.0,0.0,0.0,25.0,0.06,65.0,91.0,27.0,7.0,18.0,0.0,16.0,1,1,0,0,0,0,0,0,0,0,0,0,0,0,1,0,1,0,0,0,0,0,0,0,0,0,0,0,1,0,0,,,kc3,traditional_file
0,record_168,record_168,.,,Unknown,0.0,7.0,5.0,0.0,0.0,8.0,4.0,0.36,2.0,4.0,3.0,0.75,17.0,4.0,1.0,11.0,1.0,1.0,0.25,18.54,18.0,6006.03,0.11,68.0,0.06,333.67,333.67,1.0,3.0,4.0,15.0,0.33,24.0,44.0,12.0,18.0,12.0,0.0,11.0,1,1,0,0,0,0,0,0,0,0,0,0,0,0,1,0,1,0,0,0,0,0,0,0,0,0,0,0,1,0,0,,,kc3,traditional_file
0,record_169,record_169,.,,Unknown,0.0,1.0,0.0,0.0,0.0,0.0,1.0,0.33,0.0,0.0,1.0,1.0,1.0,1.0,0.0,3.0,0.0,1.0,1.0,5.33,1.5,12.0,0.0,4.0,0.67,0.67,8.0,1.0,0.0,0.0,2.0,0.25,1.0,3.0,1.0,3.0,4.0,0.0,3.0,1,1,0,0,0,0,0,0,0,0,0,0,0,0,1,0,1,0,0,0,0,0,0,0,0,0,0,0,1,0,0,,,kc3,traditional_file
0,record_170,record_170,.,,Unknown,0.0,1.0,2.0,0.0,0.0,0.0,1.0,0.2,0.0,0.0,1.0,1.0,3.0,1.0,0.0,5.0,0.0,1.0,1.0,13.3,6.4,544.7,0.03,23.0,0.16,30.26,85.11,1.0,0.0,0.0,4.0,0.17,8.0,15.0,5.0,8.0,6.0,0.0,5.0,1,1,0,0,0,0,0,0,0,0,0,0,0,0,1,0,1,0,0,0,0,0,0,0,0,0,0,0,1,0,0,,,kc3,traditional_file
0,record_171,record_171,.,,Unknown,0.0,4.0,1.0,1.0,0.0,0.0,3.0,0.3,0.0,0.0,2.0,0.67,8.0,1.0,0.0,9.0,0.0,2.0,0.67,16.11,9.0,1304.52,0.05,33.0,0.11,72.47,144.95,0.33,0.0,0.0,7.0,0.27,9.0,24.0,7.0,14.0,11.0,10.0,10.0,1,1,0,0,0,0,0,0,0,0,0,0,0,0,1,0,1,0,0,0,0,0,0,0,0,0,0,0,1,0,0,,,kc3,traditional_file
0,record_172,record_172,.,,Unknown,0.0,1.0,2.0,0.0,0.0,0.0,1.0,0.2,0.0,0.0,1.0,1.0,3.0,1.0,0.0,5.0,1.0,1.0,1.0,21.11,4.81,488.85,0.03,26.0,0.21,27.16,101.58,1.0,0.0,0.0,4.0,0.14,11.0,15.0,8.0,7.0,7.0,0.0,5.0,1,1,0,0,0,0,0,0,0,0,0,0,0,0,1,0,1,0,0,0,0,0,0,0,0,0,0,0,1,0,0,,,kc3,traditional_file
1,record_173,record_173,.,,Unknown,12.0,15.0,20.0,1.0,7.0,16.0,9.0,0.17,8.0,2.0,7.0,0.78,56.0,5.0,0.5,52.0,1.0,7.0,0.78,99.0,17.94,31877.94,0.59,287.0,0.06,1771.0,1776.48,0.56,4.0,8.0,49.0,0.12,102.0,185.0,54.0,19.0,73.0,13.33,53.0,1,1,0,0,0,0,0,0,0,0,0,0,0,0,1,0,1,0,0,0,0,0,0,0,0,0,0,0,1,0,0,,,kc3,traditional_file
0,record_174,record_174,.,,Unknown,0.0,4.0,6.0,0.0,1.0,0.0,3.0,0.2,0.0,0.0,2.0,0.67,15.0,1.0,0.0,15.0,0.0,2.0,0.67,39.6,10.15,4079.38,0.13,79.0,0.1,226.63,401.91,0.33,0.0,0.0,14.0,0.17,29.0,50.0,20.0,14.0,18.0,6.25,15.0,1,1,0,0,0,0,0,0,0,0,0,0,0,0,1,0,1,0,0,0,0,0,0,0,0,0,0,0,1,0,0,,,kc3,traditional_file
0,record_175,record_175,.,,Unknown,0.0,1.0,0.0,0.0,0.0,0.0,1.0,0.33,0.0,0.0,1.0,1.0,1.0,1.0,0.0,3.0,0.0,1.0,1.0,5.33,1.5,12.0,0.0,4.0,0.67,0.67,8.0,1.0,0.0,0.0,2.0,0.25,1.0,3.0,1.0,3.0,4.0,0.0,3.0,1,1,0,0,0,0,0,0,0,0,0,0,0,0,1,0,1,0,0,0,0,0,0,0,0,0,0,0,1,0,0,,,kc3,traditional_file
0,record_176,record_176,.,,Unknown,1.0,4.0,4.0,0.0,0.0,0.0,3.0,0.21,0.0,0.0,2.0,0.67,12.0,1.0,0.0,14.0,0.0,2.0,0.67,33.04,9.75,3140.4,0.11,67.0,0.1,174.47,322.09,0.33,0.0,0.0,11.0,0.19,26.0,41.0,16.0,12.0,16.0,0.0,14.0,1,1,0,0,0,0,0,0,0,0,0,0,0,0,1,0,1,0,0,0,0,0,0,0,0,0,0,0,1,0,0,,,kc3,traditional_file
0,record_177,record_177,.,,Unknown,0.0,3.0,7.0,0.0,0.0,4.0,2.0,0.17,2.0,2.0,2.0,1.0,16.0,1.0,0.0,12.0,0.0,2.0,1.0,31.49,14.0,6172.93,0.15,89.0,0.07,342.94,440.92,0.5,1.0,2.0,16.0,0.15,34.0,55.0,17.0,14.0,13.0,0.0,12.0,1,1,0,0,0,0,0,0,0,0,0,0,0,0,1,0,1,0,0,0,0,0,0,0,0,0,0,0,1,0,0,,,kc3,traditional_file
1,record_178,record_178,.,,Unknown,2.0,3.0,6.0,1.0,0.0,4.0,2.0,0.18,2.0,2.0,2.0,1.0,11.0,1.0,0.0,10.0,1.0,2.0,1.0,25.4,13.71,4777.91,0.12,71.0,0.07,265.44,348.39,0.5,1.0,2.0,11.0,0.14,24.0,47.0,14.0,16.0,14.0,9.09,11.0,1,1,0,0,0,0,0,0,0,0,0,0,0,0,1,0,1,0,0,0,0,0,0,0,0,0,0,0,1,0,0,,,kc3,traditional_file
0,record_179,record_179,.,,Unknown,0.0,1.0,1.0,0.0,0.0,0.0,1.0,0.33,0.0,0.0,1.0,1.0,2.0,1.0,0.0,3.0,1.0,1.0,1.0,9.51,3.0,85.59,0.01,9.0,0.33,4.75,28.53,1.0,0.0,0.0,3.0,0.25,3.0,6.0,3.0,6.0,4.0,0.0,3.0,1,1,0,0,0,0,0,0,0,0,0,0,0,0,1,0,1,0,0,0,0,0,0,0,0,0,0,0,1,0,0,,,kc3,traditional_file
0,record_180,record_180,.,,Unknown,0.0,1.0,1.0,0.0,1.0,0.0,1.0,0.33,0.0,0.0,1.0,1.0,2.0,1.0,0.0,3.0,1.0,1.0,1.0,9.6,2.5,60.0,0.01,8.0,0.4,3.33,24.0,1.0,0.0,0.0,3.0,0.17,3.0,5.0,3.0,5.0,6.0,25.0,3.0,1,1,0,0,0,0,0,0,0,0,0,0,0,0,1,0,1,0,0,0,0,0,0,0,0,0,0,0,1,0,0,,,kc3,traditional_file
0,record_181,record_181,.,,Unknown,0.0,1.0,0.0,0.0,0.0,0.0,1.0,0.33,0.0,0.0,1.0,1.0,1.0,1.0,0.0,3.0,0.0,0.0,0.0,5.33,1.5,12.0,0.0,4.0,0.67,0.67,8.0,1.0,0.0,0.0,2.0,0.25,1.0,3.0,1.0,3.0,4.0,0.0,3.0,1,1,0,0,0,0,0,0,0,0,0,0,0,0,1,0,1,0,0,0,0,0,0,0,0,0,0,0,1,0,0,,,kc3,traditional_file
0,record_182,record_182,.,,Unknown,0.0,1.0,2.0,0.0,0.0,0.0,1.0,0.25,0.0,0.0,1.0,1.0,3.0,1.0,0.0,4.0,0.0,1.0,1.0,13.44,4.0,215.1,0.02,15.0,0.25,11.95,53.77,1.0,0.0,0.0,4.0,0.2,4.0,11.0,4.0,8.0,5.0,0.0,4.0,1,1,0,0,0,0,0,0,0,0,0,0,0,0,1,0,1,0,0,0,0,0,0,0,0,0,0,0,1,0,0,,,kc3,traditional_file
0,record_183,record_183,.,,Unknown,0.0,1.0,1.0,0.0,0.0,0.0,1.0,1.0,0.0,0.0,1.0,1.0,2.0,1.0,0.0,0.0,1.0,1.0,1.0,9.51,3.0,85.59,0.01,9.0,0.33,4.75,28.53,1.0,0.0,0.0,3.0,1.0,3.0,6.0,3.0,6.0,1.0,0.0,0.0,1,1,0,0,0,0,0,0,0,0,0,0,0,0,1,0,1,0,0,0,0,0,0,0,0,0,0,0,1,0,0,,,kc3,traditional_file
1,record_184,record_184,.,,Unknown,1.0,1.0,6.0,0.0,2.0,0.0,1.0,0.14,0.0,0.0,1.0,1.0,7.0,1.0,0.0,7.0,1.0,1.0,1.0,48.91,5.25,1347.98,0.09,56.0,0.19,74.89,256.76,1.0,0.0,0.0,8.0,0.09,21.0,35.0,16.0,8.0,11.0,22.22,7.0,1,1,0,0,0,0,0,0,0,0,0,0,0,0,1,0,1,0,0,0,0,0,0,0,0,0,0,0,1,0,0,,,kc3,traditional_file
0,record_185,record_185,.,,Unknown,0.0,1.0,3.0,0.0,0.0,0.0,1.0,0.2,0.0,0.0,1.0,1.0,4.0,1.0,0.0,5.0,0.0,1.0,1.0,26.58,2.0,106.3,0.02,16.0,0.5,5.91,53.15,1.0,0.0,0.0,5.0,0.17,6.0,10.0,6.0,4.0,6.0,0.0,5.0,1,1,0,0,0,0,0,0,0,0,0,0,0,0,1,0,1,0,0,0,0,0,0,0,0,0,0,0,1,0,0,,,kc3,traditional_file
0,record_186,record_186,.,,Unknown,0.0,1.0,0.0,0.0,0.0,0.0,1.0,1.0,0.0,0.0,1.0,1.0,1.0,1.0,0.0,0.0,0.0,0.0,0.0,5.33,1.5,12.0,0.0,4.0,0.67,0.67,8.0,1.0,0.0,0.0,2.0,1.0,1.0,3.0,1.0,3.0,1.0,0.0,0.0,1,1,0,0,0,0,0,0,0,0,0,0,0,0,1,0,1,0,0,0,0,0,0,0,0,0,0,0,1,0,0,,,kc3,traditional_file
0,record_187,record_187,.,,Unknown,2.0,3.0,2.0,0.0,0.0,6.0,2.0,0.33,2.0,3.0,2.0,1.0,7.0,1.0,0.0,6.0,0.0,2.0,1.0,17.23,8.67,1294.27,0.05,34.0,0.12,71.9,149.34,0.5,2.0,3.0,7.0,0.22,13.0,21.0,9.0,12.0,9.0,0.0,6.0,1,1,0,0,0,0,0,0,0,0,0,0,0,0,1,0,1,0,0,0,0,0,0,0,0,0,0,0,1,0,0,,,kc3,traditional_file
0,record_188,record_188,.,,Unknown,1.0,1.0,4.0,0.0,0.0,0.0,1.0,0.13,0.0,0.0,1.0,1.0,6.0,1.0,0.0,8.0,0.0,1.0,1.0,56.7,4.97,1402.71,0.09,60.0,0.2,77.93,282.03,1.0,0.0,0.0,7.0,0.09,27.0,33.0,19.0,7.0,11.0,0.0,8.0,1,1,0,0,0,0,0,0,0,0,0,0,0,0,1,0,1,0,0,0,0,0,0,0,0,0,0,0,1,0,0,,,kc3,traditional_file
1,record_189,record_189,.,,Unknown,10.0,22.0,17.0,0.0,3.0,30.0,12.0,0.27,12.0,2.5,10.0,0.83,69.0,7.0,0.55,45.0,1.0,8.0,0.67,69.77,26.35,48459.37,0.61,299.0,0.04,2692.19,1838.77,0.58,9.0,15.0,59.0,0.2,110.0,189.0,48.0,23.0,59.0,6.25,45.0,1,1,0,0,0,0,0,0,0,0,0,0,0,0,1,0,1,0,0,0,0,0,0,0,0,0,0,0,1,0,0,,,kc3,traditional_file
0,record_190,record_190,.,,Unknown,0.0,1.0,0.0,0.0,0.0,0.0,1.0,0.33,0.0,0.0,1.0,1.0,1.0,1.0,0.0,3.0,0.0,0.0,0.0,5.33,1.5,12.0,0.0,4.0,0.67,0.67,8.0,1.0,0.0,0.0,2.0,0.25,1.0,3.0,1.0,3.0,4.0,0.0,3.0,1,1,0,0,0,0,0,0,0,0,0,0,0,0,1,0,1,0,0,0,0,0,0,0,0,0,0,0,1,0,0,,,kc3,traditional_file
0,record_191,record_191,.,,Unknown,0.0,3.0,8.0,0.0,0.0,4.0,2.0,0.18,2.0,2.0,2.0,1.0,16.0,1.0,0.0,11.0,0.0,2.0,1.0,36.54,9.29,3150.52,0.11,74.0,0.11,175.03,339.29,0.5,1.0,2.0,16.0,0.17,26.0,48.0,14.0,10.0,12.0,0.0,11.0,1,1,0,0,0,0,0,0,0,0,0,0,0,0,1,0,1,0,0,0,0,0,0,0,0,0,0,0,1,0,0,,,kc3,traditional_file
0,record_192,record_192,.,,Unknown,0.0,1.0,0.0,0.0,0.0,0.0,1.0,0.2,0.0,0.0,1.0,1.0,1.0,1.0,0.0,5.0,1.0,1.0,1.0,8.98,6.0,323.33,0.02,17.0,0.17,17.96,53.89,1.0,0.0,0.0,2.0,0.17,6.0,11.0,3.0,6.0,6.0,0.0,5.0,1,1,0,0,0,0,0,0,0,0,0,0,0,0,1,0,1,0,0,0,0,0,0,0,0,0,0,0,1,0,0,,,kc3,traditional_file
0,record_193,record_193,.,,Unknown,0.0,1.0,0.0,0.0,0.0,0.0,1.0,0.33,0.0,0.0,1.0,1.0,1.0,1.0,0.0,3.0,1.0,1.0,1.0,3.62,5.0,90.47,0.01,7.0,0.2,5.03,18.09,1.0,0.0,0.0,2.0,0.25,2.0,5.0,1.0,5.0,4.0,0.0,3.0,1,1,0,0,0,0,0,0,0,0,0,0,0,0,1,0,1,0,0,0,0,0,0,0,0,0,0,0,1,0,0,,,kc3,traditional_file
1,record_194,record_194,.,,Unknown,1.0,5.0,5.0,0.0,3.0,8.0,3.0,0.27,4.0,2.0,3.0,1.0,14.0,1.0,0.0,11.0,0.0,2.0,0.67,28.48,9.5,2569.87,0.09,59.0,0.11,142.77,270.51,0.33,2.0,4.0,13.0,0.18,19.0,40.0,12.0,12.0,17.0,21.43,11.0,1,1,0,0,0,0,0,0,0,0,0,0,0,0,1,0,1,0,0,0,0,0,0,0,0,0,0,0,1,0,0,,,kc3,traditional_file
0,record_195,record_195,.,,Unknown,4.0,9.0,5.0,0.0,0.0,16.0,5.0,0.25,8.0,2.0,5.0,1.0,34.0,4.0,0.75,20.0,1.0,5.0,1.0,41.69,12.35,6361.1,0.17,106.0,0.08,353.39,514.95,0.8,4.0,8.0,31.0,0.19,35.0,71.0,17.0,12.0,26.0,0.0,20.0,1,1,0,0,0,0,0,0,0,0,0,0,0,0,1,0,1,0,0,0,0,0,0,0,0,0,0,0,1,0,0,,,kc3,traditional_file
1,record_196,record_196,.,,Unknown,0.0,1.0,1.0,0.0,0.0,0.0,1.0,0.33,0.0,0.0,1.0,1.0,2.0,1.0,0.0,3.0,0.0,1.0,1.0,9.6,2.5,60.0,0.01,8.0,0.4,3.33,24.0,1.0,0.0,0.0,3.0,0.25,3.0,5.0,3.0,5.0,4.0,0.0,3.0,1,1,0,0,0,0,0,0,0,0,0,0,0,0,1,0,1,0,0,0,0,0,0,0,0,0,0,0,1,0,0,,,kc3,traditional_file
0,record_197,record_197,.,,Unknown,4.0,5.0,5.0,0.0,0.0,8.0,3.0,0.2,4.0,2.0,3.0,1.0,18.0,1.0,0.0,15.0,2.0,2.0,0.67,31.14,17.14,9151.3,0.18,101.0,0.06,508.41,533.83,0.33,2.0,4.0,17.0,0.15,40.0,61.0,21.0,18.0,20.0,0.0,15.0,1,1,0,0,0,0,0,0,0,0,0,0,0,0,1,0,1,0,0,0,0,0,0,0,0,0,0,0,1,0,0,,,kc3,traditional_file
0,record_198,record_198,.,,Unknown,6.0,9.0,10.0,0.0,2.0,14.0,5.0,0.21,6.0,2.33,5.0,1.0,34.0,4.0,0.75,24.0,1.0,3.0,0.6,47.78,23.7,26838.69,0.38,195.0,0.04,1491.04,1132.43,0.8,4.0,7.0,31.0,0.15,79.0,116.0,35.0,21.0,33.0,7.69,24.0,1,1,0,0,0,0,0,0,0,0,0,0,0,0,1,0,1,0,0,0,0,0,0,0,0,0,0,0,1,0,0,,,kc3,traditional_file
0,record_199,record_199,.,,Unknown,0.0,3.0,8.0,0.0,0.0,4.0,2.0,0.17,2.0,2.0,2.0,1.0,16.0,1.0,0.0,12.0,0.0,2.0,1.0,33.66,13.22,5883.89,0.15,89.0,0.08,326.88,445.0,0.5,1.0,2.0,16.0,0.15,34.0,55.0,18.0,14.0,13.0,0.0,12.0,1,1,0,0,0,0,0,0,0,0,0,0,0,0,1,0,1,0,0,0,0,0,0,0,0,0,0,0,1,0,0,,,kc3,traditional_file
1,record_200,record_200,.,,Unknown,1.0,3.0,5.0,0.0,0.0,4.0,2.0,0.33,2.0,2.0,2.0,1.0,13.0,1.0,0.0,6.0,2.0,2.0,1.0,25.23,6.5,1066.0,0.05,41.0,0.15,59.22,164.0,0.5,1.0,2.0,13.0,0.22,13.0,28.0,8.0,8.0,9.0,0.0,6.0,1,1,0,0,0,0,0,0,0,0,0,0,0,0,1,0,1,0,0,0,0,0,0,0,0,0,0,0,1,0,0,,,kc3,traditional_file
0,record_201,record_201,.,,Unknown,0.0,3.0,4.0,0.0,0.0,4.0,2.0,0.15,2.0,2.0,2.0,1.0,10.0,1.0,0.0,13.0,2.0,2.0,1.0,25.59,14.0,5014.84,0.12,73.0,0.07,278.6,358.2,0.5,1.0,2.0,10.0,0.13,28.0,45.0,15.0,15.0,15.0,0.0,13.0,1,1,0,0,0,0,0,0,0,0,0,0,0,0,1,0,1,0,0,0,0,0,0,0,0,0,0,0,1,0,0,,,kc3,traditional_file
0,record_202,record_202,.,,Unknown,0.0,1.0,2.0,0.0,1.0,0.0,1.0,0.33,0.0,0.0,1.0,1.0,3.0,1.0,0.0,3.0,0.0,0.0,0.0,12.0,3.0,108.0,0.01,12.0,0.33,6.0,36.0,1.0,0.0,0.0,4.0,0.2,2.0,10.0,2.0,6.0,5.0,25.0,3.0,1,1,0,0,0,0,0,0,0,0,0,0,0,0,1,0,1,0,0,0,0,0,0,0,0,0,0,0,1,0,0,,,kc3,traditional_file
0,record_203,record_203,.,,Unknown,0.0,1.0,2.0,0.0,0.0,0.0,1.0,0.25,0.0,0.0,1.0,1.0,3.0,1.0,0.0,4.0,0.0,1.0,1.0,11.7,3.33,130.0,0.01,13.0,0.3,7.22,39.0,1.0,0.0,0.0,4.0,0.2,4.0,9.0,3.0,5.0,5.0,0.0,4.0,1,1,0,0,0,0,0,0,0,0,0,0,0,0,1,0,1,0,0,0,0,0,0,0,0,0,0,0,1,0,0,,,kc3,traditional_file
0,record_204,record_204,.,,Unknown,0.0,1.0,2.0,0.0,0.0,0.0,1.0,0.25,0.0,0.0,1.0,1.0,3.0,1.0,0.0,4.0,0.0,1.0,1.0,16.61,3.0,149.49,0.02,15.0,0.33,8.3,49.83,1.0,0.0,0.0,4.0,0.2,4.0,11.0,4.0,6.0,5.0,0.0,4.0,1,1,0,0,0,0,0,0,0,0,0,0,0,0,1,0,1,0,0,0,0,0,0,0,0,0,0,0,1,0,0,,,kc3,traditional_file
0,record_205,record_205,.,,Unknown,0.0,1.0,0.0,0.0,0.0,0.0,1.0,1.0,0.0,0.0,1.0,1.0,1.0,1.0,0.0,0.0,0.0,1.0,1.0,6.2,2.5,38.77,0.01,6.0,0.4,2.15,15.51,1.0,0.0,0.0,2.0,1.0,1.0,5.0,1.0,5.0,1.0,0.0,0.0,1,1,0,0,0,0,0,0,0,0,0,0,0,0,1,0,1,0,0,0,0,0,0,0,0,0,0,0,1,0,0,,,kc3,traditional_file
0,record_206,record_206,.,,Unknown,2.0,7.0,7.0,0.0,0.0,12.0,4.0,0.18,6.0,2.0,4.0,1.0,23.0,3.0,0.67,22.0,1.0,3.0,0.75,28.83,15.47,6896.24,0.15,90.0,0.06,383.12,445.88,0.75,3.0,6.0,21.0,0.16,29.0,61.0,15.0,16.0,25.0,0.0,22.0,1,1,0,0,0,0,0,0,0,0,0,0,0,0,1,0,1,0,0,0,0,0,0,0,0,0,0,0,1,0,0,,,kc3,traditional_file
0,record_207,record_207,.,,Unknown,0.0,1.0,1.0,0.0,0.0,0.0,1.0,0.33,0.0,0.0,1.0,1.0,2.0,1.0,0.0,3.0,0.0,1.0,1.0,8.0,3.0,72.0,0.01,8.0,0.33,4.0,24.0,1.0,0.0,0.0,3.0,0.25,2.0,6.0,2.0,6.0,4.0,0.0,3.0,1,1,0,0,0,0,0,0,0,0,0,0,0,0,1,0,1,0,0,0,0,0,0,0,0,0,0,0,1,0,0,,,kc3,traditional_file
0,record_208,record_208,.,,Unknown,1.0,3.0,2.0,0.0,0.0,4.0,2.0,0.33,2.0,2.0,2.0,1.0,8.0,1.0,0.0,6.0,1.0,2.0,1.0,15.86,7.2,822.39,0.04,30.0,0.14,45.69,114.22,0.5,1.0,2.0,8.0,0.25,8.0,22.0,5.0,9.0,8.0,0.0,6.0,1,1,0,0,0,0,0,0,0,0,0,0,0,0,1,0,1,0,0,0,0,0,0,0,0,0,0,0,1,0,0,,,kc3,traditional_file
0,record_209,record_209,.,,Unknown,0.0,3.0,4.0,0.0,0.0,4.0,2.0,0.25,2.0,2.0,2.0,1.0,9.0,1.0,0.0,8.0,0.0,2.0,1.0,28.73,7.92,1800.5,0.08,51.0,0.13,100.03,227.43,0.5,1.0,2.0,9.0,0.2,19.0,32.0,12.0,10.0,10.0,0.0,8.0,1,1,0,0,0,0,0,0,0,0,0,0,0,0,1,0,1,0,0,0,0,0,0,0,0,0,0,0,1,0,0,,,kc3,traditional_file
0,record_210,record_210,.,,Unknown,2.0,10.0,9.0,0.0,0.0,12.0,6.0,0.18,6.0,2.0,5.0,0.83,30.0,3.0,0.4,33.0,0.0,4.0,0.67,45.02,14.88,9961.7,0.22,125.0,0.07,553.43,669.69,0.5,3.0,6.0,26.0,0.16,42.0,83.0,24.0,17.0,37.0,0.0,33.0,1,1,0,0,0,0,0,0,0,0,0,0,0,0,1,0,1,0,0,0,0,0,0,0,0,0,0,0,1,0,0,,,kc3,traditional_file
0,record_211,record_211,.,,Unknown,0.0,1.0,1.0,0.0,0.0,0.0,1.0,0.33,0.0,0.0,1.0,1.0,2.0,1.0,0.0,3.0,0.0,1.0,1.0,10.57,3.0,95.1,0.01,10.0,0.33,5.28,31.7,1.0,0.0,0.0,3.0,0.25,3.0,7.0,3.0,6.0,4.0,0.0,3.0,1,1,0,0,0,0,0,0,0,0,0,0,0,0,1,0,1,0,0,0,0,0,0,0,0,0,0,0,1,0,0,,,kc3,traditional_file
0,record_212,record_212,.,,Unknown,0.0,1.0,1.0,0.0,0.0,0.0,1.0,0.33,0.0,0.0,1.0,1.0,2.0,1.0,0.0,3.0,1.0,1.0,1.0,9.51,3.0,85.59,0.01,9.0,0.33,4.75,28.53,1.0,0.0,0.0,3.0,0.25,3.0,6.0,3.0,6.0,4.0,0.0,3.0,1,1,0,0,0,0,0,0,0,0,0,0,0,0,1,0,1,0,0,0,0,0,0,0,0,0,0,0,1,0,0,,,kc3,traditional_file
1,record_213,record_213,.,,Unknown,7.0,7.0,22.0,0.0,0.0,4.0,5.0,0.09,2.0,2.0,5.0,1.0,52.0,1.0,0.0,57.0,0.0,5.0,1.0,139.4,16.46,37755.59,0.76,357.0,0.06,2097.53,2294.18,0.2,1.0,2.0,49.0,0.08,144.0,213.0,70.0,16.0,65.0,0.0,57.0,1,1,0,0,0,0,0,0,0,0,0,0,0,0,1,0,1,0,0,0,0,0,0,0,0,0,0,0,1,0,0,,,kc3,traditional_file
0,record_214,record_214,.,,Unknown,1.0,1.0,2.0,0.0,0.0,0.0,1.0,0.2,0.0,0.0,1.0,1.0,3.0,1.0,0.0,5.0,1.0,1.0,1.0,14.99,5.33,426.42,0.03,21.0,0.19,23.69,79.95,1.0,0.0,0.0,4.0,0.14,8.0,13.0,6.0,8.0,7.0,0.0,5.0,1,1,0,0,0,0,0,0,0,0,0,0,0,0,1,0,1,0,0,0,0,0,0,0,0,0,0,0,1,0,0,,,kc3,traditional_file
0,record_215,record_215,.,,Unknown,0.0,1.0,0.0,0.0,0.0,0.0,1.0,0.33,0.0,0.0,1.0,1.0,1.0,1.0,0.0,3.0,0.0,1.0,1.0,5.33,1.5,12.0,0.0,4.0,0.67,0.67,8.0,1.0,0.0,0.0,2.0,0.25,1.0,3.0,1.0,3.0,4.0,0.0,3.0,1,1,0,0,0,0,0,0,0,0,0,0,0,0,1,0,1,0,0,0,0,0,0,0,0,0,0,0,1,0,0,,,kc3,traditional_file
0,record_216,record_216,.,,Unknown,0.0,3.0,5.0,0.0,0.0,4.0,2.0,0.22,2.0,2.0,2.0,1.0,12.0,1.0,0.0,9.0,0.0,1.0,0.5,20.53,8.13,1355.23,0.06,40.0,0.12,75.29,166.8,0.5,1.0,2.0,12.0,0.2,13.0,27.0,8.0,10.0,10.0,0.0,9.0,1,1,0,0,0,0,0,0,0,0,0,0,0,0,1,0,1,0,0,0,0,0,0,0,0,0,0,0,1,0,0,,,kc3,traditional_file
0,record_217,record_217,.,,Unknown,6.0,27.0,7.0,0.0,0.0,44.0,14.0,0.37,18.0,2.44,14.0,1.0,86.0,9.0,0.62,38.0,2.0,14.0,1.0,41.06,42.15,72932.91,0.58,323.0,0.02,4051.83,1730.49,0.64,13.0,22.0,74.0,0.31,119.0,204.0,24.0,17.0,45.0,0.0,38.0,1,1,0,0,0,0,0,0,0,0,0,0,0,0,1,0,1,0,0,0,0,0,0,0,0,0,0,0,1,0,0,,,kc3,traditional_file
0,record_218,record_218,.,,Unknown,0.0,1.0,0.0,0.0,0.0,0.0,1.0,0.33,0.0,0.0,1.0,1.0,1.0,1.0,0.0,3.0,0.0,0.0,0.0,5.33,1.5,12.0,0.0,4.0,0.67,0.67,8.0,1.0,0.0,0.0,2.0,0.25,1.0,3.0,1.0,3.0,4.0,0.0,3.0,1,1,0,0,0,0,0,0,0,0,0,0,0,0,1,0,1,0,0,0,0,0,0,0,0,0,0,0,1,0,0,,,kc3,traditional_file
0,record_219,record_219,.,,Unknown,11.0,43.0,16.0,0.0,4.0,76.0,22.0,0.21,34.0,2.24,17.0,0.77,119.0,12.0,0.52,103.0,3.0,18.0,0.82,70.89,48.94,169799.06,1.16,557.0,0.02,9433.28,3469.45,0.55,21.0,38.0,99.0,0.18,208.0,349.0,51.0,24.0,119.0,3.74,103.0,1,1,0,0,0,0,0,0,0,0,0,0,0,0,1,0,1,0,0,0,0,0,0,0,0,0,0,0,1,0,0,,,kc3,traditional_file
0,record_220,record_220,.,,Unknown,7.0,4.0,3.0,0.0,3.0,0.0,3.0,0.21,0.0,0.0,2.0,0.67,16.0,1.0,0.0,14.0,0.0,2.0,0.67,41.24,11.05,5037.64,0.15,92.0,0.09,279.87,455.79,0.33,0.0,0.0,15.0,0.12,35.0,57.0,19.0,12.0,26.0,17.65,14.0,1,1,0,0,0,0,0,0,0,0,0,0,0,0,1,0,1,0,0,0,0,0,0,0,0,0,0,0,1,0,0,,,kc3,traditional_file
0,record_221,record_221,.,,Unknown,0.0,1.0,0.0,0.0,0.0,0.0,1.0,0.33,0.0,0.0,1.0,1.0,1.0,1.0,0.0,3.0,0.0,1.0,1.0,5.33,1.5,12.0,0.0,4.0,0.67,0.67,8.0,1.0,0.0,0.0,2.0,0.25,1.0,3.0,1.0,3.0,4.0,0.0,3.0,1,1,0,0,0,0,0,0,0,0,0,0,0,0,1,0,1,0,0,0,0,0,0,0,0,0,0,0,1,0,0,,,kc3,traditional_file
0,record_222,record_222,.,,Unknown,1.0,1.0,4.0,0.0,0.0,0.0,1.0,0.07,0.0,0.0,1.0,1.0,12.0,1.0,0.0,14.0,0.0,1.0,1.0,93.83,7.6,5424.68,0.24,138.0,0.13,301.37,713.45,1.0,0.0,0.0,13.0,0.06,63.0,75.0,29.0,7.0,17.0,0.0,14.0,1,1,0,0,0,0,0,0,0,0,0,0,0,0,1,0,1,0,0,0,0,0,0,0,0,0,0,0,1,0,0,,,kc3,traditional_file
1,record_223,record_223,.,,Unknown,19.0,24.0,17.0,2.0,12.0,16.0,15.0,0.17,8.0,2.0,9.0,0.6,83.0,1.0,0.0,86.0,0.0,11.0,0.73,92.86,35.1,114410.43,1.09,495.0,0.03,6356.14,3259.56,0.07,4.0,8.0,70.0,0.12,189.0,306.0,70.0,26.0,122.0,14.0,88.0,1,1,0,0,0,0,0,0,0,0,0,0,0,0,1,0,1,0,0,0,0,0,0,0,0,0,0,0,1,0,0,,,kc3,traditional_file
1,record_224,record_224,.,,Unknown,2.0,5.0,6.0,0.0,7.0,8.0,3.0,0.25,4.0,2.0,3.0,1.0,15.0,1.0,0.0,12.0,1.0,3.0,1.0,29.1,10.5,3208.05,0.1,65.0,0.1,178.23,305.53,0.33,2.0,4.0,14.0,0.13,21.0,44.0,13.0,13.0,23.0,36.84,12.0,1,1,0,0,0,0,0,0,0,0,0,0,0,0,1,0,1,0,0,0,0,0,0,0,0,0,0,0,1,0,0,,,kc3,traditional_file
0,record_225,record_225,.,,Unknown,0.0,1.0,0.0,0.0,0.0,0.0,1.0,0.33,0.0,0.0,1.0,1.0,1.0,1.0,0.0,3.0,0.0,1.0,1.0,5.33,1.5,12.0,0.0,4.0,0.67,0.67,8.0,1.0,0.0,0.0,2.0,0.25,1.0,3.0,1.0,3.0,4.0,0.0,3.0,1,1,0,0,0,0,0,0,0,0,0,0,0,0,1,0,1,0,0,0,0,0,0,0,0,0,0,0,1,0,0,,,kc3,traditional_file
0,record_226,record_226,.,,Unknown,0.0,1.0,0.0,0.0,0.0,0.0,1.0,1.0,0.0,0.0,1.0,1.0,1.0,1.0,0.0,0.0,0.0,0.0,0.0,5.33,1.5,12.0,0.0,4.0,0.67,0.67,8.0,1.0,0.0,0.0,2.0,1.0,1.0,3.0,1.0,3.0,1.0,0.0,0.0,1,1,0,0,0,0,0,0,0,0,0,0,0,0,1,0,1,0,0,0,0,0,0,0,0,0,0,0,1,0,0,,,kc3,traditional_file
0,record_227,record_227,.,,Unknown,5.0,11.0,6.0,0.0,0.0,18.0,6.0,0.26,8.0,2.25,4.0,0.67,27.0,1.0,0.0,23.0,2.0,6.0,1.0,22.86,24.7,13948.3,0.19,111.0,0.04,774.91,564.71,0.17,5.0,9.0,23.0,0.21,39.0,72.0,15.0,19.0,29.0,0.0,23.0,1,1,0,0,0,0,0,0,0,0,0,0,0,0,1,0,1,0,0,0,0,0,0,0,0,0,0,0,1,0,0,,,kc3,traditional_file
0,record_228,record_228,.,,Unknown,0.0,1.0,1.0,0.0,0.0,0.0,1.0,0.33,0.0,0.0,1.0,1.0,2.0,1.0,0.0,3.0,0.0,1.0,1.0,8.0,3.0,72.0,0.01,8.0,0.33,4.0,24.0,1.0,0.0,0.0,3.0,0.25,2.0,6.0,2.0,6.0,4.0,0.0,3.0,1,1,0,0,0,0,0,0,0,0,0,0,0,0,1,0,1,0,0,0,0,0,0,0,0,0,0,0,1,0,0,,,kc3,traditional_file
0,record_229,record_229,.,,Unknown,0.0,1.0,0.0,0.0,0.0,0.0,1.0,0.33,0.0,0.0,1.0,1.0,1.0,1.0,0.0,3.0,1.0,1.0,1.0,3.62,5.0,90.47,0.01,7.0,0.2,5.03,18.09,1.0,0.0,0.0,2.0,0.25,2.0,5.0,1.0,5.0,4.0,0.0,3.0,1,1,0,0,0,0,0,0,0,0,0,0,0,0,1,0,1,0,0,0,0,0,0,0,0,0,0,0,1,0,0,,,kc3,traditional_file
0,record_230,record_230,.,,Unknown,0.0,1.0,1.0,0.0,0.0,0.0,1.0,1.0,0.0,0.0,1.0,1.0,2.0,1.0,0.0,0.0,1.0,1.0,1.0,9.51,3.0,85.59,0.01,9.0,0.33,4.75,28.53,1.0,0.0,0.0,3.0,1.0,3.0,6.0,3.0,6.0,1.0,0.0,0.0,1,1,0,0,0,0,0,0,0,0,0,0,0,0,1,0,1,0,0,0,0,0,0,0,0,0,0,0,1,0,0,,,kc3,traditional_file
0,record_231,record_231,.,,Unknown,0.0,1.0,1.0,0.0,0.0,0.0,1.0,1.0,0.0,0.0,1.0,1.0,2.0,1.0,0.0,0.0,1.0,1.0,1.0,9.51,3.0,85.59,0.01,9.0,0.33,4.75,28.53,1.0,0.0,0.0,3.0,1.0,3.0,6.0,3.0,6.0,1.0,0.0,0.0,1,1,0,0,0,0,0,0,0,0,0,0,0,0,1,0,1,0,0,0,0,0,0,0,0,0,0,0,1,0,0,,,kc3,traditional_file
0,record_232,record_232,.,,Unknown,0.0,1.0,0.0,0.0,0.0,0.0,1.0,0.33,0.0,0.0,1.0,1.0,1.0,1.0,0.0,3.0,0.0,1.0,1.0,5.33,1.5,12.0,0.0,4.0,0.67,0.67,8.0,1.0,0.0,0.0,2.0,0.25,1.0,3.0,1.0,3.0,4.0,0.0,3.0,1,1,0,0,0,0,0,0,0,0,0,0,0,0,1,0,1,0,0,0,0,0,0,0,0,0,0,0,1,0,0,,,kc3,traditional_file
0,record_233,record_233,.,,Unknown,5.0,11.0,8.0,0.0,1.0,18.0,6.0,0.3,8.0,2.25,6.0,1.0,41.0,5.0,0.8,20.0,2.0,6.0,1.0,46.13,20.69,19748.29,0.32,170.0,0.05,1097.13,954.5,0.83,5.0,9.0,37.0,0.21,60.0,110.0,29.0,20.0,28.0,4.76,20.0,1,1,0,0,0,0,0,0,0,0,0,0,0,0,1,0,1,0,0,0,0,0,0,0,0,0,0,0,1,0,0,,,kc3,traditional_file
0,record_234,record_234,.,,Unknown,0.0,6.0,4.0,0.0,0.0,4.0,4.0,0.25,2.0,2.0,3.0,0.75,15.0,1.0,0.0,16.0,0.0,2.0,0.5,24.11,11.64,3264.45,0.09,59.0,0.09,181.36,280.54,0.25,1.0,2.0,13.0,0.24,16.0,43.0,11.0,16.0,17.0,0.0,16.0,1,1,0,0,0,0,0,0,0,0,0,0,0,0,1,0,1,0,0,0,0,0,0,0,0,0,0,0,1,0,0,,,kc3,traditional_file
0,record_235,record_235,.,,Unknown,0.0,1.0,1.0,0.0,0.0,0.0,1.0,0.2,0.0,0.0,1.0,1.0,2.0,1.0,0.0,5.0,0.0,1.0,1.0,13.31,6.75,606.54,0.03,23.0,0.15,33.7,89.86,1.0,0.0,0.0,3.0,0.17,9.0,14.0,6.0,9.0,6.0,0.0,5.0,1,1,0,0,0,0,0,0,0,0,0,0,0,0,1,0,1,0,0,0,0,0,0,0,0,0,0,0,1,0,0,,,kc3,traditional_file
0,record_236,record_236,.,,Unknown,2.0,12.0,5.0,0.0,1.0,14.0,7.0,0.33,6.0,2.33,6.0,0.86,29.0,3.0,0.33,21.0,0.0,7.0,1.0,28.85,17.34,8678.36,0.17,101.0,0.06,482.13,500.37,0.43,4.0,7.0,24.0,0.28,37.0,64.0,16.0,15.0,25.0,4.55,21.0,1,1,0,0,0,0,0,0,0,0,0,0,0,0,1,0,1,0,0,0,0,0,0,0,0,0,0,0,1,0,0,,,kc3,traditional_file
0,record_237,record_237,.,,Unknown,0.0,1.0,1.0,0.0,0.0,0.0,1.0,0.33,0.0,0.0,1.0,1.0,2.0,1.0,0.0,3.0,1.0,1.0,1.0,9.6,2.5,60.0,0.01,8.0,0.4,3.33,24.0,1.0,0.0,0.0,3.0,0.25,3.0,5.0,3.0,5.0,4.0,0.0,3.0,1,1,0,0,0,0,0,0,0,0,0,0,0,0,1,0,1,0,0,0,0,0,0,0,0,0,0,0,1,0,0,,,kc3,traditional_file
0,record_238,record_238,.,,Unknown,0.0,3.0,5.0,0.0,5.0,4.0,2.0,0.11,2.0,2.0,2.0,1.0,12.0,1.0,0.0,18.0,1.0,2.0,1.0,24.85,16.5,6765.0,0.14,82.0,0.06,375.83,410.0,0.5,1.0,2.0,12.0,0.08,33.0,49.0,16.0,16.0,24.0,21.74,18.0,1,1,0,0,0,0,0,0,0,0,0,0,0,0,1,0,1,0,0,0,0,0,0,0,0,0,0,0,1,0,0,,,kc3,traditional_file
0,record_239,record_239,.,,Unknown,0.0,1.0,1.0,0.0,0.0,0.0,1.0,0.33,0.0,0.0,1.0,1.0,2.0,1.0,0.0,3.0,0.0,1.0,1.0,6.2,2.5,38.77,0.01,6.0,0.4,2.15,15.51,1.0,0.0,0.0,3.0,0.25,1.0,5.0,1.0,5.0,4.0,0.0,3.0,1,1,0,0,0,0,0,0,0,0,0,0,0,0,1,0,1,0,0,0,0,0,0,0,0,0,0,0,1,0,0,,,kc3,traditional_file
0,record_240,record_240,.,,Unknown,1.0,5.0,5.0,0.0,0.0,8.0,3.0,0.33,4.0,2.0,3.0,1.0,16.0,3.0,1.0,9.0,1.0,3.0,1.0,27.86,8.67,2092.83,0.08,52.0,0.12,116.27,241.48,1.0,2.0,4.0,15.0,0.27,16.0,36.0,12.0,13.0,11.0,0.0,9.0,1,1,0,0,0,0,0,0,0,0,0,0,0,0,1,0,1,0,0,0,0,0,0,0,0,0,0,0,1,0,0,,,kc3,traditional_file
0,record_241,record_241,.,,Unknown,3.0,13.0,8.0,0.0,3.0,0.0,9.0,0.17,0.0,0.0,8.0,0.89,50.0,1.0,0.0,52.0,0.0,5.0,0.56,64.7,19.5,24605.14,0.42,234.0,0.05,1366.95,1261.8,0.11,0.0,0.0,43.0,0.15,78.0,156.0,28.0,14.0,60.0,5.45,52.0,1,1,0,0,0,0,0,0,0,0,0,0,0,0,1,0,1,0,0,0,0,0,0,0,0,0,0,0,1,0,0,,,kc3,traditional_file
0,record_242,record_242,.,,Unknown,0.0,1.0,1.0,0.0,0.0,0.0,1.0,0.33,0.0,0.0,1.0,1.0,2.0,1.0,0.0,3.0,1.0,1.0,1.0,11.39,3.5,139.52,0.01,12.0,0.29,7.75,39.86,1.0,0.0,0.0,3.0,0.25,3.0,9.0,3.0,7.0,4.0,0.0,3.0,1,1,0,0,0,0,0,0,0,0,0,0,0,0,1,0,1,0,0,0,0,0,0,0,0,0,0,0,1,0,0,,,kc3,traditional_file
0,record_243,record_243,.,,Unknown,3.0,7.0,9.0,0.0,2.0,12.0,4.0,0.24,6.0,2.0,4.0,1.0,24.0,1.0,0.0,17.0,2.0,3.0,0.75,33.69,16.2,8841.71,0.18,104.0,0.06,491.21,545.78,0.25,3.0,6.0,22.0,0.16,36.0,68.0,20.0,18.0,25.0,10.53,17.0,1,1,0,0,0,0,0,0,0,0,0,0,0,0,1,0,1,0,0,0,0,0,0,0,0,0,0,0,1,0,0,,,kc3,traditional_file
1,record_244,record_244,.,,Unknown,18.0,30.0,12.0,2.0,7.0,42.0,17.0,0.19,20.0,2.1,14.0,0.82,96.0,8.0,0.44,88.0,1.0,13.0,0.76,66.14,38.06,95809.13,0.84,418.0,0.03,5322.73,2517.35,0.47,11.0,21.0,81.0,0.15,139.0,279.0,42.0,23.0,117.0,9.28,90.0,1,1,0,0,0,0,0,0,0,0,0,0,0,0,1,0,1,0,0,0,0,0,0,0,0,0,0,0,1,0,0,,,kc3,traditional_file
0,record_245,record_245,.,,Unknown,0.0,1.0,2.0,0.0,0.0,0.0,1.0,0.14,0.0,0.0,1.0,1.0,3.0,1.0,0.0,7.0,0.0,1.0,1.0,22.75,5.5,688.04,0.04,30.0,0.18,38.22,125.1,1.0,0.0,0.0,4.0,0.11,11.0,19.0,9.0,9.0,9.0,0.0,7.0,1,1,0,0,0,0,0,0,0,0,0,0,0,0,1,0,1,0,0,0,0,0,0,0,0,0,0,0,1,0,0,,,kc3,traditional_file
0,record_246,record_246,.,,Unknown,0.0,1.0,2.0,0.0,0.0,0.0,1.0,0.2,0.0,0.0,1.0,1.0,3.0,1.0,0.0,5.0,0.0,1.0,1.0,26.28,4.2,463.52,0.04,27.0,0.24,25.75,110.36,1.0,0.0,0.0,4.0,0.17,12.0,15.0,10.0,7.0,6.0,0.0,5.0,1,1,0,0,0,0,0,0,0,0,0,0,0,0,1,0,1,0,0,0,0,0,0,0,0,0,0,0,1,0,0,,,kc3,traditional_file
0,record_247,record_247,.,,Unknown,3.0,5.0,4.0,0.0,0.0,8.0,3.0,0.23,4.0,2.0,3.0,1.0,17.0,1.0,0.0,13.0,2.0,2.0,0.67,23.77,15.54,5735.89,0.12,76.0,0.06,318.66,369.21,0.33,2.0,4.0,16.0,0.18,29.0,47.0,14.0,15.0,17.0,0.0,13.0,1,1,0,0,0,0,0,0,0,0,0,0,0,0,1,0,1,0,0,0,0,0,0,0,0,0,0,0,1,0,0,,,kc3,traditional_file
0,record_248,record_248,.,,Unknown,3.0,11.0,7.0,0.0,0.0,18.0,6.0,0.29,8.0,2.25,4.0,0.67,28.0,4.0,0.6,21.0,2.0,4.0,0.67,37.67,18.75,13244.88,0.24,131.0,0.05,735.83,706.39,0.67,5.0,9.0,24.0,0.24,50.0,81.0,24.0,18.0,25.0,0.0,21.0,1,1,0,0,0,0,0,0,0,0,0,0,0,0,1,0,1,0,0,0,0,0,0,0,0,0,0,0,1,0,0,,,kc3,traditional_file
0,record_249,record_249,.,,Unknown,0.0,1.0,2.0,0.0,0.0,0.0,1.0,0.25,0.0,0.0,1.0,1.0,3.0,1.0,0.0,4.0,1.0,1.0,1.0,13.66,4.2,240.91,0.02,16.0,0.24,13.38,57.36,1.0,0.0,0.0,4.0,0.17,6.0,10.0,5.0,7.0,6.0,0.0,4.0,1,1,0,0,0,0,0,0,0,0,0,0,0,0,1,0,1,0,0,0,0,0,0,0,0,0,0,0,1,0,0,,,kc3,traditional_file
0,record_250,record_250,.,,Unknown,0.0,1.0,0.0,0.0,0.0,0.0,1.0,0.33,0.0,0.0,1.0,1.0,1.0,1.0,0.0,3.0,0.0,1.0,1.0,5.33,1.5,12.0,0.0,4.0,0.67,0.67,8.0,1.0,0.0,0.0,2.0,0.25,1.0,3.0,1.0,3.0,4.0,0.0,3.0,1,1,0,0,0,0,0,0,0,0,0,0,0,0,1,0,1,0,0,0,0,0,0,0,0,0,0,0,1,0,0,,,kc3,traditional_file
0,record_251,record_251,.,,Unknown,2.0,8.0,6.0,0.0,0.0,8.0,5.0,0.2,4.0,2.0,4.0,0.8,29.0,1.0,0.0,25.0,1.0,4.0,0.8,42.86,17.68,13404.49,0.25,153.0,0.06,744.69,757.99,0.2,2.0,4.0,26.0,0.18,56.0,97.0,19.0,12.0,28.0,0.0,25.0,1,1,0,0,0,0,0,0,0,0,0,0,0,0,1,0,1,0,0,0,0,0,0,0,0,0,0,0,1,0,0,,,kc3,traditional_file
0,record_252,record_252,.,,Unknown,3.0,11.0,6.0,0.0,0.0,18.0,6.0,0.43,8.0,2.25,5.0,0.83,28.0,1.0,0.0,14.0,3.0,6.0,1.0,37.16,16.43,10037.72,0.2,114.0,0.06,557.65,610.76,0.17,5.0,9.0,24.0,0.32,42.0,72.0,23.0,18.0,19.0,0.0,14.0,1,1,0,0,0,0,0,0,0,0,0,0,0,0,1,0,1,0,0,0,0,0,0,0,0,0,0,0,1,0,0,,,kc3,traditional_file
1,record_253,record_253,.,,Unknown,7.0,7.0,8.0,0.0,0.0,4.0,5.0,0.14,2.0,2.0,4.0,0.8,30.0,1.0,0.0,36.0,0.0,4.0,0.8,55.99,19.75,21840.0,0.37,198.0,0.05,1213.33,1105.82,0.2,1.0,2.0,27.0,0.11,79.0,119.0,32.0,16.0,44.0,0.0,36.0,1,1,0,0,0,0,0,0,0,0,0,0,0,0,1,0,1,0,0,0,0,0,0,0,0,0,0,0,1,0,0,,,kc3,traditional_file
0,record_254,record_254,.,,Unknown,0.0,3.0,1.0,0.0,0.0,4.0,2.0,0.33,2.0,2.0,2.0,1.0,7.0,1.0,0.0,6.0,2.0,2.0,1.0,13.38,7.33,719.39,0.03,24.0,0.14,39.97,98.1,0.5,1.0,2.0,7.0,0.29,8.0,16.0,6.0,11.0,7.0,0.0,6.0,1,1,0,0,0,0,0,0,0,0,0,0,0,0,1,0,1,0,0,0,0,0,0,0,0,0,0,0,1,0,0,,,kc3,traditional_file
0,record_255,record_255,.,,Unknown,9.0,7.0,10.0,0.0,4.0,12.0,4.0,0.11,6.0,2.0,4.0,1.0,32.0,4.0,1.0,37.0,0.0,4.0,1.0,69.01,16.93,19777.28,0.39,207.0,0.06,1098.74,1168.28,1.0,3.0,6.0,30.0,0.08,79.0,128.0,35.0,15.0,51.0,9.76,37.0,1,1,0,0,0,0,0,0,0,0,0,0,0,0,1,0,1,0,0,0,0,0,0,0,0,0,0,0,1,0,0,,,kc3,traditional_file
0,record_256,record_256,.,,Unknown,4.0,5.0,11.0,0.0,0.0,8.0,3.0,0.16,4.0,2.0,3.0,1.0,30.0,1.0,0.0,19.0,2.0,3.0,1.0,58.1,12.43,8983.13,0.24,142.0,0.08,499.06,722.42,0.33,2.0,4.0,29.0,0.13,52.0,90.0,23.0,11.0,24.0,0.0,19.0,1,1,0,0,0,0,0,0,0,0,0,0,0,0,1,0,1,0,0,0,0,0,0,0,0,0,0,0,1,0,0,,,kc3,traditional_file
0,record_257,record_257,.,,Unknown,0.0,1.0,0.0,0.0,0.0,0.0,1.0,0.33,0.0,0.0,1.0,1.0,1.0,1.0,0.0,3.0,0.0,1.0,1.0,5.33,1.5,12.0,0.0,4.0,0.67,0.67,8.0,1.0,0.0,0.0,2.0,0.25,1.0,3.0,1.0,3.0,4.0,0.0,3.0,1,1,0,0,0,0,0,0,0,0,0,0,0,0,1,0,1,0,0,0,0,0,0,0,0,0,0,0,1,0,0,,,kc3,traditional_file
0,record_258,record_258,.,,Unknown,6.0,6.0,7.0,0.0,1.0,4.0,4.0,0.19,2.0,2.0,4.0,1.0,21.0,1.0,0.0,21.0,0.0,4.0,1.0,46.32,15.11,10577.6,0.23,129.0,0.07,587.64,699.99,0.25,1.0,2.0,19.0,0.14,51.0,78.0,27.0,16.0,29.0,4.55,21.0,1,1,0,0,0,0,0,0,0,0,0,0,0,0,1,0,1,0,0,0,0,0,0,0,0,0,0,0,1,0,0,,,kc3,traditional_file
0,record_259,record_259,.,,Unknown,2.0,12.0,5.0,0.0,1.0,14.0,7.0,0.33,6.0,2.33,6.0,0.86,29.0,3.0,0.33,21.0,0.0,7.0,1.0,28.85,17.34,8678.36,0.17,101.0,0.06,482.13,500.37,0.43,4.0,7.0,24.0,0.28,37.0,64.0,16.0,15.0,25.0,4.55,21.0,1,1,0,0,0,0,0,0,0,0,0,0,0,0,1,0,1,0,0,0,0,0,0,0,0,0,0,0,1,0,0,,,kc3,traditional_file
0,record_260,record_260,.,,Unknown,0.0,1.0,0.0,0.0,0.0,0.0,1.0,0.33,0.0,0.0,1.0,1.0,1.0,1.0,0.0,3.0,0.0,1.0,1.0,6.2,2.5,38.77,0.01,6.0,0.4,2.15,15.51,1.0,0.0,0.0,2.0,0.25,1.0,5.0,1.0,5.0,4.0,0.0,3.0,1,1,0,0,0,0,0,0,0,0,0,0,0,0,1,0,1,0,0,0,0,0,0,0,0,0,0,0,1,0,0,,,kc3,traditional_file
0,record_261,record_261,.,,Unknown,0.0,1.0,2.0,0.0,0.0,0.0,1.0,0.25,0.0,0.0,1.0,1.0,4.0,1.0,0.0,4.0,1.0,1.0,1.0,15.16,5.25,417.73,0.03,23.0,0.19,23.21,79.57,1.0,0.0,0.0,5.0,0.2,6.0,17.0,4.0,7.0,5.0,0.0,4.0,1,1,0,0,0,0,0,0,0,0,0,0,0,0,1,0,1,0,0,0,0,0,0,0,0,0,0,0,1,0,0,,,kc3,traditional_file
0,record_262,record_262,.,,Unknown,2.0,3.0,7.0,0.0,6.0,4.0,2.0,0.11,2.0,2.0,2.0,1.0,14.0,1.0,0.0,18.0,1.0,2.0,1.0,39.51,10.08,4016.74,0.13,82.0,0.1,223.15,398.35,0.5,1.0,2.0,14.0,0.07,33.0,49.0,18.0,11.0,27.0,25.0,18.0,1,1,0,0,0,0,0,0,0,0,0,0,0,0,1,0,1,0,0,0,0,0,0,0,0,0,0,0,1,0,0,,,kc3,traditional_file
0,record_263,record_263,.,,Unknown,0.0,1.0,0.0,0.0,0.0,0.0,1.0,0.33,0.0,0.0,1.0,1.0,1.0,1.0,0.0,3.0,0.0,0.0,0.0,5.33,1.5,12.0,0.0,4.0,0.67,0.67,8.0,1.0,0.0,0.0,2.0,0.25,1.0,3.0,1.0,3.0,4.0,0.0,3.0,1,1,0,0,0,0,0,0,0,0,0,0,0,0,1,0,1,0,0,0,0,0,0,0,0,0,0,0,1,0,0,,,kc3,traditional_file
0,record_264,record_264,.,,Unknown,1.0,1.0,5.0,0.0,0.0,0.0,1.0,0.2,0.0,0.0,1.0,1.0,6.0,1.0,0.0,5.0,0.0,1.0,1.0,32.43,4.88,770.85,0.05,36.0,0.21,42.83,158.12,1.0,0.0,0.0,7.0,0.13,13.0,23.0,12.0,9.0,8.0,0.0,5.0,1,1,0,0,0,0,0,0,0,0,0,0,0,0,1,0,1,0,0,0,0,0,0,0,0,0,0,0,1,0,0,,,kc3,traditional_file
0,record_265,record_265,.,,Unknown,0.0,1.0,0.0,0.0,0.0,0.0,1.0,0.33,0.0,0.0,1.0,1.0,1.0,1.0,0.0,3.0,0.0,0.0,0.0,5.33,1.5,12.0,0.0,4.0,0.67,0.67,8.0,1.0,0.0,0.0,2.0,0.25,1.0,3.0,1.0,3.0,4.0,0.0,3.0,1,1,0,0,0,0,0,0,0,0,0,0,0,0,1,0,1,0,0,0,0,0,0,0,0,0,0,0,1,0,0,,,kc3,traditional_file
0,record_266,record_266,.,,Unknown,2.0,13.0,7.0,0.0,0.0,12.0,8.0,0.22,6.0,2.0,6.0,0.75,41.0,3.0,0.29,36.0,1.0,7.0,0.88,46.09,20.67,19687.59,0.32,179.0,0.05,1093.75,952.63,0.38,3.0,6.0,35.0,0.2,62.0,117.0,24.0,16.0,40.0,0.0,36.0,1,1,0,0,0,0,0,0,0,0,0,0,0,0,1,0,1,0,0,0,0,0,0,0,0,0,0,0,1,0,0,,,kc3,traditional_file
0,record_267,record_267,.,,Unknown,0.0,1.0,1.0,0.0,1.0,0.0,1.0,0.33,0.0,0.0,1.0,1.0,2.0,1.0,0.0,3.0,1.0,1.0,1.0,9.6,2.5,60.0,0.01,8.0,0.4,3.33,24.0,1.0,0.0,0.0,3.0,0.17,3.0,5.0,3.0,5.0,6.0,25.0,3.0,1,1,0,0,0,0,0,0,0,0,0,0,0,0,1,0,1,0,0,0,0,0,0,0,0,0,0,0,1,0,0,,,kc3,traditional_file
0,record_268,record_268,.,,Unknown,10.0,23.0,14.0,0.0,13.0,34.0,13.0,0.25,16.0,2.13,12.0,0.92,74.0,1.0,0.0,52.0,1.0,11.0,0.85,64.37,33.13,70666.9,0.71,348.0,0.03,3925.94,2132.99,0.08,9.0,17.0,63.0,0.17,127.0,221.0,46.0,24.0,77.0,20.0,52.0,1,1,0,0,0,0,0,0,0,0,0,0,0,0,1,0,1,0,0,0,0,0,0,0,0,0,0,0,1,0,0,,,kc3,traditional_file
0,record_269,record_269,.,,Unknown,0.0,7.0,3.0,0.0,0.0,6.0,4.0,0.25,2.0,3.0,2.0,0.5,14.0,3.0,0.67,16.0,0.0,3.0,0.75,23.55,8.45,1681.86,0.07,44.0,0.12,93.44,199.04,0.75,2.0,3.0,12.0,0.24,13.0,31.0,10.0,13.0,17.0,0.0,16.0,1,1,0,0,0,0,0,0,0,0,0,0,0,0,1,0,1,0,0,0,0,0,0,0,0,0,0,0,1,0,0,,,kc3,traditional_file
0,record_270,record_270,.,,Unknown,0.0,1.0,5.0,0.0,1.0,0.0,1.0,0.2,0.0,0.0,1.0,1.0,6.0,1.0,0.0,5.0,0.0,1.0,1.0,32.5,5.32,919.39,0.06,40.0,0.19,51.08,172.88,1.0,0.0,0.0,7.0,0.13,13.0,27.0,11.0,9.0,8.0,16.67,5.0,1,1,0,0,0,0,0,0,0,0,0,0,0,0,1,0,1,0,0,0,0,0,0,0,0,0,0,0,1,0,0,,,kc3,traditional_file
0,record_271,record_271,.,,Unknown,0.0,1.0,0.0,0.0,0.0,0.0,1.0,0.33,0.0,0.0,1.0,1.0,1.0,1.0,0.0,3.0,0.0,0.0,0.0,5.33,1.5,12.0,0.0,4.0,0.67,0.67,8.0,1.0,0.0,0.0,2.0,0.25,1.0,3.0,1.0,3.0,4.0,0.0,3.0,1,1,0,0,0,0,0,0,0,0,0,0,0,0,1,0,1,0,0,0,0,0,0,0,0,0,0,0,1,0,0,,,kc3,traditional_file
0,record_272,record_272,.,,Unknown,0.0,1.0,0.0,0.0,0.0,0.0,1.0,0.5,0.0,0.0,1.0,1.0,1.0,1.0,0.0,2.0,0.0,0.0,0.0,0.0,0.0,0.0,0.0,1.0,0.0,0.0,0.0,1.0,0.0,0.0,2.0,0.33,0.0,1.0,0.0,1.0,3.0,0.0,2.0,1,1,0,0,0,0,0,0,0,0,0,0,0,0,1,0,1,0,0,0,0,0,0,0,0,0,0,0,1,0,0,,,kc3,traditional_file
1,record_273,record_273,.,,Unknown,5.0,5.0,10.0,1.0,1.0,8.0,3.0,0.23,4.0,2.0,3.0,1.0,21.0,1.0,0.0,12.0,1.0,3.0,1.0,46.32,10.21,4832.73,0.16,93.0,0.1,268.48,473.13,0.33,2.0,4.0,20.0,0.14,33.0,60.0,21.0,13.0,21.0,14.29,13.0,1,1,0,0,0,0,0,0,0,0,0,0,0,0,1,0,1,0,0,0,0,0,0,0,0,0,0,0,1,0,0,,,kc3,traditional_file
1,record_274,record_274,.,,Unknown,0.0,5.0,2.0,0.0,1.0,6.0,3.0,0.3,2.0,3.0,2.0,0.67,12.0,3.0,1.0,10.0,3.0,3.0,1.0,19.09,17.86,6086.79,0.11,67.0,0.06,338.15,340.86,1.0,2.0,3.0,11.0,0.23,25.0,42.0,14.0,20.0,13.0,9.09,10.0,1,1,0,0,0,0,0,0,0,0,0,0,0,0,1,0,1,0,0,0,0,0,0,0,0,0,0,0,1,0,0,,,kc3,traditional_file
0,record_275,record_275,.,,Unknown,9.0,12.0,10.0,0.0,2.0,14.0,7.0,0.23,6.0,2.33,7.0,1.0,40.0,6.0,0.83,30.0,0.0,6.0,0.86,52.03,24.0,29970.57,0.42,216.0,0.04,1665.03,1248.77,0.86,4.0,7.0,35.0,0.17,84.0,132.0,35.0,20.0,42.0,6.25,30.0,1,1,0,0,0,0,0,0,0,0,0,0,0,0,1,0,1,0,0,0,0,0,0,0,0,0,0,0,1,0,0,,,kc3,traditional_file
0,record_276,record_276,.,,Unknown,3.0,11.0,3.0,0.0,0.0,20.0,6.0,0.25,10.0,2.0,2.0,0.33,26.0,1.0,0.0,24.0,1.0,4.0,0.67,31.92,18.79,11268.26,0.2,116.0,0.05,626.01,599.71,0.17,5.0,10.0,22.0,0.21,42.0,74.0,19.0,17.0,28.0,0.0,24.0,1,1,0,0,0,0,0,0,0,0,0,0,0,0,1,0,1,0,0,0,0,0,0,0,0,0,0,0,1,0,0,,,kc3,traditional_file
0,record_277,record_277,.,,Unknown,0.0,1.0,2.0,0.0,0.0,0.0,1.0,0.33,0.0,0.0,1.0,1.0,3.0,1.0,0.0,3.0,1.0,1.0,1.0,14.34,3.5,175.66,0.02,14.0,0.29,9.76,50.19,1.0,0.0,0.0,4.0,0.25,5.0,9.0,5.0,7.0,4.0,0.0,3.0,1,1,0,0,0,0,0,0,0,0,0,0,0,0,1,0,1,0,0,0,0,0,0,0,0,0,0,0,1,0,0,,,kc3,traditional_file
0,record_278,record_278,.,,Unknown,0.0,1.0,1.0,0.0,0.0,0.0,1.0,0.33,0.0,0.0,1.0,1.0,2.0,1.0,0.0,3.0,0.0,1.0,1.0,6.2,2.5,38.77,0.01,6.0,0.4,2.15,15.51,1.0,0.0,0.0,3.0,0.25,1.0,5.0,1.0,5.0,4.0,0.0,3.0,1,1,0,0,0,0,0,0,0,0,0,0,0,0,1,0,1,0,0,0,0,0,0,0,0,0,0,0,1,0,0,,,kc3,traditional_file
0,record_279,record_279,.,,Unknown,4.0,9.0,5.0,0.0,1.0,14.0,5.0,0.31,6.0,2.33,4.0,0.8,26.0,3.0,0.5,16.0,0.0,5.0,1.0,22.8,17.0,6589.95,0.13,79.0,0.06,366.11,387.64,0.6,4.0,7.0,23.0,0.22,26.0,53.0,13.0,17.0,23.0,5.88,16.0,1,1,0,0,0,0,0,0,0,0,0,0,0,0,1,0,1,0,0,0,0,0,0,0,0,0,0,0,1,0,0,,,kc3,traditional_file
0,record_280,record_280,.,,Unknown,5.0,13.0,4.0,0.0,3.0,22.0,7.0,0.23,10.0,2.2,4.0,0.57,30.0,7.0,1.0,31.0,0.0,6.0,0.86,26.27,19.43,9914.72,0.17,104.0,0.05,550.82,510.32,1.0,6.0,11.0,25.0,0.17,34.0,70.0,14.0,16.0,41.0,8.82,31.0,1,1,0,0,0,0,0,0,0,0,0,0,0,0,1,0,1,0,0,0,0,0,0,0,0,0,0,0,1,0,0,,,kc3,traditional_file
0,record_281,record_281,.,,Unknown,0.0,1.0,3.0,0.0,0.0,0.0,1.0,0.17,0.0,0.0,1.0,1.0,4.0,1.0,0.0,6.0,0.0,1.0,1.0,31.07,5.23,850.08,0.05,37.0,0.19,47.23,162.52,1.0,0.0,0.0,5.0,0.14,17.0,20.0,13.0,8.0,7.0,0.0,6.0,1,1,0,0,0,0,0,0,0,0,0,0,0,0,1,0,1,0,0,0,0,0,0,0,0,0,0,0,1,0,0,,,kc3,traditional_file
1,record_282,record_282,.,,Unknown,1.0,5.0,9.0,0.0,0.0,8.0,3.0,0.2,4.0,2.0,3.0,1.0,19.0,1.0,0.0,15.0,2.0,3.0,1.0,43.46,11.14,5396.06,0.16,96.0,0.09,299.78,484.26,0.33,2.0,4.0,18.0,0.17,39.0,57.0,21.0,12.0,18.0,0.0,15.0,1,1,0,0,0,0,0,0,0,0,0,0,0,0,1,0,1,0,0,0,0,0,0,0,0,0,0,0,1,0,0,,,kc3,traditional_file
0,record_283,record_283,.,,Unknown,9.0,1.0,13.0,0.0,10.0,0.0,1.0,0.06,0.0,0.0,1.0,1.0,19.0,1.0,0.0,18.0,0.0,1.0,1.0,101.07,8.32,6997.01,0.28,149.0,0.12,388.72,840.93,1.0,0.0,0.0,20.0,0.03,59.0,90.0,39.0,11.0,38.0,35.71,18.0,1,1,0,0,0,0,0,0,0,0,0,0,0,0,1,0,1,0,0,0,0,0,0,0,0,0,0,0,1,0,0,,,kc3,traditional_file
0,record_284,record_284,.,,Unknown,0.0,1.0,1.0,0.0,0.0,0.0,1.0,0.17,0.0,0.0,1.0,1.0,2.0,1.0,0.0,6.0,0.0,1.0,1.0,12.29,7.0,602.27,0.03,24.0,0.14,33.46,86.04,1.0,0.0,0.0,3.0,0.13,7.0,17.0,4.0,8.0,8.0,0.0,6.0,1,1,0,0,0,0,0,0,0,0,0,0,0,0,1,0,1,0,0,0,0,0,0,0,0,0,0,0,1,0,0,,,kc3,traditional_file
0,record_285,record_285,.,,Unknown,0.0,1.0,2.0,0.0,0.0,0.0,1.0,0.25,0.0,0.0,1.0,1.0,3.0,1.0,0.0,4.0,0.0,1.0,1.0,16.5,2.0,66.0,0.01,11.0,0.5,3.67,33.0,1.0,0.0,0.0,4.0,0.2,4.0,7.0,4.0,4.0,5.0,0.0,4.0,1,1,0,0,0,0,0,0,0,0,0,0,0,0,1,0,1,0,0,0,0,0,0,0,0,0,0,0,1,0,0,,,kc3,traditional_file
0,record_286,record_286,.,,Unknown,0.0,1.0,0.0,0.0,0.0,0.0,1.0,0.33,0.0,0.0,1.0,1.0,1.0,1.0,0.0,3.0,0.0,1.0,1.0,5.33,1.5,12.0,0.0,4.0,0.67,0.67,8.0,1.0,0.0,0.0,2.0,0.25,1.0,3.0,1.0,3.0,4.0,0.0,3.0,1,1,0,0,0,0,0,0,0,0,0,0,0,0,1,0,1,0,0,0,0,0,0,0,0,0,0,0,1,0,0,,,kc3,traditional_file
0,record_287,record_287,.,,Unknown,0.0,1.0,2.0,0.0,0.0,0.0,1.0,0.33,0.0,0.0,1.0,1.0,3.0,1.0,0.0,3.0,0.0,1.0,1.0,9.96,3.5,122.04,0.01,11.0,0.29,6.78,34.87,1.0,0.0,0.0,4.0,0.25,2.0,9.0,2.0,7.0,4.0,0.0,3.0,1,1,0,0,0,0,0,0,0,0,0,0,0,0,1,0,1,0,0,0,0,0,0,0,0,0,0,0,1,0,0,,,kc3,traditional_file
1,record_288,record_288,.,,Unknown,0.0,3.0,2.0,0.0,1.0,4.0,2.0,0.22,2.0,2.0,2.0,1.0,9.0,1.0,0.0,9.0,2.0,2.0,1.0,18.62,14.88,4118.96,0.09,57.0,0.07,228.83,276.9,0.5,1.0,2.0,9.0,0.17,21.0,36.0,12.0,17.0,12.0,10.0,9.0,1,1,0,0,0,0,0,0,0,0,0,0,0,0,1,0,1,0,0,0,0,0,0,0,0,0,0,0,1,0,0,,,kc3,traditional_file
0,record_289,record_289,.,,Unknown,0.0,1.0,1.0,0.0,0.0,0.0,1.0,1.0,0.0,0.0,1.0,1.0,2.0,1.0,0.0,0.0,1.0,1.0,1.0,9.51,3.0,85.59,0.01,9.0,0.33,4.75,28.53,1.0,0.0,0.0,3.0,1.0,3.0,6.0,3.0,6.0,1.0,0.0,0.0,1,1,0,0,0,0,0,0,0,0,0,0,0,0,1,0,1,0,0,0,0,0,0,0,0,0,0,0,1,0,0,,,kc3,traditional_file
0,record_290,record_290,.,,Unknown,0.0,1.0,1.0,0.0,0.0,0.0,1.0,0.33,0.0,0.0,1.0,1.0,2.0,1.0,0.0,3.0,0.0,1.0,1.0,6.2,2.5,38.77,0.01,6.0,0.4,2.15,15.51,1.0,0.0,0.0,3.0,0.25,1.0,5.0,1.0,5.0,4.0,0.0,3.0,1,1,0,0,0,0,0,0,0,0,0,0,0,0,1,0,1,0,0,0,0,0,0,0,0,0,0,0,1,0,0,,,kc3,traditional_file
0,record_291,record_291,.,,Unknown,0.0,7.0,2.0,0.0,0.0,4.0,5.0,0.22,2.0,2.0,4.0,0.8,19.0,3.0,0.5,23.0,0.0,4.0,0.8,29.4,14.39,6090.84,0.14,89.0,0.07,338.38,423.18,0.6,1.0,2.0,16.0,0.21,31.0,58.0,14.0,13.0,24.0,0.0,23.0,1,1,0,0,0,0,0,0,0,0,0,0,0,0,1,0,1,0,0,0,0,0,0,0,0,0,0,0,1,0,0,,,kc3,traditional_file
0,record_292,record_292,.,,Unknown,6.0,40.0,27.0,1.0,13.0,66.0,21.0,0.31,30.0,2.2,19.0,0.9,122.0,9.0,0.4,66.0,3.0,16.0,0.76,88.04,36.99,120439.45,1.09,487.0,0.03,6691.08,3256.33,0.43,18.0,33.0,103.0,0.24,180.0,307.0,73.0,30.0,88.0,17.5,67.0,1,1,0,0,0,0,0,0,0,0,0,0,0,0,1,0,1,0,0,0,0,0,0,0,0,0,0,0,1,0,0,,,kc3,traditional_file
0,record_293,record_293,.,,Unknown,0.0,1.0,1.0,0.0,1.0,0.0,1.0,0.33,0.0,0.0,1.0,1.0,2.0,1.0,0.0,3.0,1.0,1.0,1.0,9.6,2.5,60.0,0.01,8.0,0.4,3.33,24.0,1.0,0.0,0.0,3.0,0.17,3.0,5.0,3.0,5.0,6.0,25.0,3.0,1,1,0,0,0,0,0,0,0,0,0,0,0,0,1,0,1,0,0,0,0,0,0,0,0,0,0,0,1,0,0,,,kc3,traditional_file
0,record_294,record_294,.,,Unknown,0.0,1.0,1.0,0.0,0.0,0.0,1.0,0.33,0.0,0.0,1.0,1.0,2.0,1.0,0.0,3.0,0.0,1.0,1.0,8.0,3.0,72.0,0.01,8.0,0.33,4.0,24.0,1.0,0.0,0.0,3.0,0.25,2.0,6.0,2.0,6.0,4.0,0.0,3.0,1,1,0,0,0,0,0,0,0,0,0,0,0,0,1,0,1,0,0,0,0,0,0,0,0,0,0,0,1,0,0,,,kc3,traditional_file
1,record_295,record_295,.,,Unknown,0.0,5.0,4.0,0.0,0.0,0.0,4.0,0.27,0.0,0.0,3.0,0.75,14.0,1.0,0.0,15.0,0.0,3.0,0.75,31.11,7.36,1686.73,0.08,53.0,0.14,93.71,229.06,0.25,0.0,0.0,12.0,0.25,18.0,35.0,11.0,9.0,16.0,0.0,15.0,1,1,0,0,0,0,0,0,0,0,0,0,0,0,1,0,1,0,0,0,0,0,0,0,0,0,0,0,1,0,0,,,kc3,traditional_file
0,record_296,record_296,.,,Unknown,0.0,1.0,1.0,0.0,0.0,0.0,1.0,1.0,0.0,0.0,1.0,1.0,2.0,1.0,0.0,0.0,0.0,1.0,1.0,8.0,3.0,72.0,0.01,8.0,0.33,4.0,24.0,1.0,0.0,0.0,3.0,1.0,2.0,6.0,2.0,6.0,1.0,0.0,0.0,1,1,0,0,0,0,0,0,0,0,0,0,0,0,1,0,1,0,0,0,0,0,0,0,0,0,0,0,1,0,0,,,kc3,traditional_file
1,record_297,record_297,.,,Unknown,4.0,3.0,6.0,1.0,0.0,4.0,2.0,0.14,2.0,2.0,2.0,1.0,12.0,1.0,0.0,13.0,2.0,2.0,1.0,35.51,12.28,5352.73,0.15,88.0,0.08,297.37,435.97,0.5,1.0,2.0,12.0,0.11,34.0,54.0,18.0,13.0,19.0,7.14,14.0,1,1,0,0,0,0,0,0,0,0,0,0,0,0,1,0,1,0,0,0,0,0,0,0,0,0,0,0,1,0,0,,,kc3,traditional_file
0,record_298,record_298,.,,Unknown,2.0,1.0,3.0,0.0,0.0,0.0,1.0,0.2,0.0,0.0,1.0,1.0,4.0,1.0,0.0,5.0,1.0,1.0,1.0,12.72,6.4,521.02,0.03,22.0,0.16,28.95,81.41,1.0,0.0,0.0,5.0,0.13,8.0,14.0,5.0,8.0,8.0,0.0,5.0,1,1,0,0,0,0,0,0,0,0,0,0,0,0,1,0,1,0,0,0,0,0,0,0,0,0,0,0,1,0,0,,,kc3,traditional_file
0,record_299,record_299,.,,Unknown,0.0,1.0,0.0,0.0,0.0,0.0,1.0,1.0,0.0,0.0,1.0,1.0,1.0,1.0,0.0,0.0,0.0,0.0,0.0,5.33,1.5,12.0,0.0,4.0,0.67,0.67,8.0,1.0,0.0,0.0,2.0,1.0,1.0,3.0,1.0,3.0,1.0,0.0,0.0,1,1,0,0,0,0,0,0,0,0,0,0,0,0,1,0,1,0,0,0,0,0,0,0,0,0,0,0,1,0,0,,,kc3,traditional_file
0,record_300,record_300,.,,Unknown,0.0,1.0,1.0,0.0,1.0,0.0,1.0,0.33,0.0,0.0,1.0,1.0,2.0,1.0,0.0,3.0,1.0,1.0,1.0,9.6,2.5,60.0,0.01,8.0,0.4,3.33,24.0,1.0,0.0,0.0,3.0,0.2,3.0,5.0,3.0,5.0,5.0,25.0,3.0,1,1,0,0,0,0,0,0,0,0,0,0,0,0,1,0,1,0,0,0,0,0,0,0,0,0,0,0,1,0,0,,,kc3,traditional_file
0,record_301,record_301,.,,Unknown,0.0,1.0,2.0,0.0,1.0,0.0,1.0,0.33,0.0,0.0,1.0,1.0,3.0,1.0,0.0,3.0,0.0,0.0,0.0,12.0,3.0,108.0,0.01,12.0,0.33,6.0,36.0,1.0,0.0,0.0,4.0,0.2,2.0,10.0,2.0,6.0,5.0,25.0,3.0,1,1,0,0,0,0,0,0,0,0,0,0,0,0,1,0,1,0,0,0,0,0,0,0,0,0,0,0,1,0,0,,,kc3,traditional_file
0,record_302,record_302,.,,Unknown,0.0,3.0,2.0,0.0,0.0,4.0,2.0,0.25,2.0,2.0,2.0,1.0,8.0,1.0,0.0,8.0,2.0,2.0,1.0,16.2,8.75,1240.55,0.05,34.0,0.11,68.92,141.78,0.5,1.0,2.0,8.0,0.2,14.0,20.0,8.0,10.0,10.0,0.0,8.0,1,1,0,0,0,0,0,0,0,0,0,0,0,0,1,0,1,0,0,0,0,0,0,0,0,0,0,0,1,0,0,,,kc3,traditional_file
0,record_303,record_303,.,,Unknown,3.0,3.0,5.0,0.0,5.0,4.0,2.0,0.29,2.0,2.0,2.0,1.0,11.0,1.0,0.0,7.0,0.0,2.0,1.0,17.22,13.72,3243.25,0.08,53.0,0.07,180.18,236.35,0.5,1.0,2.0,11.0,0.13,19.0,34.0,9.0,13.0,16.0,41.67,7.0,1,1,0,0,0,0,0,0,0,0,0,0,0,0,1,0,1,0,0,0,0,0,0,0,0,0,0,0,1,0,0,,,kc3,traditional_file
0,record_304,record_304,.,,Unknown,0.0,1.0,2.0,0.0,0.0,0.0,1.0,0.2,0.0,0.0,1.0,1.0,3.0,1.0,0.0,5.0,0.0,1.0,1.0,26.28,4.2,463.52,0.04,27.0,0.24,25.75,110.36,1.0,0.0,0.0,4.0,0.17,12.0,15.0,10.0,7.0,6.0,0.0,5.0,1,1,0,0,0,0,0,0,0,0,0,0,0,0,1,0,1,0,0,0,0,0,0,0,0,0,0,0,1,0,0,,,kc3,traditional_file
0,record_305,record_305,.,,Unknown,3.0,5.0,9.0,0.0,0.0,8.0,3.0,0.14,4.0,2.0,3.0,1.0,22.0,1.0,0.0,21.0,2.0,3.0,1.0,45.77,15.0,10297.93,0.23,129.0,0.07,572.11,686.53,0.33,2.0,4.0,21.0,0.12,50.0,79.0,25.0,15.0,25.0,0.0,21.0,1,1,0,0,0,0,0,0,0,0,0,0,0,0,1,0,1,0,0,0,0,0,0,0,0,0,0,0,1,0,0,,,kc3,traditional_file
0,record_306,record_306,.,,Unknown,0.0,1.0,2.0,0.0,0.0,0.0,1.0,0.17,0.0,0.0,1.0,1.0,3.0,1.0,0.0,6.0,0.0,1.0,1.0,21.8,6.19,834.61,0.04,33.0,0.16,46.37,134.89,1.0,0.0,0.0,4.0,0.14,11.0,22.0,8.0,9.0,7.0,0.0,6.0,1,1,0,0,0,0,0,0,0,0,0,0,0,0,1,0,1,0,0,0,0,0,0,0,0,0,0,0,1,0,0,,,kc3,traditional_file
0,record_307,record_307,.,,Unknown,14.0,11.0,15.0,0.0,0.0,8.0,7.0,0.12,4.0,2.0,5.0,0.71,44.0,4.0,0.5,58.0,2.0,4.0,0.57,104.52,18.11,34291.94,0.63,311.0,0.06,1905.11,1893.2,0.57,2.0,4.0,39.0,0.1,128.0,183.0,53.0,15.0,73.0,0.0,58.0,1,1,0,0,0,0,0,0,0,0,0,0,0,0,1,0,1,0,0,0,0,0,0,0,0,0,0,0,1,0,0,,,kc3,traditional_file
1,record_308,record_308,.,,Unknown,4.0,8.0,9.0,0.0,3.0,8.0,5.0,0.19,4.0,2.0,2.0,0.4,28.0,1.0,0.0,27.0,0.0,4.0,0.8,63.88,14.57,13563.07,0.31,161.0,0.07,753.5,930.8,0.2,2.0,4.0,25.0,0.14,51.0,110.0,35.0,20.0,36.0,10.0,27.0,1,1,0,0,0,0,0,0,0,0,0,0,0,0,1,0,1,0,0,0,0,0,0,0,0,0,0,0,1,0,0,,,kc3,traditional_file
0,record_309,record_309,.,,Unknown,9.0,18.0,10.0,0.0,1.0,4.0,12.0,0.16,2.0,2.0,10.0,0.83,67.0,1.0,0.0,73.0,0.0,10.0,0.83,96.22,23.35,52445.24,0.75,373.0,0.04,2913.62,2246.34,0.08,1.0,2.0,57.0,0.14,143.0,230.0,49.0,16.0,85.0,1.35,73.0,1,1,0,0,0,0,0,0,0,0,0,0,0,0,1,0,1,0,0,0,0,0,0,0,0,0,0,0,1,0,0,,,kc3,traditional_file
0,record_310,record_310,.,,Unknown,0.0,1.0,1.0,0.0,0.0,0.0,1.0,0.33,0.0,0.0,1.0,1.0,2.0,1.0,0.0,3.0,0.0,1.0,1.0,8.0,3.0,72.0,0.01,8.0,0.33,4.0,24.0,1.0,0.0,0.0,3.0,0.25,2.0,6.0,2.0,6.0,4.0,0.0,3.0,1,1,0,0,0,0,0,0,0,0,0,0,0,0,1,0,1,0,0,0,0,0,0,0,0,0,0,0,1,0,0,,,kc3,traditional_file
0,record_311,record_311,.,,Unknown,0.0,1.0,4.0,0.0,1.0,0.0,1.0,0.25,0.0,0.0,1.0,1.0,5.0,1.0,0.0,4.0,0.0,1.0,1.0,29.02,3.5,355.53,0.03,26.0,0.29,19.75,101.58,1.0,0.0,0.0,6.0,0.14,8.0,18.0,8.0,7.0,7.0,20.0,4.0,1,1,0,0,0,0,0,0,0,0,0,0,0,0,1,0,1,0,0,0,0,0,0,0,0,0,0,0,1,0,0,,,kc3,traditional_file
0,record_312,record_312,.,,Unknown,0.0,1.0,5.0,0.0,0.0,0.0,1.0,0.14,0.0,0.0,1.0,1.0,6.0,1.0,0.0,7.0,2.0,1.0,1.0,28.59,6.95,1382.62,0.07,46.0,0.14,76.81,198.81,1.0,0.0,0.0,7.0,0.13,17.0,29.0,11.0,9.0,8.0,0.0,7.0,1,1,0,0,0,0,0,0,0,0,0,0,0,0,1,0,1,0,0,0,0,0,0,0,0,0,0,0,1,0,0,,,kc3,traditional_file
0,record_313,record_313,.,,Unknown,15.0,33.0,13.0,0.0,9.0,58.0,17.0,0.22,26.0,2.23,13.0,0.76,97.0,12.0,0.69,76.0,3.0,10.0,0.59,69.47,40.7,115062.64,0.94,473.0,0.02,6392.37,2827.25,0.71,16.0,29.0,82.0,0.17,175.0,298.0,43.0,20.0,102.0,10.59,76.0,1,1,0,0,0,0,0,0,0,0,0,0,0,0,1,0,1,0,0,0,0,0,0,0,0,0,0,0,1,0,0,,,kc3,traditional_file
0,record_314,record_314,.,,Unknown,0.0,5.0,5.0,0.0,3.0,8.0,3.0,0.19,4.0,2.0,3.0,1.0,15.0,1.0,0.0,16.0,2.0,3.0,1.0,25.63,16.0,6560.0,0.14,82.0,0.06,364.44,410.0,0.33,2.0,4.0,14.0,0.14,32.0,50.0,16.0,16.0,21.0,15.79,16.0,1,1,0,0,0,0,0,0,0,0,0,0,0,0,1,0,1,0,0,0,0,0,0,0,0,0,0,0,1,0,0,,,kc3,traditional_file
0,record_315,record_315,.,,Unknown,0.0,1.0,0.0,0.0,0.0,0.0,1.0,0.33,0.0,0.0,1.0,1.0,1.0,1.0,0.0,3.0,1.0,1.0,1.0,3.62,5.0,90.47,0.01,7.0,0.2,5.03,18.09,1.0,0.0,0.0,2.0,0.25,2.0,5.0,1.0,5.0,4.0,0.0,3.0,1,1,0,0,0,0,0,0,0,0,0,0,0,0,1,0,1,0,0,0,0,0,0,0,0,0,0,0,1,0,0,,,kc3,traditional_file
0,record_316,record_316,.,,Unknown,0.0,1.0,1.0,0.0,0.0,0.0,1.0,0.33,0.0,0.0,1.0,1.0,2.0,1.0,0.0,3.0,1.0,1.0,1.0,9.51,3.0,85.59,0.01,9.0,0.33,4.75,28.53,1.0,0.0,0.0,3.0,0.25,3.0,6.0,3.0,6.0,4.0,0.0,3.0,1,1,0,0,0,0,0,0,0,0,0,0,0,0,1,0,1,0,0,0,0,0,0,0,0,0,0,0,1,0,0,,,kc3,traditional_file
0,record_317,record_317,.,,Unknown,5.0,11.0,11.0,0.0,5.0,20.0,6.0,0.21,10.0,2.0,6.0,1.0,38.0,1.0,0.0,28.0,1.0,4.0,0.67,44.43,18.41,15056.5,0.27,157.0,0.05,836.47,817.88,0.17,5.0,10.0,34.0,0.15,54.0,103.0,22.0,15.0,39.0,15.15,28.0,1,1,0,0,0,0,0,0,0,0,0,0,0,0,1,0,1,0,0,0,0,0,0,0,0,0,0,0,1,0,0,,,kc3,traditional_file
0,record_318,record_318,.,,Unknown,0.0,1.0,1.0,0.0,0.0,0.0,1.0,0.25,0.0,0.0,1.0,1.0,2.0,1.0,0.0,4.0,0.0,1.0,1.0,16.12,4.0,258.12,0.02,18.0,0.25,14.34,64.53,1.0,0.0,0.0,3.0,0.2,8.0,10.0,6.0,6.0,5.0,0.0,4.0,1,1,0,0,0,0,0,0,0,0,0,0,0,0,1,0,1,0,0,0,0,0,0,0,0,0,0,0,1,0,0,,,kc3,traditional_file
0,record_319,record_319,.,,Unknown,0.0,1.0,0.0,0.0,0.0,0.0,1.0,1.0,0.0,0.0,1.0,1.0,1.0,1.0,0.0,0.0,0.0,0.0,0.0,5.33,1.5,12.0,0.0,4.0,0.67,0.67,8.0,1.0,0.0,0.0,2.0,1.0,1.0,3.0,1.0,3.0,1.0,0.0,0.0,1,1,0,0,0,0,0,0,0,0,0,0,0,0,1,0,1,0,0,0,0,0,0,0,0,0,0,0,1,0,0,,,kc3,traditional_file
0,record_320,record_320,.,,Unknown,0.0,1.0,2.0,0.0,0.0,0.0,1.0,0.25,0.0,0.0,1.0,1.0,3.0,1.0,0.0,4.0,0.0,1.0,1.0,12.34,3.5,151.15,0.01,13.0,0.29,8.4,43.19,1.0,0.0,0.0,4.0,0.2,3.0,10.0,3.0,7.0,5.0,0.0,4.0,1,1,0,0,0,0,0,0,0,0,0,0,0,0,1,0,1,0,0,0,0,0,0,0,0,0,0,0,1,0,0,,,kc3,traditional_file
0,record_321,record_321,.,,Unknown,0.0,1.0,0.0,0.0,0.0,0.0,1.0,0.5,0.0,0.0,1.0,1.0,1.0,1.0,0.0,2.0,0.0,0.0,0.0,0.0,0.0,0.0,0.0,1.0,0.0,0.0,0.0,1.0,0.0,0.0,2.0,0.25,0.0,1.0,0.0,1.0,4.0,0.0,2.0,1,1,0,0,0,0,0,0,0,0,0,0,0,0,1,0,1,0,0,0,0,0,0,0,0,0,0,0,1,0,0,,,kc3,traditional_file
0,record_322,record_322,.,,Unknown,0.0,4.0,4.0,0.0,0.0,0.0,3.0,0.23,0.0,0.0,2.0,0.67,12.0,1.0,0.0,13.0,0.0,2.0,0.67,21.65,11.7,2963.84,0.08,56.0,0.09,164.66,253.32,0.33,0.0,0.0,11.0,0.21,18.0,38.0,10.0,13.0,14.0,0.0,13.0,1,1,0,0,0,0,0,0,0,0,0,0,0,0,1,0,1,0,0,0,0,0,0,0,0,0,0,0,1,0,0,,,kc3,traditional_file
0,record_323,record_323,.,,Unknown,0.0,1.0,0.0,0.0,0.0,0.0,1.0,0.33,0.0,0.0,1.0,1.0,1.0,1.0,0.0,3.0,1.0,1.0,1.0,3.62,5.0,90.47,0.01,7.0,0.2,5.03,18.09,1.0,0.0,0.0,2.0,0.25,2.0,5.0,1.0,5.0,4.0,0.0,3.0,1,1,0,0,0,0,0,0,0,0,0,0,0,0,1,0,1,0,0,0,0,0,0,0,0,0,0,0,1,0,0,,,kc3,traditional_file
0,record_324,record_324,.,,Unknown,1.0,1.0,3.0,0.0,0.0,0.0,1.0,0.2,0.0,0.0,1.0,1.0,4.0,1.0,0.0,5.0,3.0,1.0,1.0,34.59,3.55,434.76,0.04,30.0,0.28,24.15,122.62,1.0,0.0,0.0,5.0,0.13,13.0,17.0,11.0,6.0,8.0,0.0,5.0,1,1,0,0,0,0,0,0,0,0,0,0,0,0,1,0,1,0,0,0,0,0,0,0,0,0,0,0,1,0,0,,,kc3,traditional_file
0,record_325,record_325,.,,Unknown,16.0,32.0,32.0,1.0,12.0,36.0,19.0,0.16,18.0,2.0,16.0,0.84,141.0,4.0,0.17,121.0,0.0,16.0,0.84,167.64,36.55,223888.39,2.04,867.0,0.03,12438.24,6126.3,0.21,9.0,18.0,124.0,0.12,335.0,532.0,110.0,24.0,153.0,9.7,122.0,1,1,0,0,0,0,0,0,0,0,0,0,0,0,1,0,1,0,0,0,0,0,0,0,0,0,0,0,1,0,0,,,kc3,traditional_file
0,record_326,record_326,.,,Unknown,0.0,1.0,1.0,0.0,0.0,0.0,1.0,1.0,0.0,0.0,1.0,1.0,2.0,1.0,0.0,0.0,1.0,1.0,1.0,9.51,3.0,85.59,0.01,9.0,0.33,4.75,28.53,1.0,0.0,0.0,3.0,1.0,3.0,6.0,3.0,6.0,1.0,0.0,0.0,1,1,0,0,0,0,0,0,0,0,0,0,0,0,1,0,1,0,0,0,0,0,0,0,0,0,0,0,1,0,0,,,kc3,traditional_file
0,record_327,record_327,.,,Unknown,0.0,1.0,2.0,0.0,0.0,0.0,1.0,0.2,0.0,0.0,1.0,1.0,3.0,1.0,0.0,5.0,0.0,1.0,1.0,17.44,4.67,379.91,0.03,22.0,0.21,21.11,81.41,1.0,0.0,0.0,4.0,0.17,8.0,14.0,6.0,7.0,6.0,0.0,5.0,1,1,0,0,0,0,0,0,0,0,0,0,0,0,1,0,1,0,0,0,0,0,0,0,0,0,0,0,1,0,0,,,kc3,traditional_file
0,record_328,record_328,.,,Unknown,0.0,17.0,1.0,0.0,0.0,32.0,9.0,0.45,16.0,2.0,8.0,0.89,48.0,1.0,0.0,20.0,1.0,9.0,1.0,35.13,15.23,8150.47,0.18,120.0,0.07,452.8,535.13,0.11,8.0,16.0,41.0,0.43,44.0,76.0,13.0,9.0,21.0,0.0,20.0,1,1,0,0,0,0,0,0,0,0,0,0,0,0,1,0,1,0,0,0,0,0,0,0,0,0,0,0,1,0,0,,,kc3,traditional_file
0,record_329,record_329,.,,Unknown,0.0,1.0,0.0,0.0,0.0,0.0,1.0,0.33,0.0,0.0,1.0,1.0,1.0,1.0,0.0,3.0,0.0,1.0,1.0,5.33,1.5,12.0,0.0,4.0,0.67,0.67,8.0,1.0,0.0,0.0,2.0,0.25,1.0,3.0,1.0,3.0,4.0,0.0,3.0,1,1,0,0,0,0,0,0,0,0,0,0,0,0,1,0,1,0,0,0,0,0,0,0,0,0,0,0,1,0,0,,,kc3,traditional_file
0,record_330,record_330,.,,Unknown,0.0,1.0,1.0,0.0,0.0,0.0,1.0,1.0,0.0,0.0,1.0,1.0,2.0,1.0,0.0,0.0,0.0,1.0,1.0,8.0,3.0,72.0,0.01,8.0,0.33,4.0,24.0,1.0,0.0,0.0,3.0,1.0,2.0,6.0,2.0,6.0,1.0,0.0,0.0,1,1,0,0,0,0,0,0,0,0,0,0,0,0,1,0,1,0,0,0,0,0,0,0,0,0,0,0,1,0,0,,,kc3,traditional_file
0,record_331,record_331,.,,Unknown,10.0,14.0,15.0,0.0,3.0,18.0,8.0,0.16,8.0,2.25,8.0,1.0,49.0,5.0,0.57,50.0,0.0,4.0,0.5,75.66,19.93,30048.37,0.5,246.0,0.05,1669.35,1507.8,0.63,5.0,9.0,43.0,0.13,93.0,153.0,49.0,21.0,64.0,5.66,50.0,1,1,0,0,0,0,0,0,0,0,0,0,0,0,1,0,1,0,0,0,0,0,0,0,0,0,0,0,1,0,0,,,kc3,traditional_file
0,record_332,record_332,.,,Unknown,2.0,9.0,12.0,0.0,4.0,8.0,6.0,0.18,4.0,2.0,6.0,1.0,34.0,3.0,0.4,33.0,1.0,4.0,0.67,64.58,19.75,25188.5,0.43,211.0,0.05,1399.36,1275.37,0.5,2.0,4.0,30.0,0.15,79.0,132.0,44.0,22.0,40.0,10.81,33.0,1,1,0,0,0,0,0,0,0,0,0,0,0,0,1,0,1,0,0,0,0,0,0,0,0,0,0,0,1,0,0,,,kc3,traditional_file
0,record_333,record_333,.,,Unknown,0.0,1.0,1.0,0.0,0.0,0.0,1.0,0.33,0.0,0.0,1.0,1.0,2.0,1.0,0.0,3.0,2.0,1.0,1.0,12.18,3.0,109.62,0.01,11.0,0.33,6.09,36.54,1.0,0.0,0.0,3.0,0.2,4.0,7.0,4.0,6.0,5.0,0.0,3.0,1,1,0,0,0,0,0,0,0,0,0,0,0,0,1,0,1,0,0,0,0,0,0,0,0,0,0,0,1,0,0,,,kc3,traditional_file
0,record_334,record_334,.,,Unknown,0.0,1.0,0.0,0.0,0.0,0.0,1.0,1.0,0.0,0.0,1.0,1.0,1.0,1.0,0.0,0.0,0.0,0.0,0.0,5.33,1.5,12.0,0.0,4.0,0.67,0.67,8.0,1.0,0.0,0.0,2.0,1.0,1.0,3.0,1.0,3.0,1.0,0.0,0.0,1,1,0,0,0,0,0,0,0,0,0,0,0,0,1,0,1,0,0,0,0,0,0,0,0,0,0,0,1,0,0,,,kc3,traditional_file
0,record_335,record_335,.,,Unknown,0.0,1.0,2.0,0.0,0.0,0.0,1.0,0.2,0.0,0.0,1.0,1.0,3.0,1.0,0.0,5.0,0.0,1.0,1.0,18.99,5.14,502.31,0.03,25.0,0.19,27.91,97.67,1.0,0.0,0.0,4.0,0.17,9.0,16.0,7.0,8.0,6.0,0.0,5.0,1,1,0,0,0,0,0,0,0,0,0,0,0,0,1,0,1,0,0,0,0,0,0,0,0,0,0,0,1,0,0,,,kc3,traditional_file
0,record_336,record_336,.,,Unknown,0.0,3.0,4.0,0.0,0.0,4.0,2.0,0.25,2.0,2.0,2.0,1.0,9.0,1.0,0.0,8.0,0.0,2.0,1.0,28.73,7.92,1800.5,0.08,51.0,0.13,100.03,227.43,0.5,1.0,2.0,9.0,0.2,19.0,32.0,12.0,10.0,10.0,0.0,8.0,1,1,0,0,0,0,0,0,0,0,0,0,0,0,1,0,1,0,0,0,0,0,0,0,0,0,0,0,1,0,0,,,kc3,traditional_file
0,record_337,record_337,.,,Unknown,2.0,3.0,2.0,0.0,0.0,4.0,2.0,0.22,2.0,2.0,2.0,1.0,7.0,1.0,0.0,9.0,0.0,2.0,1.0,15.92,8.64,1189.32,0.05,33.0,0.12,66.07,137.61,0.5,1.0,2.0,7.0,0.15,11.0,22.0,7.0,11.0,13.0,0.0,9.0,1,1,0,0,0,0,0,0,0,0,0,0,0,0,1,0,1,0,0,0,0,0,0,0,0,0,0,0,1,0,0,,,kc3,traditional_file
0,record_338,record_338,.,,Unknown,0.0,1.0,3.0,0.0,0.0,0.0,1.0,0.17,0.0,0.0,1.0,1.0,4.0,1.0,0.0,6.0,1.0,1.0,1.0,26.28,5.6,824.03,0.05,36.0,0.18,45.78,147.15,1.0,0.0,0.0,5.0,0.13,16.0,20.0,10.0,7.0,8.0,0.0,6.0,1,1,0,0,0,0,0,0,0,0,0,0,0,0,1,0,1,0,0,0,0,0,0,0,0,0,0,0,1,0,0,,,kc3,traditional_file
0,record_339,record_339,.,,Unknown,2.0,1.0,3.0,0.0,2.0,0.0,1.0,0.2,0.0,0.0,1.0,1.0,4.0,1.0,0.0,5.0,1.0,1.0,1.0,26.48,5.45,787.8,0.05,34.0,0.18,43.77,144.43,1.0,0.0,0.0,5.0,0.1,15.0,19.0,11.0,8.0,10.0,28.57,5.0,1,1,0,0,0,0,0,0,0,0,0,0,0,0,1,0,1,0,0,0,0,0,0,0,0,0,0,0,1,0,0,,,kc3,traditional_file
1,record_340,record_340,.,,Unknown,21.0,41.0,28.0,0.0,11.0,64.0,22.0,0.2,30.0,2.13,19.0,0.86,151.0,8.0,0.33,111.0,1.0,16.0,0.73,141.86,34.57,169489.04,1.63,715.0,0.03,9416.06,4903.46,0.36,17.0,32.0,131.0,0.15,265.0,450.0,92.0,24.0,144.0,9.02,111.0,1,1,0,0,0,0,0,0,0,0,0,0,0,0,1,0,1,0,0,0,0,0,0,0,0,0,0,0,1,0,0,,,kc3,traditional_file
0,record_341,record_341,.,,Unknown,0.0,1.0,0.0,0.0,1.0,0.0,1.0,0.5,0.0,0.0,1.0,1.0,1.0,1.0,0.0,2.0,2.0,0.0,0.0,0.0,0.0,0.0,0.0,1.0,0.0,0.0,0.0,1.0,0.0,0.0,2.0,0.25,0.0,1.0,0.0,1.0,4.0,33.33,2.0,1,1,0,0,0,0,0,0,0,0,0,0,0,0,1,0,1,0,0,0,0,0,0,0,0,0,0,0,1,0,0,,,kc3,traditional_file
1,record_342,record_342,.,,Unknown,27.0,51.0,45.0,3.0,2.0,62.0,30.0,0.14,30.0,2.07,23.0,0.77,229.0,14.0,0.45,211.0,0.0,27.0,0.9,195.9,54.54,582830.35,3.56,1413.0,0.02,32379.46,10685.45,0.47,16.0,31.0,201.0,0.12,556.0,857.0,158.0,31.0,246.0,2.31,214.0,1,1,0,0,0,0,0,0,0,0,0,0,0,0,1,0,1,0,0,0,0,0,0,0,0,0,0,0,1,0,0,,,kc3,traditional_file
0,record_343,record_343,.,,Unknown,0.0,1.0,2.0,0.0,0.0,0.0,1.0,0.25,0.0,0.0,1.0,1.0,3.0,1.0,0.0,4.0,0.0,1.0,1.0,8.67,4.5,175.5,0.01,13.0,0.22,9.75,39.0,1.0,0.0,0.0,4.0,0.2,3.0,10.0,2.0,6.0,5.0,0.0,4.0,1,1,0,0,0,0,0,0,0,0,0,0,0,0,1,0,1,0,0,0,0,0,0,0,0,0,0,0,1,0,0,,,kc3,traditional_file
0,record_344,record_344,.,,Unknown,0.0,1.0,0.0,0.0,0.0,0.0,1.0,0.33,0.0,0.0,1.0,1.0,1.0,1.0,0.0,3.0,0.0,1.0,1.0,6.2,2.5,38.77,0.01,6.0,0.4,2.15,15.51,1.0,0.0,0.0,2.0,0.25,1.0,5.0,1.0,5.0,4.0,0.0,3.0,1,1,0,0,0,0,0,0,0,0,0,0,0,0,1,0,1,0,0,0,0,0,0,0,0,0,0,0,1,0,0,,,kc3,traditional_file
0,record_345,record_345,.,,Unknown,0.0,1.0,4.0,0.0,0.0,0.0,1.0,0.14,0.0,0.0,1.0,1.0,5.0,1.0,0.0,7.0,0.0,1.0,1.0,25.78,5.5,779.78,0.05,34.0,0.18,43.32,141.78,1.0,0.0,0.0,6.0,0.13,11.0,23.0,9.0,9.0,8.0,0.0,7.0,1,1,0,0,0,0,0,0,0,0,0,0,0,0,1,0,1,0,0,0,0,0,0,0,0,0,0,0,1,0,0,,,kc3,traditional_file
0,record_346,record_346,.,,Unknown,0.0,1.0,1.0,0.0,1.0,0.0,1.0,0.33,0.0,0.0,1.0,1.0,2.0,1.0,0.0,3.0,0.0,1.0,1.0,13.29,3.0,119.59,0.01,12.0,0.33,6.64,39.86,1.0,0.0,0.0,3.0,0.2,4.0,8.0,4.0,6.0,5.0,25.0,3.0,1,1,0,0,0,0,0,0,0,0,0,0,0,0,1,0,1,0,0,0,0,0,0,0,0,0,0,0,1,0,0,,,kc3,traditional_file
0,record_347,record_347,.,,Unknown,0.0,3.0,3.0,0.0,0.0,4.0,2.0,0.5,2.0,2.0,2.0,1.0,9.0,1.0,0.0,4.0,2.0,2.0,1.0,18.99,5.14,502.31,0.03,25.0,0.19,27.91,97.67,0.5,1.0,2.0,9.0,0.33,9.0,16.0,7.0,8.0,6.0,0.0,4.0,1,1,0,0,0,0,0,0,0,0,0,0,0,0,1,0,1,0,0,0,0,0,0,0,0,0,0,0,1,0,0,,,kc3,traditional_file
0,record_348,record_348,.,,Unknown,4.0,11.0,6.0,0.0,15.0,18.0,6.0,0.24,8.0,2.25,4.0,0.67,27.0,1.0,0.0,25.0,2.0,6.0,1.0,24.1,24.7,14702.26,0.2,117.0,0.04,816.79,595.23,0.17,5.0,9.0,23.0,0.13,39.0,78.0,15.0,19.0,45.0,37.5,25.0,1,1,0,0,0,0,0,0,0,0,0,0,0,0,1,0,1,0,0,0,0,0,0,0,0,0,0,0,1,0,0,,,kc3,traditional_file
0,record_349,record_349,.,,Unknown,1.0,4.0,6.0,0.0,0.0,0.0,3.0,0.2,0.0,0.0,2.0,0.67,13.0,1.0,0.0,15.0,0.0,2.0,0.67,34.5,6.46,1440.31,0.07,48.0,0.15,80.02,222.91,0.33,0.0,0.0,12.0,0.17,14.0,34.0,13.0,12.0,18.0,0.0,15.0,1,1,0,0,0,0,0,0,0,0,0,0,0,0,1,0,1,0,0,0,0,0,0,0,0,0,0,0,1,0,0,,,kc3,traditional_file
0,record_350,record_350,.,,Unknown,6.0,13.0,10.0,0.0,4.0,22.0,7.0,0.3,10.0,2.2,7.0,1.0,52.0,3.0,0.33,23.0,2.0,7.0,1.0,50.81,21.22,22872.08,0.36,192.0,0.05,1270.67,1078.02,0.43,6.0,11.0,47.0,0.2,67.0,125.0,30.0,19.0,35.0,14.81,23.0,1,1,0,0,0,0,0,0,0,0,0,0,0,0,1,0,1,0,0,0,0,0,0,0,0,0,0,0,1,0,0,,,kc3,traditional_file
0,record_351,record_351,.,,Unknown,0.0,1.0,0.0,0.0,0.0,0.0,1.0,0.33,0.0,0.0,1.0,1.0,1.0,1.0,0.0,3.0,0.0,1.0,1.0,5.33,1.5,12.0,0.0,4.0,0.67,0.67,8.0,1.0,0.0,0.0,2.0,0.25,1.0,3.0,1.0,3.0,4.0,0.0,3.0,1,1,0,0,0,0,0,0,0,0,0,0,0,0,1,0,1,0,0,0,0,0,0,0,0,0,0,0,1,0,0,,,kc3,traditional_file
0,record_352,record_352,.,,Unknown,5.0,21.0,14.0,0.0,3.0,38.0,11.0,0.27,18.0,2.11,10.0,0.91,66.0,1.0,0.0,41.0,1.0,11.0,1.0,58.14,23.94,33320.87,0.46,243.0,0.04,1851.16,1391.88,0.09,10.0,19.0,57.0,0.22,79.0,164.0,33.0,20.0,50.0,6.82,41.0,1,1,0,0,0,0,0,0,0,0,0,0,0,0,1,0,1,0,0,0,0,0,0,0,0,0,0,0,1,0,0,,,kc3,traditional_file
0,record_353,record_353,.,,Unknown,0.0,1.0,0.0,0.0,0.0,0.0,1.0,0.33,0.0,0.0,1.0,1.0,1.0,1.0,0.0,3.0,0.0,1.0,1.0,6.2,2.5,38.77,0.01,6.0,0.4,2.15,15.51,1.0,0.0,0.0,2.0,0.25,1.0,5.0,1.0,5.0,4.0,0.0,3.0,1,1,0,0,0,0,0,0,0,0,0,0,0,0,1,0,1,0,0,0,0,0,0,0,0,0,0,0,1,0,0,,,kc3,traditional_file
0,record_354,record_354,.,,Unknown,1.0,6.0,5.0,0.0,1.0,4.0,4.0,0.27,2.0,2.0,2.0,0.5,16.0,1.0,0.0,15.0,0.0,2.0,0.5,37.99,9.39,3349.04,0.12,72.0,0.11,186.06,356.7,0.25,1.0,2.0,14.0,0.21,26.0,46.0,18.0,13.0,19.0,6.25,15.0,1,1,0,0,0,0,0,0,0,0,0,0,0,0,1,0,1,0,0,0,0,0,0,0,0,0,0,0,1,0,0,,,kc3,traditional_file
1,record_355,record_355,.,,Unknown,11.0,40.0,18.0,9.0,12.0,58.0,22.0,0.19,28.0,2.07,19.0,0.86,138.0,15.0,0.67,105.0,0.0,19.0,0.86,75.75,43.23,141550.33,1.09,529.0,0.02,7863.91,3274.42,0.68,15.0,29.0,118.0,0.16,166.0,363.0,48.0,25.0,140.0,16.67,114.0,1,1,0,0,0,0,0,0,0,0,0,0,0,0,1,0,1,0,0,0,0,0,0,0,0,0,0,0,1,0,0,,,kc3,traditional_file
0,record_356,record_356,.,,Unknown,20.0,25.0,29.0,2.0,18.0,36.0,14.0,0.13,18.0,2.0,9.0,0.64,102.0,5.0,0.31,102.0,0.0,12.0,0.86,163.29,25.13,103097.32,1.37,590.0,0.04,5727.63,4102.97,0.36,9.0,18.0,90.0,0.1,233.0,357.0,102.0,22.0,144.0,16.39,104.0,1,1,0,0,0,0,0,0,0,0,0,0,0,0,1,0,1,0,0,0,0,0,0,0,0,0,0,0,1,0,0,,,kc3,traditional_file
0,record_357,record_357,.,,Unknown,5.0,23.0,9.0,0.0,0.0,34.0,12.0,0.43,12.0,2.83,10.0,0.83,57.0,7.0,0.55,28.0,3.0,11.0,0.92,47.44,22.67,24374.21,0.36,186.0,0.04,1354.12,1075.33,0.58,11.0,17.0,47.0,0.34,68.0,118.0,33.0,22.0,35.0,0.0,28.0,1,1,0,0,0,0,0,0,0,0,0,0,0,0,1,0,1,0,0,0,0,0,0,0,0,0,0,0,1,0,0,,,kc3,traditional_file
1,record_358,record_358,.,,Unknown,2.0,7.0,6.0,0.0,5.0,12.0,4.0,0.33,6.0,2.0,4.0,1.0,19.0,1.0,0.0,12.0,1.0,3.0,0.75,28.84,11.5,3814.64,0.11,69.0,0.09,211.92,331.71,0.25,3.0,6.0,17.0,0.19,23.0,46.0,14.0,14.0,21.0,29.41,12.0,1,1,0,0,0,0,0,0,0,0,0,0,0,0,1,0,1,0,0,0,0,0,0,0,0,0,0,0,1,0,0,,,kc3,traditional_file
0,record_359,record_359,.,,Unknown,0.0,1.0,0.0,0.0,0.0,0.0,1.0,0.33,0.0,0.0,1.0,1.0,1.0,1.0,0.0,3.0,0.0,0.0,0.0,5.33,1.5,12.0,0.0,4.0,0.67,0.67,8.0,1.0,0.0,0.0,2.0,0.25,1.0,3.0,1.0,3.0,4.0,0.0,3.0,1,1,0,0,0,0,0,0,0,0,0,0,0,0,1,0,1,0,0,0,0,0,0,0,0,0,0,0,1,0,0,,,kc3,traditional_file
0,record_360,record_360,.,,Unknown,19.0,18.0,23.0,0.0,1.0,16.0,11.0,0.13,8.0,2.0,9.0,0.82,79.0,7.0,0.6,88.0,2.0,8.0,0.73,151.9,21.7,71508.8,1.1,504.0,0.05,3972.71,3295.74,0.64,4.0,8.0,70.0,0.1,194.0,310.0,76.0,17.0,109.0,1.12,88.0,1,1,0,0,0,0,0,0,0,0,0,0,0,0,1,0,1,0,0,0,0,0,0,0,0,0,0,0,1,0,0,,,kc3,traditional_file
0,record_361,record_361,.,,Unknown,0.0,1.0,7.0,0.0,0.0,0.0,1.0,0.07,0.0,0.0,1.0,1.0,21.0,1.0,0.0,14.0,3.0,1.0,1.0,86.1,7.84,5292.0,0.23,135.0,0.13,294.0,675.0,1.0,0.0,0.0,22.0,0.06,56.0,79.0,25.0,7.0,16.0,0.0,14.0,1,1,0,0,0,0,0,0,0,0,0,0,0,0,1,0,1,0,0,0,0,0,0,0,0,0,0,0,1,0,0,,,kc3,traditional_file
1,record_362,record_362,.,,Unknown,2.0,6.0,4.0,0.0,0.0,4.0,4.0,0.25,2.0,2.0,3.0,0.75,16.0,1.0,0.0,16.0,0.0,2.0,0.5,25.41,14.0,4980.42,0.12,74.0,0.07,276.69,355.74,0.25,1.0,2.0,14.0,0.21,28.0,46.0,14.0,14.0,19.0,0.0,16.0,1,1,0,0,0,0,0,0,0,0,0,0,0,0,1,0,1,0,0,0,0,0,0,0,0,0,0,0,1,0,0,,,kc3,traditional_file
0,record_363,record_363,.,,Unknown,0.0,1.0,2.0,0.0,0.0,0.0,1.0,0.25,0.0,0.0,1.0,1.0,3.0,1.0,0.0,4.0,0.0,1.0,1.0,10.87,3.5,133.14,0.01,12.0,0.29,7.4,38.04,1.0,0.0,0.0,4.0,0.2,2.0,10.0,2.0,7.0,5.0,0.0,4.0,1,1,0,0,0,0,0,0,0,0,0,0,0,0,1,0,1,0,0,0,0,0,0,0,0,0,0,0,1,0,0,,,kc3,traditional_file
0,record_364,record_364,.,,Unknown,1.0,3.0,5.0,0.0,1.0,4.0,2.0,0.22,2.0,2.0,2.0,1.0,12.0,1.0,0.0,9.0,1.0,2.0,1.0,25.29,11.85,3548.61,0.1,63.0,0.08,197.14,299.56,0.5,1.0,2.0,12.0,0.17,22.0,41.0,13.0,14.0,12.0,10.0,9.0,1,1,0,0,0,0,0,0,0,0,0,0,0,0,1,0,1,0,0,0,0,0,0,0,0,0,0,0,1,0,0,,,kc3,traditional_file
0,record_365,record_365,.,,Unknown,0.0,5.0,4.0,0.0,0.0,8.0,3.0,0.18,4.0,2.0,3.0,1.0,15.0,3.0,1.0,17.0,1.0,2.0,0.67,24.56,12.25,3685.14,0.1,64.0,0.08,204.73,300.83,1.0,2.0,4.0,14.0,0.17,21.0,43.0,12.0,14.0,18.0,0.0,17.0,1,1,0,0,0,0,0,0,0,0,0,0,0,0,1,0,1,0,0,0,0,0,0,0,0,0,0,0,1,0,0,,,kc3,traditional_file
0,record_366,record_366,.,,Unknown,0.0,1.0,0.0,0.0,0.0,0.0,1.0,0.33,0.0,0.0,1.0,1.0,1.0,1.0,0.0,3.0,0.0,1.0,1.0,5.33,1.5,12.0,0.0,4.0,0.67,0.67,8.0,1.0,0.0,0.0,2.0,0.25,1.0,3.0,1.0,3.0,4.0,0.0,3.0,1,1,0,0,0,0,0,0,0,0,0,0,0,0,1,0,1,0,0,0,0,0,0,0,0,0,0,0,1,0,0,,,kc3,traditional_file
0,record_367,record_367,.,,Unknown,0.0,1.0,2.0,0.0,0.0,0.0,1.0,0.2,0.0,0.0,1.0,1.0,3.0,1.0,0.0,5.0,0.0,1.0,1.0,26.28,4.2,463.52,0.04,27.0,0.24,25.75,110.36,1.0,0.0,0.0,4.0,0.17,12.0,15.0,10.0,7.0,6.0,0.0,5.0,1,1,0,0,0,0,0,0,0,0,0,0,0,0,1,0,1,0,0,0,0,0,0,0,0,0,0,0,1,0,0,,,kc3,traditional_file
0,record_368,record_368,.,,Unknown,0.0,4.0,3.0,1.0,0.0,0.0,3.0,0.3,0.0,0.0,2.0,0.67,10.0,1.0,0.0,9.0,0.0,2.0,0.67,16.46,7.2,853.46,0.04,29.0,0.14,47.41,118.54,0.33,0.0,0.0,9.0,0.27,6.0,23.0,5.0,12.0,11.0,10.0,10.0,1,1,0,0,0,0,0,0,0,0,0,0,0,0,1,0,1,0,0,0,0,0,0,0,0,0,0,0,1,0,0,,,kc3,traditional_file
1,record_369,record_369,.,,Unknown,9.0,11.0,13.0,0.0,9.0,8.0,8.0,0.1,4.0,2.0,5.0,0.63,43.0,1.0,0.0,79.0,2.0,7.0,0.88,123.35,19.27,45791.28,0.79,367.0,0.05,2543.96,2376.59,0.13,2.0,4.0,37.0,0.08,152.0,215.0,71.0,18.0,102.0,10.23,79.0,1,1,0,0,0,0,0,0,0,0,0,0,0,0,1,0,1,0,0,0,0,0,0,0,0,0,0,0,1,0,0,,,kc3,traditional_file
0,record_370,record_370,.,,Unknown,0.0,7.0,5.0,0.0,0.0,10.0,4.0,0.29,4.0,2.5,2.0,0.5,19.0,3.0,0.67,14.0,1.0,2.0,0.5,31.35,9.97,3114.36,0.1,65.0,0.1,173.02,312.48,0.75,3.0,5.0,17.0,0.27,23.0,42.0,15.0,13.0,15.0,0.0,14.0,1,1,0,0,0,0,0,0,0,0,0,0,0,0,1,0,1,0,0,0,0,0,0,0,0,0,0,0,1,0,0,,,kc3,traditional_file
0,record_371,record_371,.,,Unknown,0.0,1.0,1.0,0.0,1.0,0.0,1.0,0.25,0.0,0.0,1.0,1.0,2.0,1.0,0.0,4.0,0.0,1.0,1.0,6.64,6.0,239.18,0.01,12.0,0.17,13.29,39.86,1.0,0.0,0.0,3.0,0.17,3.0,9.0,2.0,8.0,6.0,20.0,4.0,1,1,0,0,0,0,0,0,0,0,0,0,0,0,1,0,1,0,0,0,0,0,0,0,0,0,0,0,1,0,0,,,kc3,traditional_file
0,record_372,record_372,.,,Unknown,8.0,9.0,13.0,0.0,1.0,16.0,5.0,0.11,8.0,2.0,5.0,1.0,68.0,1.0,0.0,44.0,0.0,5.0,1.0,72.83,29.48,63297.51,0.72,348.0,0.03,3516.53,2147.13,0.2,4.0,8.0,65.0,0.09,134.0,214.0,50.0,22.0,54.0,2.22,44.0,1,1,0,0,0,0,0,0,0,0,0,0,0,0,1,0,1,0,0,0,0,0,0,0,0,0,0,0,1,0,0,,,kc3,traditional_file
0,record_373,record_373,.,,Unknown,0.0,1.0,1.0,0.0,0.0,0.0,1.0,0.33,0.0,0.0,1.0,1.0,2.0,1.0,0.0,3.0,1.0,1.0,1.0,9.51,3.0,85.59,0.01,9.0,0.33,4.75,28.53,1.0,0.0,0.0,3.0,0.25,3.0,6.0,3.0,6.0,4.0,0.0,3.0,1,1,0,0,0,0,0,0,0,0,0,0,0,0,1,0,1,0,0,0,0,0,0,0,0,0,0,0,1,0,0,,,kc3,traditional_file
0,record_374,record_374,.,,Unknown,0.0,1.0,0.0,0.0,0.0,0.0,1.0,0.33,0.0,0.0,1.0,1.0,1.0,1.0,0.0,3.0,1.0,1.0,1.0,3.62,5.0,90.47,0.01,7.0,0.2,5.03,18.09,1.0,0.0,0.0,2.0,0.25,2.0,5.0,1.0,5.0,4.0,0.0,3.0,1,1,0,0,0,0,0,0,0,0,0,0,0,0,1,0,1,0,0,0,0,0,0,0,0,0,0,0,1,0,0,,,kc3,traditional_file
0,record_375,record_375,.,,Unknown,3.0,9.0,7.0,0.0,0.0,16.0,5.0,0.33,8.0,2.0,5.0,1.0,27.0,1.0,0.0,15.0,3.0,5.0,1.0,42.6,12.5,6656.28,0.18,103.0,0.08,369.79,532.5,0.2,4.0,8.0,24.0,0.26,35.0,68.0,21.0,15.0,19.0,0.0,15.0,1,1,0,0,0,0,0,0,0,0,0,0,0,0,1,0,1,0,0,0,0,0,0,0,0,0,0,0,1,0,0,,,kc3,traditional_file
0,record_376,record_376,.,,Unknown,1.0,7.0,9.0,0.0,0.0,12.0,4.0,0.33,6.0,2.0,4.0,1.0,24.0,1.0,0.0,12.0,3.0,4.0,1.0,44.33,7.33,2383.85,0.11,70.0,0.14,132.44,325.07,0.25,3.0,6.0,22.0,0.29,22.0,48.0,15.0,10.0,14.0,0.0,12.0,1,1,0,0,0,0,0,0,0,0,0,0,0,0,1,0,1,0,0,0,0,0,0,0,0,0,0,0,1,0,0,,,kc3,traditional_file
0,record_377,record_377,.,,Unknown,0.0,1.0,1.0,0.0,0.0,0.0,1.0,0.13,0.0,0.0,1.0,1.0,2.0,1.0,0.0,8.0,0.0,1.0,1.0,9.34,9.63,864.89,0.03,23.0,0.1,48.05,89.86,1.0,0.0,0.0,3.0,0.11,7.0,16.0,4.0,11.0,9.0,0.0,8.0,1,1,0,0,0,0,0,0,0,0,0,0,0,0,1,0,1,0,0,0,0,0,0,0,0,0,0,0,1,0,0,,,kc3,traditional_file
0,record_378,record_378,.,,Unknown,0.0,1.0,1.0,0.0,0.0,0.0,1.0,0.33,0.0,0.0,1.0,1.0,2.0,1.0,0.0,3.0,0.0,0.0,0.0,3.74,6.0,134.75,0.01,8.0,0.17,7.49,22.46,1.0,0.0,0.0,3.0,0.25,2.0,6.0,1.0,6.0,4.0,0.0,3.0,1,1,0,0,0,0,0,0,0,0,0,0,0,0,1,0,1,0,0,0,0,0,0,0,0,0,0,0,1,0,0,,,kc3,traditional_file
0,record_379,record_379,.,,Unknown,0.0,3.0,6.0,0.0,0.0,4.0,2.0,0.18,2.0,2.0,2.0,1.0,13.0,1.0,0.0,11.0,0.0,1.0,0.5,34.43,7.86,2125.46,0.09,59.0,0.13,118.08,270.51,0.5,1.0,2.0,13.0,0.17,22.0,37.0,14.0,10.0,12.0,0.0,11.0,1,1,0,0,0,0,0,0,0,0,0,0,0,0,1,0,1,0,0,0,0,0,0,0,0,0,0,0,1,0,0,,,kc3,traditional_file
0,record_380,record_380,.,,Unknown,10.0,12.0,20.0,0.0,5.0,16.0,7.0,0.15,8.0,2.0,7.0,1.0,53.0,3.0,0.33,47.0,0.0,6.0,0.86,100.52,18.02,32631.05,0.6,289.0,0.06,1812.84,1811.1,0.43,4.0,8.0,48.0,0.11,110.0,179.0,58.0,19.0,63.0,9.62,47.0,1,1,0,0,0,0,0,0,0,0,0,0,0,0,1,0,1,0,0,0,0,0,0,0,0,0,0,0,1,0,0,,,kc3,traditional_file
0,record_381,record_381,.,,Unknown,1.0,3.0,3.0,0.0,0.0,4.0,2.0,0.25,2.0,2.0,2.0,1.0,9.0,1.0,0.0,8.0,1.0,1.0,0.5,18.67,7.71,1110.86,0.05,36.0,0.13,61.71,144.0,0.5,1.0,2.0,9.0,0.2,12.0,24.0,7.0,9.0,10.0,0.0,8.0,1,1,0,0,0,0,0,0,0,0,0,0,0,0,1,0,1,0,0,0,0,0,0,0,0,0,0,0,1,0,0,,,kc3,traditional_file
0,record_382,record_382,.,,Unknown,0.0,4.0,3.0,1.0,0.0,0.0,3.0,0.3,0.0,0.0,2.0,0.67,10.0,1.0,0.0,9.0,0.0,2.0,0.67,16.46,7.2,853.46,0.04,29.0,0.14,47.41,118.54,0.33,0.0,0.0,9.0,0.27,6.0,23.0,5.0,12.0,11.0,10.0,10.0,1,1,0,0,0,0,0,0,0,0,0,0,0,0,1,0,1,0,0,0,0,0,0,0,0,0,0,0,1,0,0,,,kc3,traditional_file
0,record_383,record_383,.,,Unknown,1.0,4.0,5.0,0.0,0.0,0.0,3.0,0.16,0.0,0.0,2.0,0.67,13.0,1.0,0.0,19.0,1.0,2.0,0.67,32.14,12.08,4693.39,0.13,77.0,0.08,260.74,388.42,0.33,0.0,0.0,12.0,0.14,29.0,48.0,18.0,15.0,22.0,0.0,19.0,1,1,0,0,0,0,0,0,0,0,0,0,0,0,1,0,1,0,0,0,0,0,0,0,0,0,0,0,1,0,0,,,kc3,traditional_file
0,record_384,record_384,.,,Unknown,0.0,3.0,3.0,0.0,0.0,4.0,2.0,0.5,2.0,2.0,2.0,1.0,9.0,1.0,0.0,4.0,2.0,2.0,1.0,16.32,4.67,355.35,0.03,20.0,0.21,19.74,76.15,0.5,1.0,2.0,9.0,0.4,7.0,13.0,6.0,8.0,5.0,0.0,4.0,1,1,0,0,0,0,0,0,0,0,0,0,0,0,1,0,1,0,0,0,0,0,0,0,0,0,0,0,1,0,0,,,kc3,traditional_file
0,record_385,record_385,.,,Unknown,0.0,3.0,4.0,0.0,0.0,4.0,2.0,0.25,2.0,2.0,2.0,1.0,9.0,1.0,0.0,8.0,0.0,2.0,1.0,20.33,9.78,1943.91,0.07,46.0,0.1,107.99,198.81,0.5,1.0,2.0,9.0,0.22,16.0,30.0,9.0,11.0,9.0,0.0,8.0,1,1,0,0,0,0,0,0,0,0,0,0,0,0,1,0,1,0,0,0,0,0,0,0,0,0,0,0,1,0,0,,,kc3,traditional_file
0,record_386,record_386,.,,Unknown,0.0,1.0,2.0,0.0,0.0,0.0,1.0,0.25,0.0,0.0,1.0,1.0,3.0,1.0,0.0,4.0,0.0,1.0,1.0,12.34,3.5,151.15,0.01,13.0,0.29,8.4,43.19,1.0,0.0,0.0,4.0,0.2,3.0,10.0,3.0,7.0,5.0,0.0,4.0,1,1,0,0,0,0,0,0,0,0,0,0,0,0,1,0,1,0,0,0,0,0,0,0,0,0,0,0,1,0,0,,,kc3,traditional_file
0,record_387,record_387,.,,Unknown,1.0,4.0,4.0,0.0,0.0,0.0,3.0,0.25,0.0,0.0,2.0,0.67,11.0,1.0,0.0,12.0,0.0,2.0,0.67,23.2,9.75,2205.24,0.08,50.0,0.1,122.51,226.18,0.33,0.0,0.0,10.0,0.21,15.0,35.0,10.0,13.0,14.0,0.0,12.0,1,1,0,0,0,0,0,0,0,0,0,0,0,0,1,0,1,0,0,0,0,0,0,0,0,0,0,0,1,0,0,,,kc3,traditional_file
0,record_388,record_388,.,,Unknown,7.0,17.0,21.0,0.0,2.0,20.0,10.0,0.14,10.0,2.0,10.0,1.0,75.0,7.0,0.67,73.0,0.0,9.0,0.9,118.08,20.61,50170.62,0.81,385.0,0.05,2787.26,2433.94,0.7,5.0,10.0,67.0,0.12,142.0,243.0,62.0,18.0,84.0,2.67,73.0,1,1,0,0,0,0,0,0,0,0,0,0,0,0,1,0,1,0,0,0,0,0,0,0,0,0,0,0,1,0,0,,,kc3,traditional_file
0,record_389,record_389,.,,Unknown,0.0,1.0,3.0,0.0,0.0,0.0,1.0,0.14,0.0,0.0,1.0,1.0,4.0,1.0,0.0,7.0,2.0,1.0,1.0,26.11,6.18,997.88,0.05,38.0,0.16,55.44,161.42,1.0,0.0,0.0,5.0,0.11,17.0,21.0,11.0,8.0,9.0,0.0,7.0,1,1,0,0,0,0,0,0,0,0,0,0,0,0,1,0,1,0,0,0,0,0,0,0,0,0,0,0,1,0,0,,,kc3,traditional_file
0,record_390,record_390,.,,Unknown,0.0,5.0,4.0,0.0,0.0,8.0,3.0,0.33,4.0,2.0,3.0,1.0,16.0,1.0,0.0,9.0,1.0,1.0,0.33,32.94,6.95,1593.02,0.08,53.0,0.14,88.5,229.06,0.33,2.0,4.0,15.0,0.3,17.0,36.0,11.0,9.0,10.0,0.0,9.0,1,1,0,0,0,0,0,0,0,0,0,0,0,0,1,0,1,0,0,0,0,0,0,0,0,0,0,0,1,0,0,,,kc3,traditional_file
0,record_391,record_391,.,,Unknown,0.0,3.0,3.0,0.0,0.0,6.0,2.0,0.5,2.0,3.0,2.0,1.0,11.0,1.0,0.0,4.0,1.0,2.0,1.0,14.83,7.0,726.48,0.03,30.0,0.14,40.36,103.78,0.5,2.0,3.0,11.0,0.4,8.0,22.0,4.0,7.0,5.0,0.0,4.0,1,1,0,0,0,0,0,0,0,0,0,0,0,0,1,0,1,0,0,0,0,0,0,0,0,0,0,0,1,0,0,,,kc3,traditional_file
0,record_392,record_392,.,,Unknown,0.0,1.0,1.0,0.0,0.0,0.0,1.0,1.0,0.0,0.0,1.0,1.0,2.0,1.0,0.0,0.0,0.0,1.0,1.0,8.0,3.0,72.0,0.01,8.0,0.33,4.0,24.0,1.0,0.0,0.0,3.0,1.0,2.0,6.0,2.0,6.0,1.0,0.0,0.0,1,1,0,0,0,0,0,0,0,0,0,0,0,0,1,0,1,0,0,0,0,0,0,0,0,0,0,0,1,0,0,,,kc3,traditional_file
0,record_393,record_393,.,,Unknown,0.0,1.0,1.0,0.0,0.0,0.0,1.0,0.33,0.0,0.0,1.0,1.0,2.0,1.0,0.0,3.0,0.0,1.0,1.0,6.2,2.5,38.77,0.01,6.0,0.4,2.15,15.51,1.0,0.0,0.0,3.0,0.25,1.0,5.0,1.0,5.0,4.0,0.0,3.0,1,1,0,0,0,0,0,0,0,0,0,0,0,0,1,0,1,0,0,0,0,0,0,0,0,0,0,0,1,0,0,,,kc3,traditional_file
0,record_394,record_394,.,,Unknown,0.0,1.0,0.0,0.0,0.0,0.0,1.0,0.33,0.0,0.0,1.0,1.0,1.0,1.0,0.0,3.0,0.0,1.0,1.0,5.33,1.5,12.0,0.0,4.0,0.67,0.67,8.0,1.0,0.0,0.0,2.0,0.25,1.0,3.0,1.0,3.0,4.0,0.0,3.0,1,1,0,0,0,0,0,0,0,0,0,0,0,0,1,0,1,0,0,0,0,0,0,0,0,0,0,0,1,0,0,,,kc3,traditional_file
0,record_395,record_395,.,,Unknown,5.0,11.0,9.0,0.0,11.0,12.0,7.0,0.16,6.0,2.0,5.0,0.71,40.0,1.0,0.0,44.0,3.0,6.0,0.86,42.06,32.72,45051.12,0.46,236.0,0.03,2502.84,1376.56,0.14,3.0,6.0,35.0,0.11,90.0,146.0,33.0,24.0,62.0,20.0,44.0,1,1,0,0,0,0,0,0,0,0,0,0,0,0,1,0,1,0,0,0,0,0,0,0,0,0,0,0,1,0,0,,,kc3,traditional_file
0,record_396,record_396,.,,Unknown,0.0,1.0,0.0,0.0,0.0,0.0,1.0,0.33,0.0,0.0,1.0,1.0,1.0,1.0,0.0,3.0,0.0,1.0,1.0,5.33,1.5,12.0,0.0,4.0,0.67,0.67,8.0,1.0,0.0,0.0,2.0,0.25,1.0,3.0,1.0,3.0,4.0,0.0,3.0,1,1,0,0,0,0,0,0,0,0,0,0,0,0,1,0,1,0,0,0,0,0,0,0,0,0,0,0,1,0,0,,,kc3,traditional_file
0,record_397,record_397,.,,Unknown,0.0,3.0,2.0,0.0,0.0,4.0,2.0,0.22,2.0,2.0,2.0,1.0,9.0,1.0,0.0,9.0,2.0,2.0,1.0,18.62,14.88,4118.96,0.09,57.0,0.07,228.83,276.9,0.5,1.0,2.0,9.0,0.18,21.0,36.0,12.0,17.0,11.0,0.0,9.0,1,1,0,0,0,0,0,0,0,0,0,0,0,0,1,0,1,0,0,0,0,0,0,0,0,0,0,0,1,0,0,,,kc3,traditional_file
0,record_398,record_398,.,,Unknown,1.0,6.0,6.0,0.0,0.0,4.0,4.0,0.2,2.0,2.0,3.0,0.75,21.0,1.0,0.0,20.0,0.0,3.0,0.75,36.92,14.61,7876.2,0.18,106.0,0.07,437.57,539.27,0.25,1.0,2.0,19.0,0.17,37.0,69.0,19.0,15.0,23.0,0.0,20.0,1,1,0,0,0,0,0,0,0,0,0,0,0,0,1,0,1,0,0,0,0,0,0,0,0,0,0,0,1,0,0,,,kc3,traditional_file
0,record_399,record_399,.,,Unknown,1.0,1.0,7.0,0.0,0.0,0.0,1.0,0.07,0.0,0.0,1.0,1.0,20.0,1.0,0.0,14.0,3.0,1.0,1.0,77.63,8.22,5241.84,0.21,130.0,0.12,291.21,637.9,1.0,0.0,0.0,21.0,0.06,54.0,76.0,23.0,7.0,17.0,0.0,14.0,1,1,0,0,0,0,0,0,0,0,0,0,0,0,1,0,1,0,0,0,0,0,0,0,0,0,0,0,1,0,0,,,kc3,traditional_file
0,record_400,record_400,.,,Unknown,7.0,12.0,8.0,0.0,2.0,4.0,8.0,0.16,2.0,2.0,6.0,0.75,45.0,1.0,0.0,51.0,0.0,6.0,0.75,67.6,24.64,41048.67,0.56,282.0,0.04,2280.48,1665.74,0.13,1.0,2.0,39.0,0.13,115.0,167.0,42.0,18.0,61.0,3.77,51.0,1,1,0,0,0,0,0,0,0,0,0,0,0,0,1,0,1,0,0,0,0,0,0,0,0,0,0,0,1,0,0,,,kc3,traditional_file
0,record_401,record_401,.,,Unknown,0.0,1.0,0.0,0.0,1.0,0.0,1.0,0.33,0.0,0.0,1.0,1.0,1.0,1.0,0.0,3.0,0.0,1.0,1.0,5.33,1.5,12.0,0.0,4.0,0.67,0.67,8.0,1.0,0.0,0.0,2.0,0.2,1.0,3.0,1.0,3.0,5.0,25.0,3.0,1,1,0,0,0,0,0,0,0,0,0,0,0,0,1,0,1,0,0,0,0,0,0,0,0,0,0,0,1,0,0,,,kc3,traditional_file
0,record_402,record_402,.,,Unknown,0.0,1.0,0.0,0.0,0.0,0.0,1.0,1.0,0.0,0.0,1.0,1.0,1.0,1.0,0.0,0.0,0.0,1.0,1.0,5.33,1.5,12.0,0.0,4.0,0.67,0.67,8.0,1.0,0.0,0.0,2.0,1.0,1.0,3.0,1.0,3.0,1.0,0.0,0.0,1,1,0,0,0,0,0,0,0,0,0,0,0,0,1,0,1,0,0,0,0,0,0,0,0,0,0,0,1,0,0,,,kc3,traditional_file
0,record_403,record_403,.,,Unknown,0.0,1.0,0.0,0.0,0.0,0.0,1.0,1.0,0.0,0.0,1.0,1.0,1.0,1.0,0.0,0.0,0.0,1.0,1.0,6.2,2.5,38.77,0.01,6.0,0.4,2.15,15.51,1.0,0.0,0.0,2.0,1.0,1.0,5.0,1.0,5.0,1.0,0.0,0.0,1,1,0,0,0,0,0,0,0,0,0,0,0,0,1,0,1,0,0,0,0,0,0,0,0,0,0,0,1,0,0,,,kc3,traditional_file
0,record_404,record_404,.,,Unknown,0.0,1.0,0.0,0.0,0.0,0.0,1.0,0.25,0.0,0.0,1.0,1.0,1.0,1.0,0.0,4.0,0.0,1.0,1.0,16.84,1.5,37.9,0.01,9.0,0.67,2.11,25.27,1.0,0.0,0.0,2.0,0.2,4.0,5.0,4.0,3.0,5.0,0.0,4.0,1,1,0,0,0,0,0,0,0,0,0,0,0,0,1,0,1,0,0,0,0,0,0,0,0,0,0,0,1,0,0,,,kc3,traditional_file
0,record_405,record_405,.,,Unknown,0.0,1.0,0.0,0.0,0.0,0.0,1.0,0.5,0.0,0.0,1.0,1.0,1.0,1.0,0.0,2.0,1.0,0.0,0.0,0.0,0.0,0.0,0.0,1.0,0.0,0.0,0.0,1.0,0.0,0.0,2.0,0.33,0.0,1.0,0.0,1.0,3.0,0.0,2.0,1,1,0,0,0,0,0,0,0,0,0,0,0,0,1,0,1,0,0,0,0,0,0,0,0,0,0,0,1,0,0,,,kc3,traditional_file
0,record_406,record_406,.,,Unknown,0.0,1.0,0.0,0.0,0.0,0.0,1.0,0.33,0.0,0.0,1.0,1.0,1.0,1.0,0.0,3.0,1.0,1.0,1.0,3.62,5.0,90.47,0.01,7.0,0.2,5.03,18.09,1.0,0.0,0.0,2.0,0.25,2.0,5.0,1.0,5.0,4.0,0.0,3.0,1,1,0,0,0,0,0,0,0,0,0,0,0,0,1,0,1,0,0,0,0,0,0,0,0,0,0,0,1,0,0,,,kc3,traditional_file
0,record_407,record_407,.,,Unknown,0.0,1.0,3.0,0.0,0.0,0.0,1.0,0.2,0.0,0.0,1.0,1.0,4.0,1.0,0.0,5.0,0.0,1.0,1.0,23.9,3.0,215.1,0.02,20.0,0.33,11.95,71.7,1.0,0.0,0.0,5.0,0.17,6.0,14.0,6.0,6.0,6.0,0.0,5.0,1,1,0,0,0,0,0,0,0,0,0,0,0,0,1,0,1,0,0,0,0,0,0,0,0,0,0,0,1,0,0,,,kc3,traditional_file
0,record_408,record_408,.,,Unknown,18.0,13.0,19.0,0.0,10.0,24.0,7.0,0.12,12.0,2.0,7.0,1.0,73.0,1.0,0.0,57.0,1.0,7.0,1.0,88.41,27.8,68305.52,0.82,397.0,0.04,3794.75,2457.36,0.14,6.0,12.0,68.0,0.08,158.0,239.0,54.0,19.0,86.0,14.93,57.0,1,1,0,0,0,0,0,0,0,0,0,0,0,0,1,0,1,0,0,0,0,0,0,0,0,0,0,0,1,0,0,,,kc3,traditional_file
0,record_409,record_409,.,,Unknown,0.0,1.0,0.0,0.0,0.0,0.0,1.0,0.33,0.0,0.0,1.0,1.0,1.0,1.0,0.0,3.0,1.0,1.0,1.0,3.62,5.0,90.47,0.01,7.0,0.2,5.03,18.09,1.0,0.0,0.0,2.0,0.25,2.0,5.0,1.0,5.0,4.0,0.0,3.0,1,1,0,0,0,0,0,0,0,0,0,0,0,0,1,0,1,0,0,0,0,0,0,0,0,0,0,0,1,0,0,,,kc3,traditional_file
0,record_410,record_410,.,,Unknown,0.0,1.0,0.0,0.0,0.0,0.0,1.0,0.33,0.0,0.0,1.0,1.0,1.0,1.0,0.0,3.0,1.0,1.0,1.0,3.62,5.0,90.47,0.01,7.0,0.2,5.03,18.09,1.0,0.0,0.0,2.0,0.25,2.0,5.0,1.0,5.0,4.0,0.0,3.0,1,1,0,0,0,0,0,0,0,0,0,0,0,0,1,0,1,0,0,0,0,0,0,0,0,0,0,0,1,0,0,,,kc3,traditional_file
0,record_411,record_411,.,,Unknown,0.0,5.0,2.0,0.0,0.0,6.0,3.0,0.3,2.0,3.0,2.0,0.67,12.0,3.0,1.0,10.0,3.0,3.0,1.0,19.09,17.86,6086.79,0.11,67.0,0.06,338.15,340.86,1.0,2.0,3.0,11.0,0.25,25.0,42.0,14.0,20.0,12.0,0.0,10.0,1,1,0,0,0,0,0,0,0,0,0,0,0,0,1,0,1,0,0,0,0,0,0,0,0,0,0,0,1,0,0,,,kc3,traditional_file
0,record_412,record_412,.,,Unknown,1.0,3.0,4.0,0.0,0.0,4.0,2.0,0.22,2.0,2.0,2.0,1.0,9.0,1.0,0.0,9.0,1.0,2.0,1.0,17.15,13.0,2898.63,0.07,50.0,0.08,161.04,222.97,0.5,1.0,2.0,9.0,0.18,18.0,32.0,9.0,13.0,11.0,0.0,9.0,1,1,0,0,0,0,0,0,0,0,0,0,0,0,1,0,1,0,0,0,0,0,0,0,0,0,0,0,1,0,0,,,kc3,traditional_file
0,record_413,record_413,.,,Unknown,0.0,1.0,0.0,0.0,0.0,0.0,1.0,0.33,0.0,0.0,1.0,1.0,1.0,1.0,0.0,3.0,0.0,0.0,0.0,5.33,1.5,12.0,0.0,4.0,0.67,0.67,8.0,1.0,0.0,0.0,2.0,0.25,1.0,3.0,1.0,3.0,4.0,0.0,3.0,1,1,0,0,0,0,0,0,0,0,0,0,0,0,1,0,1,0,0,0,0,0,0,0,0,0,0,0,1,0,0,,,kc3,traditional_file
0,record_414,record_414,.,,Unknown,0.0,1.0,0.0,0.0,1.0,0.0,1.0,0.33,0.0,0.0,1.0,1.0,1.0,1.0,0.0,3.0,0.0,1.0,1.0,5.33,1.5,12.0,0.0,4.0,0.67,0.67,8.0,1.0,0.0,0.0,2.0,0.2,1.0,3.0,1.0,3.0,5.0,25.0,3.0,1,1,0,0,0,0,0,0,0,0,0,0,0,0,1,0,1,0,0,0,0,0,0,0,0,0,0,0,1,0,0,,,kc3,traditional_file
0,record_415,record_415,.,,Unknown,0.0,3.0,4.0,0.0,0.0,4.0,2.0,0.25,2.0,2.0,2.0,1.0,9.0,1.0,0.0,8.0,0.0,2.0,1.0,28.73,7.92,1800.5,0.08,51.0,0.13,100.03,227.43,0.5,1.0,2.0,9.0,0.22,19.0,32.0,12.0,10.0,9.0,0.0,8.0,1,1,0,0,0,0,0,0,0,0,0,0,0,0,1,0,1,0,0,0,0,0,0,0,0,0,0,0,1,0,0,,,kc3,traditional_file
0,record_416,record_416,.,,Unknown,1.0,3.0,5.0,0.0,1.0,4.0,2.0,0.22,2.0,2.0,2.0,1.0,12.0,1.0,0.0,9.0,0.0,2.0,1.0,25.29,11.85,3548.61,0.1,63.0,0.08,197.14,299.56,0.5,1.0,2.0,12.0,0.17,22.0,41.0,13.0,14.0,12.0,10.0,9.0,1,1,0,0,0,0,0,0,0,0,0,0,0,0,1,0,1,0,0,0,0,0,0,0,0,0,0,0,1,0,0,,,kc3,traditional_file
0,record_417,record_417,.,,Unknown,0.0,5.0,4.0,0.0,0.0,8.0,3.0,0.3,4.0,2.0,2.0,0.67,15.0,1.0,0.0,10.0,1.0,1.0,0.33,23.36,8.4,1648.21,0.07,44.0,0.12,91.57,196.21,0.33,2.0,4.0,14.0,0.25,14.0,30.0,10.0,12.0,12.0,0.0,10.0,1,1,0,0,0,0,0,0,0,0,0,0,0,0,1,0,1,0,0,0,0,0,0,0,0,0,0,0,1,0,0,,,kc3,traditional_file
0,record_418,record_418,.,,Unknown,0.0,1.0,1.0,0.0,1.0,0.0,1.0,0.33,0.0,0.0,1.0,1.0,2.0,1.0,0.0,3.0,1.0,1.0,1.0,9.6,2.5,60.0,0.01,8.0,0.4,3.33,24.0,1.0,0.0,0.0,3.0,0.2,3.0,5.0,3.0,5.0,5.0,25.0,3.0,1,1,0,0,0,0,0,0,0,0,0,0,0,0,1,0,1,0,0,0,0,0,0,0,0,0,0,0,1,0,0,,,kc3,traditional_file
0,record_419,record_419,.,,Unknown,0.0,1.0,0.0,0.0,0.0,0.0,1.0,0.33,0.0,0.0,1.0,1.0,1.0,1.0,0.0,3.0,0.0,1.0,1.0,7.86,2.5,49.13,0.01,7.0,0.4,2.73,19.65,1.0,0.0,0.0,2.0,0.25,2.0,5.0,2.0,5.0,4.0,0.0,3.0,1,1,0,0,0,0,0,0,0,0,0,0,0,0,1,0,1,0,0,0,0,0,0,0,0,0,0,0,1,0,0,,,kc3,traditional_file
0,record_420,record_420,.,,Unknown,2.0,3.0,4.0,0.0,0.0,4.0,2.0,0.22,2.0,2.0,1.0,0.5,13.0,1.0,0.0,9.0,3.0,1.0,0.5,42.03,6.19,1609.1,0.09,56.0,0.16,89.39,260.06,0.5,1.0,2.0,13.0,0.17,22.0,34.0,16.0,9.0,12.0,0.0,9.0,1,1,0,0,0,0,0,0,0,0,0,0,0,0,1,0,1,0,0,0,0,0,0,0,0,0,0,0,1,0,0,,,kc3,traditional_file
0,record_421,record_421,.,,Unknown,1.0,3.0,4.0,0.0,0.0,4.0,2.0,0.29,2.0,2.0,2.0,1.0,11.0,1.0,0.0,7.0,0.0,2.0,1.0,24.71,5.63,781.73,0.05,34.0,0.18,43.43,138.97,0.5,1.0,2.0,11.0,0.22,10.0,24.0,8.0,9.0,9.0,0.0,7.0,1,1,0,0,0,0,0,0,0,0,0,0,0,0,1,0,1,0,0,0,0,0,0,0,0,0,0,0,1,0,0,,,kc3,traditional_file
0,record_422,record_422,.,,Unknown,0.0,1.0,0.0,0.0,0.0,0.0,1.0,0.33,0.0,0.0,1.0,1.0,1.0,1.0,0.0,3.0,0.0,1.0,1.0,5.33,1.5,12.0,0.0,4.0,0.67,0.67,8.0,1.0,0.0,0.0,2.0,0.25,1.0,3.0,1.0,3.0,4.0,0.0,3.0,1,1,0,0,0,0,0,0,0,0,0,0,0,0,1,0,1,0,0,0,0,0,0,0,0,0,0,0,1,0,0,,,kc3,traditional_file
0,record_423,record_423,.,,Unknown,0.0,1.0,0.0,0.0,1.0,0.0,1.0,0.33,0.0,0.0,1.0,1.0,1.0,1.0,0.0,3.0,0.0,1.0,1.0,5.33,1.5,12.0,0.0,4.0,0.67,0.67,8.0,1.0,0.0,0.0,2.0,0.2,1.0,3.0,1.0,3.0,5.0,25.0,3.0,1,1,0,0,0,0,0,0,0,0,0,0,0,0,1,0,1,0,0,0,0,0,0,0,0,0,0,0,1,0,0,,,kc3,traditional_file
0,record_424,record_424,.,,Unknown,0.0,1.0,2.0,0.0,0.0,0.0,1.0,0.33,0.0,0.0,1.0,1.0,3.0,1.0,0.0,3.0,1.0,1.0,1.0,11.39,4.67,248.04,0.02,16.0,0.21,13.78,53.15,1.0,0.0,0.0,4.0,0.25,4.0,12.0,3.0,7.0,4.0,0.0,3.0,1,1,0,0,0,0,0,0,0,0,0,0,0,0,1,0,1,0,0,0,0,0,0,0,0,0,0,0,1,0,0,,,kc3,traditional_file
0,record_425,record_425,.,,Unknown,5.0,11.0,9.0,0.0,14.0,14.0,6.0,0.33,4.0,3.5,6.0,1.0,28.0,5.0,0.8,18.0,1.0,5.0,0.83,42.78,14.62,9144.94,0.21,116.0,0.07,508.05,625.51,0.83,5.0,8.0,24.0,0.15,43.0,73.0,25.0,17.0,39.0,43.75,18.0,1,1,0,0,0,0,0,0,0,0,0,0,0,0,1,0,1,0,0,0,0,0,0,0,0,0,0,0,1,0,0,,,kc3,traditional_file
0,record_426,record_426,.,,Unknown,0.0,1.0,0.0,0.0,0.0,0.0,1.0,1.0,0.0,0.0,1.0,1.0,1.0,1.0,0.0,0.0,0.0,0.0,0.0,0.0,0.0,0.0,0.0,1.0,0.0,0.0,0.0,1.0,0.0,0.0,2.0,1.0,0.0,1.0,0.0,1.0,1.0,0.0,0.0,1,1,0,0,0,0,0,0,0,0,0,0,0,0,1,0,1,0,0,0,0,0,0,0,0,0,0,0,1,0,0,,,kc3,traditional_file
0,record_427,record_427,.,,Unknown,2.0,6.0,4.0,0.0,0.0,4.0,4.0,0.31,2.0,2.0,3.0,0.75,15.0,3.0,0.67,13.0,1.0,3.0,0.75,28.67,7.0,1404.72,0.07,45.0,0.14,78.04,200.67,0.75,1.0,2.0,13.0,0.24,14.0,31.0,11.0,11.0,17.0,0.0,13.0,1,1,0,0,0,0,0,0,0,0,0,0,0,0,1,0,1,0,0,0,0,0,0,0,0,0,0,0,1,0,0,,,kc3,traditional_file
1,record_428,record_428,.,,Unknown,5.0,8.0,8.0,0.0,2.0,8.0,5.0,0.22,4.0,2.0,5.0,1.0,28.0,1.0,0.0,23.0,0.0,5.0,1.0,55.49,8.48,3988.71,0.16,91.0,0.12,221.59,470.46,0.2,2.0,4.0,25.0,0.16,30.0,61.0,23.0,13.0,31.0,8.0,23.0,1,1,0,0,0,0,0,0,0,0,0,0,0,0,1,0,1,0,0,0,0,0,0,0,0,0,0,0,1,0,0,,,kc3,traditional_file
0,record_429,record_429,.,,Unknown,3.0,10.0,7.0,0.0,2.0,12.0,6.0,0.26,6.0,2.0,6.0,1.0,31.0,1.0,0.0,23.0,0.0,6.0,1.0,38.97,10.97,4689.17,0.14,88.0,0.09,260.51,427.5,0.17,3.0,6.0,27.0,0.21,27.0,61.0,16.0,13.0,29.0,8.0,23.0,1,1,0,0,0,0,0,0,0,0,0,0,0,0,1,0,1,0,0,0,0,0,0,0,0,0,0,0,1,0,0,,,kc3,traditional_file
1,record_430,record_430,.,,Unknown,0.0,5.0,8.0,1.0,1.0,6.0,3.0,0.18,2.0,3.0,3.0,1.0,19.0,3.0,1.0,16.0,1.0,3.0,1.0,27.98,18.0,9065.86,0.17,99.0,0.06,503.66,503.66,1.0,2.0,3.0,18.0,0.16,32.0,67.0,16.0,18.0,19.0,11.11,17.0,1,1,0,0,0,0,0,0,0,0,0,0,0,0,1,0,1,0,0,0,0,0,0,0,0,0,0,0,1,0,0,,,kc3,traditional_file
0,record_431,record_431,.,,Unknown,0.0,5.0,6.0,0.0,0.0,8.0,3.0,0.14,4.0,2.0,3.0,1.0,18.0,1.0,0.0,22.0,1.0,2.0,0.67,35.04,12.63,5590.85,0.15,87.0,0.08,310.6,442.61,0.33,2.0,4.0,17.0,0.13,32.0,55.0,19.0,15.0,23.0,0.0,22.0,1,1,0,0,0,0,0,0,0,0,0,0,0,0,1,0,1,0,0,0,0,0,0,0,0,0,0,0,1,0,0,,,kc3,traditional_file
1,record_432,record_432,.,,Unknown,10.0,4.0,10.0,0.0,1.0,0.0,3.0,0.09,0.0,0.0,3.0,1.0,27.0,1.0,0.0,34.0,0.0,3.0,1.0,76.45,17.93,24569.36,0.46,236.0,0.06,1364.96,1370.54,0.33,0.0,0.0,26.0,0.06,98.0,138.0,41.0,15.0,47.0,2.86,34.0,1,1,0,0,0,0,0,0,0,0,0,0,0,0,1,0,1,0,0,0,0,0,0,0,0,0,0,0,1,0,0,,,kc3,traditional_file
0,record_433,record_433,.,,Unknown,2.0,11.0,10.0,0.0,1.0,12.0,7.0,0.2,6.0,2.0,6.0,0.86,38.0,1.0,0.0,35.0,0.0,5.0,0.71,55.65,17.14,16352.99,0.32,165.0,0.06,908.5,953.92,0.14,3.0,6.0,33.0,0.18,60.0,105.0,35.0,20.0,39.0,2.78,35.0,1,1,0,0,0,0,0,0,0,0,0,0,0,0,1,0,1,0,0,0,0,0,0,0,0,0,0,0,1,0,0,,,kc3,traditional_file
0,record_434,record_434,.,,Unknown,0.0,1.0,1.0,0.0,0.0,0.0,1.0,1.0,0.0,0.0,1.0,1.0,2.0,1.0,0.0,0.0,0.0,1.0,1.0,7.86,2.5,49.13,0.01,7.0,0.4,2.73,19.65,1.0,0.0,0.0,3.0,1.0,2.0,5.0,2.0,5.0,1.0,0.0,0.0,1,1,0,0,0,0,0,0,0,0,0,0,0,0,1,0,1,0,0,0,0,0,0,0,0,0,0,0,1,0,0,,,kc3,traditional_file
0,record_435,record_435,.,,Unknown,0.0,1.0,0.0,0.0,0.0,0.0,1.0,0.33,0.0,0.0,1.0,1.0,1.0,1.0,0.0,3.0,1.0,1.0,1.0,3.62,5.0,90.47,0.01,7.0,0.2,5.03,18.09,1.0,0.0,0.0,2.0,0.25,2.0,5.0,1.0,5.0,4.0,0.0,3.0,1,1,0,0,0,0,0,0,0,0,0,0,0,0,1,0,1,0,0,0,0,0,0,0,0,0,0,0,1,0,0,,,kc3,traditional_file
0,record_436,record_436,.,,Unknown,0.0,1.0,2.0,0.0,0.0,0.0,1.0,0.33,0.0,0.0,1.0,1.0,3.0,1.0,0.0,3.0,1.0,1.0,1.0,14.4,3.0,129.56,0.01,13.0,0.33,7.2,43.19,1.0,0.0,0.0,4.0,0.25,4.0,9.0,4.0,6.0,4.0,0.0,3.0,1,1,0,0,0,0,0,0,0,0,0,0,0,0,1,0,1,0,0,0,0,0,0,0,0,0,0,0,1,0,0,,,kc3,traditional_file
0,record_437,record_437,.,,Unknown,28.0,59.0,46.0,1.0,38.0,42.0,36.0,0.15,20.0,2.1,34.0,0.94,233.0,20.0,0.54,241.0,0.0,33.0,0.92,238.08,40.75,395438.84,3.23,1287.0,0.02,21968.82,9702.9,0.56,11.0,21.0,199.0,0.12,480.0,807.0,159.0,27.0,310.0,13.93,242.0,1,1,0,0,0,0,0,0,0,0,0,0,0,0,1,0,1,0,0,0,0,0,0,0,0,0,0,0,1,0,0,,,kc3,traditional_file
0,record_438,record_438,.,,Unknown,1.0,6.0,11.0,0.0,0.0,4.0,4.0,0.2,2.0,2.0,3.0,0.75,25.0,1.0,0.0,20.0,1.0,3.0,0.75,48.84,14.22,9878.21,0.23,128.0,0.07,548.79,694.56,0.25,1.0,2.0,23.0,0.18,48.0,80.0,27.0,16.0,22.0,0.0,20.0,1,1,0,0,0,0,0,0,0,0,0,0,0,0,1,0,1,0,0,0,0,0,0,0,0,0,0,0,1,0,0,,,kc3,traditional_file
0,record_439,record_439,.,,Unknown,0.0,1.0,1.0,0.0,0.0,0.0,1.0,0.33,0.0,0.0,1.0,1.0,2.0,1.0,0.0,3.0,1.0,1.0,1.0,9.6,2.5,60.0,0.01,8.0,0.4,3.33,24.0,1.0,0.0,0.0,3.0,0.2,3.0,5.0,3.0,5.0,5.0,0.0,3.0,1,1,0,0,0,0,0,0,0,0,0,0,0,0,1,0,1,0,0,0,0,0,0,0,0,0,0,0,1,0,0,,,kc3,traditional_file
1,record_440,record_440,.,,Unknown,10.0,13.0,17.0,2.0,6.0,12.0,8.0,0.19,6.0,2.0,6.0,0.75,47.0,5.0,0.57,41.0,1.0,6.0,0.75,99.17,12.98,16702.0,0.43,217.0,0.08,927.89,1286.97,0.63,3.0,6.0,41.0,0.13,73.0,144.0,45.0,16.0,60.0,16.32,43.0,1,1,0,0,0,0,0,0,0,0,0,0,0,0,1,0,1,0,0,0,0,0,0,0,0,0,0,0,1,0,0,,,kc3,traditional_file
0,record_441,record_441,.,,Unknown,1.0,1.0,2.0,0.0,0.0,0.0,1.0,0.2,0.0,0.0,1.0,1.0,3.0,1.0,0.0,5.0,1.0,1.0,1.0,12.14,6.4,497.34,0.03,21.0,0.16,27.63,77.71,1.0,0.0,0.0,4.0,0.14,8.0,13.0,5.0,8.0,7.0,0.0,5.0,1,1,0,0,0,0,0,0,0,0,0,0,0,0,1,0,1,0,0,0,0,0,0,0,0,0,0,0,1,0,0,,,kc3,traditional_file
0,record_442,record_442,.,,Unknown,0.0,1.0,0.0,0.0,0.0,0.0,1.0,0.33,0.0,0.0,1.0,1.0,1.0,1.0,0.0,3.0,0.0,1.0,1.0,5.33,1.5,12.0,0.0,4.0,0.67,0.67,8.0,1.0,0.0,0.0,2.0,0.25,1.0,3.0,1.0,3.0,4.0,0.0,3.0,1,1,0,0,0,0,0,0,0,0,0,0,0,0,1,0,1,0,0,0,0,0,0,0,0,0,0,0,1,0,0,,,kc3,traditional_file
1,record_443,record_443,.,,Unknown,9.0,23.0,13.0,0.0,2.0,20.0,14.0,0.18,10.0,2.0,13.0,0.93,80.0,1.0,0.0,79.0,0.0,12.0,0.86,115.54,19.78,45226.86,0.76,367.0,0.05,2512.6,2285.98,0.07,5.0,10.0,68.0,0.15,135.0,232.0,58.0,17.0,91.0,2.47,79.0,1,1,0,0,0,0,0,0,0,0,0,0,0,0,1,0,1,0,0,0,0,0,0,0,0,0,0,0,1,0,0,,,kc3,traditional_file
0,record_444,record_444,.,,Unknown,0.0,3.0,4.0,0.0,0.0,4.0,2.0,0.25,2.0,2.0,2.0,1.0,9.0,1.0,0.0,8.0,0.0,2.0,1.0,20.33,9.78,1943.91,0.07,46.0,0.1,107.99,198.81,0.5,1.0,2.0,9.0,0.22,16.0,30.0,9.0,11.0,9.0,0.0,8.0,1,1,0,0,0,0,0,0,0,0,0,0,0,0,1,0,1,0,0,0,0,0,0,0,0,0,0,0,1,0,0,,,kc3,traditional_file
0,record_445,record_445,.,,Unknown,0.0,1.0,0.0,0.0,0.0,0.0,1.0,0.33,0.0,0.0,1.0,1.0,1.0,1.0,0.0,3.0,1.0,1.0,1.0,3.62,5.0,90.47,0.01,7.0,0.2,5.03,18.09,1.0,0.0,0.0,2.0,0.25,2.0,5.0,1.0,5.0,4.0,0.0,3.0,1,1,0,0,0,0,0,0,0,0,0,0,0,0,1,0,1,0,0,0,0,0,0,0,0,0,0,0,1,0,0,,,kc3,traditional_file
0,record_446,record_446,.,,Unknown,0.0,4.0,3.0,1.0,0.0,0.0,3.0,0.3,0.0,0.0,2.0,0.67,10.0,1.0,0.0,9.0,0.0,2.0,0.67,16.46,7.2,853.46,0.04,29.0,0.14,47.41,118.54,0.33,0.0,0.0,9.0,0.27,6.0,23.0,5.0,12.0,11.0,10.0,10.0,1,1,0,0,0,0,0,0,0,0,0,0,0,0,1,0,1,0,0,0,0,0,0,0,0,0,0,0,1,0,0,,,kc3,traditional_file
0,record_447,record_447,.,,Unknown,4.0,10.0,9.0,0.0,1.0,12.0,6.0,0.22,6.0,2.0,6.0,1.0,37.0,4.0,0.6,27.0,0.0,5.0,0.83,61.09,13.24,10710.87,0.27,152.0,0.08,595.05,808.93,0.67,3.0,6.0,33.0,0.18,55.0,97.0,27.0,13.0,33.0,3.57,27.0,1,1,0,0,0,0,0,0,0,0,0,0,0,0,1,0,1,0,0,0,0,0,0,0,0,0,0,0,1,0,0,,,kc3,traditional_file
0,record_448,record_448,.,,Unknown,0.0,1.0,0.0,0.0,0.0,0.0,1.0,0.33,0.0,0.0,1.0,1.0,1.0,1.0,0.0,3.0,0.0,1.0,1.0,5.33,1.5,12.0,0.0,4.0,0.67,0.67,8.0,1.0,0.0,0.0,2.0,0.25,1.0,3.0,1.0,3.0,4.0,0.0,3.0,1,1,0,0,0,0,0,0,0,0,0,0,0,0,1,0,1,0,0,0,0,0,0,0,0,0,0,0,1,0,0,,,kc3,traditional_file
0,record_449,record_449,.,,Unknown,1.0,3.0,4.0,0.0,0.0,4.0,2.0,0.22,2.0,2.0,2.0,1.0,9.0,1.0,0.0,9.0,1.0,2.0,1.0,16.47,13.0,2782.69,0.07,48.0,0.08,154.59,214.05,0.5,1.0,2.0,9.0,0.18,18.0,30.0,9.0,13.0,11.0,0.0,9.0,1,1,0,0,0,0,0,0,0,0,0,0,0,0,1,0,1,0,0,0,0,0,0,0,0,0,0,0,1,0,0,,,kc3,traditional_file
0,record_450,record_450,.,,Unknown,2.0,3.0,2.0,0.0,0.0,4.0,2.0,0.22,2.0,2.0,2.0,1.0,7.0,1.0,0.0,9.0,0.0,2.0,1.0,15.96,9.75,1517.0,0.05,36.0,0.1,84.28,155.59,0.5,1.0,2.0,7.0,0.17,13.0,23.0,8.0,12.0,12.0,0.0,9.0,1,1,0,0,0,0,0,0,0,0,0,0,0,0,1,0,1,0,0,0,0,0,0,0,0,0,0,0,1,0,0,,,kc3,traditional_file
1,record_451,record_451,.,,Unknown,12.0,24.0,16.0,0.0,6.0,38.0,13.0,0.22,18.0,2.11,12.0,0.92,77.0,7.0,0.5,59.0,3.0,10.0,0.77,65.25,34.2,76313.12,0.74,351.0,0.03,4239.62,2231.5,0.54,10.0,19.0,66.0,0.16,125.0,226.0,53.0,29.0,79.0,9.23,59.0,1,1,0,0,0,0,0,0,0,0,0,0,0,0,1,0,1,0,0,0,0,0,0,0,0,0,0,0,1,0,0,,,kc3,traditional_file
0,record_452,record_452,.,,Unknown,0.0,1.0,2.0,0.0,0.0,0.0,1.0,0.17,0.0,0.0,1.0,1.0,3.0,1.0,0.0,6.0,0.0,1.0,1.0,17.84,6.19,682.86,0.04,27.0,0.16,37.94,110.36,1.0,0.0,0.0,4.0,0.14,11.0,16.0,8.0,9.0,7.0,0.0,6.0,1,1,0,0,0,0,0,0,0,0,0,0,0,0,1,0,1,0,0,0,0,0,0,0,0,0,0,0,1,0,0,,,kc3,traditional_file
0,record_453,record_453,.,,Unknown,1.0,8.0,5.0,0.0,0.0,8.0,5.0,0.21,4.0,2.0,4.0,0.8,22.0,1.0,0.0,24.0,1.0,4.0,0.8,43.9,12.52,6882.97,0.18,104.0,0.08,382.39,549.68,0.2,2.0,4.0,19.0,0.19,36.0,68.0,23.0,16.0,26.0,0.0,24.0,1,1,0,0,0,0,0,0,0,0,0,0,0,0,1,0,1,0,0,0,0,0,0,0,0,0,0,0,1,0,0,,,kc3,traditional_file
0,record_454,record_454,.,,Unknown,2.0,1.0,7.0,0.0,1.0,0.0,1.0,0.09,0.0,0.0,1.0,1.0,9.0,1.0,0.0,11.0,1.0,1.0,1.0,54.09,8.25,3681.54,0.15,87.0,0.12,204.53,446.25,1.0,0.0,0.0,10.0,0.06,36.0,51.0,24.0,11.0,16.0,8.33,11.0,1,1,0,0,0,0,0,0,0,0,0,0,0,0,1,0,1,0,0,0,0,0,0,0,0,0,0,0,1,0,0,,,kc3,traditional_file
0,record_455,record_455,.,,Unknown,7.0,12.0,16.0,1.0,0.0,16.0,7.0,0.19,8.0,2.0,6.0,0.86,47.0,1.0,0.0,35.0,0.0,6.0,0.86,67.77,18.76,23842.81,0.42,217.0,0.05,1324.6,1271.18,0.14,4.0,8.0,42.0,0.16,77.0,140.0,39.0,19.0,44.0,2.78,36.0,1,1,0,0,0,0,0,0,0,0,0,0,0,0,1,0,1,0,0,0,0,0,0,0,0,0,0,0,1,0,0,,,kc3,traditional_file
0,record_456,record_456,.,,Unknown,1.0,1.0,3.0,0.0,0.0,0.0,1.0,0.25,0.0,0.0,1.0,1.0,4.0,1.0,0.0,4.0,1.0,1.0,1.0,26.18,4.28,479.11,0.04,28.0,0.23,26.62,112.0,1.0,0.0,0.0,5.0,0.17,11.0,17.0,9.0,7.0,6.0,0.0,4.0,1,1,0,0,0,0,0,0,0,0,0,0,0,0,1,0,1,0,0,0,0,0,0,0,0,0,0,0,1,0,0,,,kc3,traditional_file
0,record_457,record_457,.,,Unknown,22.0,43.0,20.0,3.0,11.0,38.0,26.0,0.2,18.0,2.11,18.0,0.69,132.0,15.0,0.56,128.0,0.0,19.0,0.73,109.63,42.03,193686.35,1.54,666.0,0.02,10760.35,4607.96,0.58,10.0,19.0,108.0,0.16,255.0,411.0,91.0,30.0,166.0,9.86,131.0,1,1,0,0,0,0,0,0,0,0,0,0,0,0,1,0,1,0,0,0,0,0,0,0,0,0,0,0,1,0,0,,,kc3,traditional_file
